Development,Address,City/State/ZIP,Interruption,Planned,Report Date,Report Time,Restoration Time,Buildings,Units,Residents
1010 EAST 178TH STREET - Entire Development,1010 EAST 178TH STREET,"BRONX, NY 10460",Hot Water,Unplanned,10/29/24,06:45 AM,10/29/24 09:57 PM,1,220,0
1010 EAST 178TH STREET - Entire Development,1010 EAST 178TH STREET,"BRONX, NY 10460",Hot Water,Unplanned,03/23/25,04:10 PM,03/23/25 11:33 PM,1,220,0
1010 EAST 178TH STREET - Entire Development,1010 EAST 178TH STREET,"BRONX, NY 10460",Heat,Unplanned,03/23/25,04:10 PM,03/23/25 11:30 PM,1,220,0
1010 EAST 178TH STREET - Entire Development,1010 EAST 178TH STREET,"BRONX, NY 10460",Hot Water,Unplanned,03/02/25,05:37 PM,03/02/25 10:17 PM,1,220,0
1010 EAST 178TH STREET - Entire Development,1010 EAST 178TH STREET,"BRONX, NY 10460",Heat,Unplanned,03/02/25,05:37 PM,03/02/25 10:15 PM,1,220,0
1010 EAST 178TH STREET - Entire Development,1010 EAST 178TH STREET,"BRONX, NY 10460",Hot Water,Unplanned,03/01/25,07:21 AM,03/01/25 02:24 PM,1,220,0
1162-1176 WASHINGTON AVENUE - Building 01,1162 WASHINGTON AVENUE,"BRONX, NY 10456",Heat,Planned,02/13/25,10:00 AM,02/13/25 07:42 PM,1,66,121
1162-1176 WASHINGTON AVENUE - Entire Development,1162 WASHINGTON AVENUE,"BRONX, NY 10456",Heat,Planned,02/07/25,10:00 AM,02/07/25 06:36 PM,1,66,121
1162-1176 WASHINGTON AVENUE - Entire Development,1162 WASHINGTON AVENUE,"BRONX, NY 10456",Heat,Unplanned,01/24/25,04:36 PM,01/24/25 11:13 PM,1,66,121
1162-1176 WASHINGTON AVENUE - Entire Development,1162 WASHINGTON AVENUE,"BRONX, NY 10456",Heat,Unplanned,01/04/25,08:12 AM,01/05/25 02:54 AM,1,66,121
131 SAINT NICHOLAS AVENUE - Entire Development,131 SAINT NICHOLAS AVENUE,"NEW YORK, NY 10026",Heat,Unplanned,03/02/25,11:26 PM,03/03/25 06:02 AM,1,100,124
1471 WATSON AVENUE - Entire Development,1471 WATSON AVENUE,"BRONX, NY 10472",Hot Water,Unplanned,02/02/25,07:00 PM,02/03/25 02:25 AM,1,96,122
303 VERNON AVENUE - Entire Development,303 VERNON AVENUE,"BROOKLYN, NY 11206",Hot Water,Unplanned,04/26/25,08:28 AM,04/26/25 12:51 PM,1,234,472
303 VERNON AVENUE - Entire Development,303 VERNON AVENUE,"BROOKLYN, NY 11206",Hot Water,Unplanned,04/19/25,11:22 AM,04/19/25 07:55 PM,1,234,472
303 VERNON AVENUE - Entire Development,303 VERNON AVENUE,"BROOKLYN, NY 11206",Hot Water,Unplanned,03/01/25,08:05 AM,03/01/25 03:08 PM,1,234,472
303 VERNON AVENUE - Entire Development,303 VERNON AVENUE,"BROOKLYN, NY 11206",Hot Water,Unplanned,01/27/25,05:01 AM,01/27/25 11:09 AM,1,234,472
303 VERNON AVENUE - Entire Development,303 VERNON AVENUE,"BROOKLYN, NY 11206",Heat,Unplanned,01/27/25,05:01 AM,01/27/25 11:06 AM,1,234,472
303 VERNON AVENUE - Building 01,303 VERNON AVENUE,"BROOKLYN, NY 11206",Hot Water,Unplanned,01/22/25,12:00 AM,01/22/25 07:23 AM,1,234,472
303 VERNON AVENUE - Building 01,303 VERNON AVENUE,"BROOKLYN, NY 11206",Heat,Unplanned,01/22/25,12:00 AM,01/22/25 05:20 AM,1,234,472
303 VERNON AVENUE - Entire Development,303 VERNON AVENUE,"BROOKLYN, NY 11206",Hot Water,Unplanned,01/21/25,10:06 AM,01/21/25 07:53 PM,1,234,472
303 VERNON AVENUE - Entire Development,303 VERNON AVENUE,"BROOKLYN, NY 11206",Hot Water,Unplanned,01/20/25,10:42 AM,01/20/25 10:18 PM,1,234,472
303 VERNON AVENUE - Entire Development,303 VERNON AVENUE,"BROOKLYN, NY 11206",Hot Water,Unplanned,01/19/25,07:00 AM,01/19/25 11:18 PM,1,234,472
303 VERNON AVENUE - Entire Development,303 VERNON AVENUE,"BROOKLYN, NY 11206",Hot Water,Unplanned,01/14/25,03:00 PM,01/14/25 10:00 PM,1,234,472
830 AMSTERDAM AVENUE - Building 01,830 AMSTERDAM AVENUE,"NEW YORK, NY 10025",Heat,Unplanned,12/23/24,12:00 PM,12/23/24 06:52 PM,1,159,321
830 AMSTERDAM AVENUE - Entire Development,830 AMSTERDAM AVENUE,"NEW YORK, NY 10025",Hot Water,Unplanned,01/17/25,10:00 AM,01/17/25 04:08 PM,1,159,321
830 AMSTERDAM AVENUE - Entire Development,830 AMSTERDAM AVENUE,"NEW YORK, NY 10025",Heat,Unplanned,01/17/25,10:00 AM,01/17/25 04:08 PM,1,159,321
ADAMS - Entire Development,745 EAST 152ND STREET,"BRONX, NY 10455",Heat,Unplanned,12/20/24,07:04 PM,12/21/24 12:42 AM,7,925,"1,920"
ADAMS - Entire Development,745 EAST 152ND STREET,"BRONX, NY 10455",Hot Water,Unplanned,12/20/24,07:04 PM,12/21/24 12:36 AM,7,925,"1,920"
ADAMS - Entire Development,745 EAST 152ND STREET,"BRONX, NY 10455",Hot Water,Planned,10/29/24,10:01 AM,10/29/24 07:56 PM,7,925,"1,920"
ADAMS - Entire Development,745 EAST 152ND STREET,"BRONX, NY 10455",Hot Water,Planned,10/02/24,09:30 AM,10/02/24 11:31 AM,7,925,"1,920"
ADAMS - Entire Development,745 EAST 152ND STREET,"BRONX, NY 10455",Hot Water,Planned,04/15/25,09:03 AM,04/15/25 03:12 PM,7,925,"1,920"
ADAMS - Building 07,815 EAST 152ND STREET,"BRONX, NY 10455",Hot Water,Planned,03/13/25,09:20 AM,03/13/25 02:00 PM,1,143,345
ADAMS - Building 02,700 WESTCHESTER AVENUE,"BRONX, NY 10455",Hot Water,Planned,03/12/25,12:30 PM,03/12/25 04:14 PM,1,124,239
ADAMS - Building 01,735 EAST 152ND STREET,"BRONX, NY 10455",Hot Water,Planned,03/12/25,10:15 AM,03/12/25 01:32 PM,1,122,226
ADAMS - Building 03,720 WESTCHESTER AVENUE,"BRONX, NY 10455",Hot Water,Planned,03/11/25,09:00 AM,03/11/25 02:18 PM,1,126,249
ADAMS - Entire Development,745 EAST 152ND STREET,"BRONX, NY 10455",Heat,Planned,03/05/25,09:00 AM,03/05/25 04:29 PM,7,925,"1,920"
ADAMS - Entire Development,745 EAST 152ND STREET,"BRONX, NY 10455",Hot Water,Planned,03/05/25,09:00 AM,03/05/25 04:25 PM,7,925,"1,920"
ALBANY - Entire Development,180 TROY AVENUE,"BROOKLYN, NY 11213",Hot Water,Unplanned,10/20/24,07:45 AM,10/20/24 03:14 PM,6,829,"1,580"
ALBANY - Entire Development,180 TROY AVENUE,"BROOKLYN, NY 11213",Hot Water,Unplanned,04/15/25,06:00 AM,04/15/25 11:26 AM,6,829,"1,580"
ALBANY II - Entire Development,1400 BERGEN STREET,"BROOKLYN, NY 11213",Hot Water,Unplanned,10/20/24,07:45 AM,10/20/24 03:30 PM,3,400,810
ALBANY II - Entire Development,1400 BERGEN STREET,"BROOKLYN, NY 11213",Hot Water,Unplanned,04/15/25,06:00 AM,04/15/25 11:25 AM,3,400,810
AMSTERDAM - Entire Development,40 AMSTERDAM AVENUE,"NEW YORK, NY 10023",Heat,Unplanned,12/24/24,08:21 AM,12/24/24 12:17 PM,13,"1,084","2,015"
AMSTERDAM - Entire Development,40 AMSTERDAM AVENUE,"NEW YORK, NY 10023",Hot Water,Unplanned,12/24/24,08:21 AM,12/24/24 12:15 PM,13,"1,084","2,015"
AMSTERDAM - Building 01,40 AMSTERDAM AVENUE,"NEW YORK, NY 10023",Hot Water,Unplanned,12/22/24,01:08 PM,12/22/24 09:19 PM,1,182,341
AMSTERDAM - Building 03,80 AMSTERDAM AVENUE,"NEW YORK, NY 10023",Hot Water,Unplanned,12/22/24,01:50 PM,12/22/24 09:18 PM,1,180,354
AMSTERDAM - Building 13,249 WEST 62ND STREET,"NEW YORK, NY 10023",Hot Water,Unplanned,10/16/24,09:00 AM,10/16/24 07:11 PM,1,60,101
AMSTERDAM - Building 11,249 WEST 61ST STREET,"NEW YORK, NY 10023",Hot Water,Unplanned,10/11/24,03:00 PM,10/11/24 07:53 PM,1,60,98
AMSTERDAM - Building 11,249 WEST 61ST STREET,"NEW YORK, NY 10023",Hot Water,Planned,10/10/24,09:15 AM,10/10/24 03:07 PM,1,60,98
AMSTERDAM - Building 13,249 WEST 62ND STREET,"NEW YORK, NY 10023",Hot Water,Planned,10/10/24,09:15 AM,10/10/24 03:05 PM,1,60,101
AMSTERDAM - Building 12,247 WEST 61ST DRIVE,"NEW YORK, NY 10023",Hot Water,Planned,10/10/24,09:12 AM,10/10/24 03:04 PM,1,60,110
AMSTERDAM - Building 11,249 WEST 61ST STREET,"NEW YORK, NY 10023",Hot Water,Planned,10/08/24,09:01 AM,10/08/24 03:54 PM,1,60,98
AMSTERDAM - Building 12,247 WEST 61ST DRIVE,"NEW YORK, NY 10023",Hot Water,Planned,10/08/24,09:01 AM,10/08/24 03:01 PM,1,60,110
AMSTERDAM - Building 13,249 WEST 62ND STREET,"NEW YORK, NY 10023",Hot Water,Planned,10/08/24,09:01 AM,10/08/24 02:27 PM,1,60,101
AMSTERDAM - Entire Development,40 AMSTERDAM AVENUE,"NEW YORK, NY 10023",Heat,Unplanned,03/01/25,09:00 PM,03/02/25 02:57 AM,13,"1,084","2,015"
AMSTERDAM - Entire Development,40 AMSTERDAM AVENUE,"NEW YORK, NY 10023",Hot Water,Unplanned,03/01/25,09:00 PM,03/02/25 02:51 AM,13,"1,084","2,015"
AMSTERDAM - Entire Development,40 AMSTERDAM AVENUE,"NEW YORK, NY 10023",Hot Water,Unplanned,01/23/25,11:30 AM,01/23/25 05:05 PM,13,"1,084","2,015"
AMSTERDAM - Entire Development,40 AMSTERDAM AVENUE,"NEW YORK, NY 10023",Heat,Unplanned,01/23/25,11:30 AM,01/23/25 05:04 PM,13,"1,084","2,015"
AMSTERDAM - Building 06,210 WEST 64TH STREET,"NEW YORK, NY 10023",Hot Water,Unplanned,01/22/25,10:15 AM,01/22/25 04:26 PM,1,90,159
AMSTERDAM ADDITION - Entire Development,240 WEST 65TH STREET,"MANHATTAN, NY 10023",Heat,Planned,11/30/24,10:21 PM,12/17/24 01:21 PM,1,175,312
AMSTERDAM ADDITION - Entire Development,240 WEST 65TH STREET,"MANHATTAN, NY 10023",Hot Water,Planned,12/01/24,08:00 AM,12/01/24 06:44 PM,1,175,312
AMSTERDAM ADDITION - Entire Development,240 WEST 65TH STREET,"MANHATTAN, NY 10023",Hot Water,Planned,11/03/24,10:40 AM,11/03/24 12:14 PM,1,175,312
AMSTERDAM ADDITION - Entire Development,240 WEST 65TH STREET,"MANHATTAN, NY 10023",Heat,Planned,11/03/24,12:00 AM,11/03/24 12:13 PM,1,175,312
AMSTERDAM ADDITION - Building 01,240 WEST 65TH STREET,"NEW YORK, NY 10023",Hot Water,Planned,03/06/25,09:13 AM,03/06/25 02:25 PM,1,175,312
AMSTERDAM ADDITION - Entire Development,240 WEST 65TH STREET,"MANHATTAN, NY 10023",Hot Water,Unplanned,01/09/25,03:15 PM,01/09/25 09:50 PM,1,175,312
ASTORIA - Building 06,3-20 27TH AVENUE,"ASTORIA, NY 11102",Hot Water,Planned,12/05/24,10:30 AM,12/05/24 08:22 PM,1,56,156
ASTORIA - Building 03,27-10 8TH STREET,"ASTORIA, NY 11102",Hot Water,Unplanned,11/29/24,11:30 AM,11/29/24 05:54 PM,1,48,138
ASTORIA - Entire Development,4-21 ASTORIA BOULEVARD,"ASTORIA, NY 11102",Hot Water,Planned,05/08/25,09:30 AM,05/08/25 07:13 PM,23,"1,104","2,546"
ASTORIA - Building 13,4-24 ASTORIA BOULEVARD,"ASTORIA, NY 11102",Hot Water,Planned,04/09/25,09:00 AM,04/09/25 06:06 PM,1,48,96
ASTORIA - Building 17,3-10 ASTORIA BOULEVARD,"ASTORIA, NY 11102",Hot Water,Planned,04/09/25,09:00 AM,04/09/25 04:57 PM,1,48,98
ASTORIA - Building 16,3-06 ASTORIA BOULEVARD,"ASTORIA, NY 11102",Hot Water,Planned,04/09/25,09:00 AM,04/09/25 04:40 PM,1,48,117
ASTORIA - Building 15,3-02 ASTORIA BOULEVARD,"ASTORIA, NY 11102",Hot Water,Planned,04/09/25,09:00 AM,04/09/25 03:47 PM,1,48,106
ASTORIA - Building 20,2-04 ASTORIA BOULEVARD,"ASTORIA, NY 11102",Hot Water,Planned,04/09/25,09:00 AM,04/09/25 03:19 PM,1,48,107
ASTORIA - Building 18,2-10 ASTORIA BOULEVARD,"ASTORIA, NY 11102",Hot Water,Planned,03/18/25,09:00 AM,03/18/25 03:16 PM,1,48,103
ASTORIA - Building 22,1-10 ASTORIA BOULEVARD,"ASTORIA, NY 11102",Hot Water,Planned,03/18/25,09:00 AM,03/18/25 03:09 PM,1,48,88
ASTORIA - Building 21,1-20 ASTORIA BOULEVARD,"ASTORIA, NY 11102",Hot Water,Planned,03/18/25,09:00 AM,03/18/25 03:08 PM,1,48,105
ASTORIA - Building 11,27-25 1ST STREET,"ASTORIA, NY 11102",Hot Water,Planned,03/13/25,09:00 AM,03/13/25 05:56 PM,1,56,116
ASTORIA - Building 10,27-05 1ST STREET,"ASTORIA, NY 11102",Hot Water,Planned,03/13/25,09:00 AM,03/13/25 05:10 PM,1,56,99
ASTORIA - Building 12,1-05 ASTORIA BOULEVARD,"ASTORIA, NY 11102",Hot Water,Planned,03/13/25,09:00 AM,03/13/25 04:35 PM,1,56,129
ASTORIA - Building 09,1-25 ASTORIA BOULEVARD,"ASTORIA, NY 11102",Hot Water,Planned,03/13/25,09:00 AM,03/13/25 04:34 PM,1,56,160
ASTORIA - Building 08,2-10 27TH AVENUE,"ASTORIA, NY 11102",Hot Water,Planned,03/12/25,09:00 AM,03/12/25 07:50 PM,1,56,146
ASTORIA - Building 07,3-04 27TH AVENUE,"ASTORIA, NY 11102",Hot Water,Planned,03/12/25,09:00 AM,03/12/25 04:00 PM,1,48,116
ASTORIA - Building 23,1-04 ASTORIA BOULEVARD,"ASTORIA, NY 11102",Hot Water,Planned,03/12/25,09:00 AM,03/12/25 03:40 PM,1,48,104
ASTORIA - Building 06,3-20 27TH AVENUE,"ASTORIA, NY 11102",Hot Water,Planned,03/12/25,09:00 AM,03/12/25 03:15 PM,1,56,156
ASTORIA - Building 10,27-05 1ST STREET,"ASTORIA, NY 11102",Hot Water,Unplanned,03/09/25,08:19 PM,03/10/25 07:33 AM,1,56,99
ASTORIA - Building 01,4-21 ASTORIA BOULEVARD,"ASTORIA, NY 11102",Hot Water,Planned,03/06/25,09:00 AM,03/06/25 04:01 PM,1,48,100
ASTORIA - Building 04,4-10 27TH AVENUE,"ASTORIA, NY 11102",Hot Water,Planned,03/06/25,09:00 AM,03/06/25 03:57 PM,1,48,108
ASTORIA - Building 02,28-02 8TH STREET,"ASTORIA, NY 11102",Hot Water,Planned,03/06/25,09:00 AM,03/06/25 03:35 PM,1,48,115
ASTORIA - Building 05,4-03 ASTORIA BOULEVARD,"ASTORIA, NY 11102",Hot Water,Planned,03/06/25,09:00 AM,03/06/25 03:23 PM,1,48,145
ASTORIA - Building 10,27-05 1ST STREET,"ASTORIA, NY 11102",Hot Water,Planned,01/15/25,09:15 AM,01/15/25 09:24 PM,1,56,99
ATLANTIC TERMINAL SITE 4B - Entire Development,487 CARLTON AVENUE,"BROOKLYN, NY 11238",Heat,Unplanned,12/28/24,12:21 PM,12/28/24 09:28 PM,1,300,462
ATLANTIC TERMINAL SITE 4B - Entire Development,487 CARLTON AVENUE,"BROOKLYN, NY 11238",Hot Water,Unplanned,12/28/24,12:30 PM,12/28/24 09:24 PM,1,300,462
ATLANTIC TERMINAL SITE 4B - Entire Development,487 CARLTON AVENUE,"BROOKLYN, NY 11238",Hot Water,Unplanned,11/25/24,05:00 PM,11/25/24 09:49 PM,1,300,462
ATLANTIC TERMINAL SITE 4B - Entire Development,487 CARLTON AVENUE,"BROOKLYN, NY 11238",Heat,Unplanned,11/25/24,02:00 PM,11/25/24 08:29 PM,1,300,462
ATLANTIC TERMINAL SITE 4B - Entire Development,487 CARLTON AVENUE,"BROOKLYN, NY 11238",Hot Water,Unplanned,11/11/24,04:27 PM,11/11/24 10:49 PM,1,300,462
ATLANTIC TERMINAL SITE 4B - Building 01,487 CARLTON AVENUE,"BROOKLYN, NY 11238",Heat,Unplanned,04/08/25,10:00 AM,04/08/25 05:22 PM,1,300,462
ATLANTIC TERMINAL SITE 4B - Entire Development,487 CARLTON AVENUE,"BROOKLYN, NY 11238",Hot Water,Unplanned,03/06/25,06:00 PM,03/07/25 02:39 AM,1,300,462
ATLANTIC TERMINAL SITE 4B - Entire Development,487 CARLTON AVENUE,"BROOKLYN, NY 11238",Hot Water,Planned,02/20/25,10:15 AM,02/20/25 03:31 PM,1,300,462
BAILEY AVENUE-WEST 193RD STREET - Entire Development,2663 HEATH AVENUE,"BRONX, NY 10463",Hot Water,Unplanned,05/21/25,02:08 PM,05/21/25 10:51 PM,1,233,0
BAILEY AVENUE-WEST 193RD STREET - Entire Development,2663 HEATH AVENUE,"BRONX, NY 10463",Hot Water,Unplanned,04/21/25,06:11 PM,04/21/25 09:57 PM,1,233,0
BAILEY AVENUE-WEST 193RD STREET - Entire Development,2663 HEATH AVENUE,"BRONX, NY 10463",Hot Water,Unplanned,01/29/25,04:12 PM,01/29/25 10:31 PM,1,233,0
BAILEY AVENUE-WEST 193RD STREET - Entire Development,2663 HEATH AVENUE,"BRONX, NY 10463",Heat,Unplanned,01/29/25,04:12 PM,01/29/25 10:23 PM,1,233,0
BAISLEY PARK - Entire Development,164-01 FOCH BOULEVARD,"JAMAICA, NY 11434",Hot Water,Unplanned,03/09/25,10:46 AM,03/09/25 04:54 PM,6,386,866
BAISLEY PARK - Entire Development,164-01 FOCH BOULEVARD,"JAMAICA, NY 11434",Heat,Unplanned,03/09/25,10:46 AM,03/09/25 04:18 PM,6,386,866
BARUCH - Building 17,140 COLUMBIA STREET,"NEW YORK, NY 10002",Heat,Unplanned,12/26/24,12:00 PM,12/26/24 07:58 PM,1,134,271
BARUCH - Entire Development,605 FDR DRIVE,"NEW YORK, NY 10002",Heat,Unplanned,12/22/24,12:09 PM,12/22/24 10:05 PM,18,"2,194","4,199"
BARUCH - Entire Development,605 FDR DRIVE,"NEW YORK, NY 10002",Hot Water,Unplanned,12/22/24,12:00 PM,12/22/24 09:56 PM,18,"2,194","4,199"
BARUCH - Entire Development,605 FDR DRIVE,"NEW YORK, NY 10002",Hot Water,Planned,12/19/24,02:00 PM,12/19/24 08:55 PM,18,"2,194","4,199"
BARUCH - Entire Development,605 FDR DRIVE,"NEW YORK, NY 10002",Heat,Planned,12/19/24,02:00 PM,12/19/24 08:45 PM,18,"2,194","4,199"
BARUCH,Sectional,,Hot Water,Planned,11/04/24,09:30 AM,11/05/24 07:03 AM,,,
BARUCH - Building 09,120 BARUCH DRIVE,"NEW YORK, NY 10002",Hot Water,Planned,10/24/24,08:50 AM,10/24/24 06:28 PM,1,134,247
BARUCH - Building 08,90 BARUCH DRIVE,"NEW YORK, NY 10002",Hot Water,Unplanned,10/21/24,04:48 PM,10/21/24 09:10 PM,1,134,255
BARUCH - Building 01,605 FDR DRIVE,"NEW YORK, NY 10002",Hot Water,Planned,05/16/25,09:25 AM,05/16/25 03:37 PM,1,70,130
BARUCH - Building 02,577 FDR DRIVE,"NEW YORK, NY 10002",Hot Water,Planned,05/15/25,10:00 AM,05/15/25 03:39 PM,1,134,274
BARUCH - Building 03,555 FDR DRIVE,"NEW YORK, NY 10002",Hot Water,Planned,05/13/25,12:00 PM,05/13/25 03:43 PM,1,134,254
BARUCH - Building 16,120 COLUMBIA STREET,"NEW YORK, NY 10002",Hot Water,Planned,04/08/25,03:40 PM,04/08/25 05:55 PM,1,132,246
BARUCH - Building 01,605 FDR DRIVE,"NEW YORK, NY 10002",Heat,Planned,04/03/25,09:00 AM,04/03/25 12:06 PM,1,70,130
BARUCH - Building 01,605 FDR DRIVE,"NEW YORK, NY 10002",Hot Water,Planned,04/03/25,09:15 AM,04/03/25 05:46 PM,1,70,130
BARUCH - Building 01,605 FDR DRIVE,"NEW YORK, NY 10002",Hot Water,Planned,03/25/25,09:40 AM,03/25/25 04:12 PM,1,70,130
BARUCH - Building 01,605 FDR DRIVE,"NEW YORK, NY 10002",Heat,Planned,03/25/25,09:40 AM,03/25/25 02:06 PM,1,70,130
BARUCH,Sectional,,Hot Water,Planned,03/21/25,09:00 AM,03/21/25 03:53 PM,,,
BARUCH,Sectional,,Heat,Planned,03/21/25,09:05 AM,03/21/25 03:52 PM,,,
BARUCH - Building 08,90 BARUCH DRIVE,"NEW YORK, NY 10002",Heat,Planned,03/06/25,08:00 AM,03/06/25 11:58 AM,1,134,255
BARUCH,Sectional,,Heat,Planned,03/04/25,09:30 AM,03/04/25 05:25 PM,,,
BARUCH,Sectional,,Hot Water,Planned,03/04/25,09:30 AM,03/04/25 05:25 PM,,,
BARUCH - Building 08,90 BARUCH DRIVE,"NEW YORK, NY 10002",Hot Water,Unplanned,02/25/25,08:06 AM,02/25/25 05:28 PM,1,134,255
BARUCH - Building 07,72 BARUCH DRIVE,"NEW YORK, NY 10002",Heat,Unplanned,02/14/25,09:00 AM,02/14/25 02:41 PM,1,132,240
BARUCH - Building 07,72 BARUCH DRIVE,"NEW YORK, NY 10002",Hot Water,Unplanned,02/14/25,09:00 AM,02/14/25 02:40 PM,1,132,240
BARUCH,Sectional,,Heat,Planned,02/14/25,09:30 AM,02/14/25 02:37 PM,,,
BARUCH,Sectional,,Hot Water,Planned,02/14/25,09:36 AM,02/14/25 02:36 PM,,,
BARUCH - Building 06,308 DELANCEY STREET,"NEW YORK, NY 10002",Heat,Unplanned,01/28/25,11:30 AM,01/28/25 06:33 PM,1,134,286
BARUCH - Building 06,308 DELANCEY STREET,"NEW YORK, NY 10002",Hot Water,Unplanned,01/28/25,11:30 AM,01/28/25 06:29 PM,1,134,286
BARUCH HOUSES ADDITION - Building 18,72 COLUMBIA STREET,"NEW YORK, NY 10002",Hot Water,Unplanned,12/26/24,11:00 AM,12/26/24 10:10 PM,1,197,228
BARUCH HOUSES ADDITION - Entire Development,72 COLUMBIA STREET,"NEW YORK, NY 10002",Hot Water,Unplanned,12/22/24,12:09 PM,12/22/24 11:28 PM,1,197,228
BARUCH HOUSES ADDITION - Entire Development,72 COLUMBIA STREET,"NEW YORK, NY 10002",Heat,Unplanned,12/22/24,12:09 PM,12/22/24 10:11 PM,1,197,228
BARUCH HOUSES ADDITION - Entire Development,72 COLUMBIA STREET,"NEW YORK, NY 10002",Hot Water,Planned,12/19/24,02:00 PM,12/19/24 07:56 PM,1,197,228
BARUCH HOUSES ADDITION - Entire Development,72 COLUMBIA STREET,"NEW YORK, NY 10002",Heat,Planned,12/19/24,02:00 PM,12/19/24 07:54 PM,1,197,228
BARUCH HOUSES ADDITION - Building 18,72 COLUMBIA STREET,"NEW YORK, NY 10002",Hot Water,Planned,11/04/24,09:30 AM,11/05/24 06:49 AM,1,197,228
BARUCH HOUSES ADDITION - Building 18,72 COLUMBIA STREET,"NEW YORK, NY 10002",Heat,Planned,03/21/25,09:05 AM,03/21/25 03:53 PM,1,197,228
BARUCH HOUSES ADDITION - Building 18,72 COLUMBIA STREET,"NEW YORK, NY 10002",Hot Water,Planned,03/21/25,09:05 AM,03/21/25 03:25 PM,1,197,228
BARUCH HOUSES ADDITION - Building 18,72 COLUMBIA STREET,"NEW YORK, NY 10002",Hot Water,Planned,03/04/25,09:30 AM,03/04/25 05:29 PM,1,197,228
BARUCH HOUSES ADDITION - Building 18,72 COLUMBIA STREET,"NEW YORK, NY 10002",Heat,Planned,03/04/25,09:30 AM,03/04/25 05:29 PM,1,197,228
BARUCH HOUSES ADDITION - Entire Development,72 COLUMBIA STREET,"NEW YORK, NY 10002",Heat,Planned,02/14/25,09:34 AM,02/14/25 02:37 PM,1,197,228
BARUCH HOUSES ADDITION - Entire Development,72 COLUMBIA STREET,"NEW YORK, NY 10002",Hot Water,Planned,02/14/25,09:38 AM,02/14/25 02:35 PM,1,197,228
BAY VIEW - Entire Development,2045 ROCKAWAY PARKWAY,"BROOKLYN, NY 11236",Hot Water,Unplanned,12/30/24,10:20 AM,12/30/24 02:30 PM,25,"1,610","2,991"
BAY VIEW - Entire Development,2045 ROCKAWAY PARKWAY,"BROOKLYN, NY 11236",Heat,Unplanned,12/26/24,02:14 PM,12/26/24 08:57 PM,25,"1,610","2,991"
BAY VIEW - Entire Development,2045 ROCKAWAY PARKWAY,"BROOKLYN, NY 11236",Hot Water,Unplanned,12/26/24,02:14 PM,12/26/24 08:52 PM,25,"1,610","2,991"
BAY VIEW - Entire Development,2045 ROCKAWAY PARKWAY,"BROOKLYN, NY 11236",Hot Water,Unplanned,12/22/24,06:12 PM,12/23/24 02:46 AM,25,"1,610","2,991"
BAY VIEW - Entire Development,2045 ROCKAWAY PARKWAY,"BROOKLYN, NY 11236",Heat,Unplanned,12/22/24,06:12 PM,12/23/24 02:09 AM,25,"1,610","2,991"
BAY VIEW - Entire Development,2045 ROCKAWAY PARKWAY,"BROOKLYN, NY 11236",Hot Water,Planned,11/20/24,09:00 AM,11/20/24 07:16 PM,25,"1,610","2,991"
BAY VIEW - Entire Development,2045 ROCKAWAY PARKWAY,"BROOKLYN, NY 11236",Hot Water,Unplanned,01/31/25,11:00 AM,01/31/25 03:39 PM,25,"1,610","2,991"
BAY VIEW - Entire Development,2045 ROCKAWAY PARKWAY,"BROOKLYN, NY 11236",Heat,Unplanned,01/31/25,11:00 AM,01/31/25 03:39 PM,25,"1,610","2,991"
BAY VIEW - Entire Development,2045 ROCKAWAY PARKWAY,"BROOKLYN, NY 11236",Hot Water,Unplanned,01/27/25,03:02 PM,01/27/25 10:28 PM,25,"1,610","2,991"
BAY VIEW - Entire Development,2045 ROCKAWAY PARKWAY,"BROOKLYN, NY 11236",Heat,Unplanned,01/27/25,03:02 PM,01/27/25 10:24 PM,25,"1,610","2,991"
BAY VIEW - Entire Development,2045 ROCKAWAY PARKWAY,"BROOKLYN, NY 11236",Heat,Unplanned,01/18/25,08:15 AM,01/18/25 06:48 PM,25,"1,610","2,991"
BAY VIEW - Entire Development,2045 ROCKAWAY PARKWAY,"BROOKLYN, NY 11236",Hot Water,Unplanned,01/18/25,08:15 AM,01/18/25 06:43 PM,25,"1,610","2,991"
BAY VIEW - Entire Development,2045 ROCKAWAY PARKWAY,"BROOKLYN, NY 11236",Hot Water,Planned,01/13/25,01:30 PM,01/13/25 08:04 PM,25,"1,610","2,991"
BAY VIEW - Entire Development,2045 ROCKAWAY PARKWAY,"BROOKLYN, NY 11236",Heat,Planned,01/13/25,01:30 PM,01/13/25 06:22 PM,25,"1,610","2,991"
BAY VIEW - Entire Development,2045 ROCKAWAY PARKWAY,"BROOKLYN, NY 11236",Hot Water,Unplanned,01/10/25,01:49 PM,01/10/25 06:26 PM,25,"1,610","2,991"
BAY VIEW - Entire Development,2045 ROCKAWAY PARKWAY,"BROOKLYN, NY 11236",Heat,Unplanned,01/10/25,01:49 PM,01/10/25 06:07 PM,25,"1,610","2,991"
BAY VIEW - Entire Development,2045 ROCKAWAY PARKWAY,"BROOKLYN, NY 11236",Heat,Unplanned,01/08/25,08:36 PM,01/09/25 12:12 AM,25,"1,610","2,991"
BEACH 41ST STREET-BEACH CHANNEL DRIVE - Building 04,456 BEACH 40TH STREET,"FAR ROCKAWAY, NY 11691",Hot Water,Unplanned,10/11/24,07:00 AM,10/11/24 06:59 PM,1,119,235
BEACH 41ST STREET-BEACH CHANNEL DRIVE - Entire Development,40-20 BEACH CHANNEL DRIVE,"FAR ROCKAWAY, NY 11691",Hot Water,Unplanned,05/28/25,10:31 PM,05/29/25 04:26 AM,5,712,"1,406"
BEACH 41ST STREET-BEACH CHANNEL DRIVE - Building 01,40-20 BEACH CHANNEL DRIVE,"FAR ROCKAWAY, NY 11691",Hot Water,Planned,05/15/25,03:30 PM,05/15/25 04:56 PM,1,234,434
BEACH 41ST STREET-BEACH CHANNEL DRIVE - Entire Development,40-20 BEACH CHANNEL DRIVE,"FAR ROCKAWAY, NY 11691",Hot Water,Unplanned,03/29/25,06:43 PM,03/29/25 11:06 PM,5,712,"1,406"
BEACH 41ST STREET-BEACH CHANNEL DRIVE - Entire Development,40-20 BEACH CHANNEL DRIVE,"FAR ROCKAWAY, NY 11691",Heat,Unplanned,03/29/25,06:43 PM,03/29/25 11:02 PM,5,712,"1,406"
BEACH 41ST STREET-BEACH CHANNEL DRIVE - Building 01,40-20 BEACH CHANNEL DRIVE,"FAR ROCKAWAY, NY 11691",Hot Water,Unplanned,03/26/25,04:07 PM,03/26/25 11:18 PM,1,234,434
BEACH 41ST STREET-BEACH CHANNEL DRIVE - Building 03,438 BEACH 40TH STREET,"FAR ROCKAWAY, NY 11691",Hot Water,Unplanned,03/11/25,09:00 AM,03/11/25 05:44 PM,1,240,503
BEACH 41ST STREET-BEACH CHANNEL DRIVE - Building 03,438 BEACH 40TH STREET,"FAR ROCKAWAY, NY 11691",Hot Water,Unplanned,03/05/25,09:00 AM,03/05/25 04:38 PM,1,240,503
BEACH 41ST STREET-BEACH CHANNEL DRIVE - Building 03,438 BEACH 40TH STREET,"FAR ROCKAWAY, NY 11691",Heat,Unplanned,03/05/25,09:00 AM,03/05/25 04:38 PM,1,240,503
BEACH 41ST STREET-BEACH CHANNEL DRIVE - Entire Development,40-20 BEACH CHANNEL DRIVE,"FAR ROCKAWAY, NY 11691",Hot Water,Planned,03/04/25,10:00 AM,03/04/25 06:57 PM,5,712,"1,406"
BEACH 41ST STREET-BEACH CHANNEL DRIVE - Entire Development,40-20 BEACH CHANNEL DRIVE,"FAR ROCKAWAY, NY 11691",Heat,Planned,03/04/25,10:00 AM,03/04/25 06:46 PM,5,712,"1,406"
BEACH 41ST STREET-BEACH CHANNEL DRIVE - Entire Development,40-20 BEACH CHANNEL DRIVE,"FAR ROCKAWAY, NY 11691",Hot Water,Planned,02/28/25,09:45 AM,02/28/25 04:51 PM,5,712,"1,406"
BEACH 41ST STREET-BEACH CHANNEL DRIVE - Entire Development,40-20 BEACH CHANNEL DRIVE,"FAR ROCKAWAY, NY 11691",Heat,Planned,02/28/25,09:45 AM,02/28/25 04:48 PM,5,712,"1,406"
BEACH 41ST STREET-BEACH CHANNEL DRIVE - Entire Development,40-20 BEACH CHANNEL DRIVE,"FAR ROCKAWAY, NY 11691",Hot Water,Planned,02/27/25,09:00 AM,02/27/25 06:16 PM,5,712,"1,406"
BEACH 41ST STREET-BEACH CHANNEL DRIVE - Entire Development,40-20 BEACH CHANNEL DRIVE,"FAR ROCKAWAY, NY 11691",Heat,Planned,02/27/25,09:00 AM,02/27/25 06:16 PM,5,712,"1,406"
BEACH 41ST STREET-BEACH CHANNEL DRIVE - Entire Development,40-20 BEACH CHANNEL DRIVE,"FAR ROCKAWAY, NY 11691",Hot Water,Unplanned,02/26/25,03:52 PM,02/26/25 07:31 PM,5,712,"1,406"
BEACH 41ST STREET-BEACH CHANNEL DRIVE - Entire Development,40-20 BEACH CHANNEL DRIVE,"FAR ROCKAWAY, NY 11691",Heat,Unplanned,02/13/25,10:00 AM,02/13/25 04:23 PM,5,712,"1,406"
BEACH 41ST STREET-BEACH CHANNEL DRIVE - Entire Development,40-20 BEACH CHANNEL DRIVE,"FAR ROCKAWAY, NY 11691",Hot Water,Unplanned,02/13/25,10:00 AM,02/13/25 02:57 PM,5,712,"1,406"
BERRY - Entire Development,1754 RICHMOND ROAD,"STATEN ISLAND, NY 10306",Hot Water,Planned,05/12/25,08:50 AM,05/12/25 05:04 PM,9,506,856
BERRY - Building 07,45 SEAVER AVENUE,"STATEN ISLAND, NY 10306",Heat,Unplanned,02/20/25,03:58 PM,02/20/25 11:26 PM,1,60,110
BLAND - Building 03,133-20 ROOSEVELT AVENUE,"FLUSHING, NY 11354",Hot Water,Unplanned,12/24/24,09:30 AM,12/24/24 01:56 PM,1,80,145
BLAND - Building 02,40-05 COLLEGE POINT BOULEVARD,"FLUSHING, NY 11354",Hot Water,Planned,04/08/25,09:13 AM,04/08/25 03:56 PM,1,80,138
BLAND - Building 01,40-25 COLLEGE POINT BOULEVARD,"FLUSHING, NY 11354",Hot Water,Planned,04/08/25,09:00 AM,04/08/25 03:55 PM,1,80,133
BORINQUEN PLAZA I - Building 01,30 MANHATTAN AVENUE,"BROOKLYN, NY 11206",Hot Water,Unplanned,04/07/25,10:02 AM,04/07/25 08:53 PM,1,51,150
BORINQUEN PLAZA I - Entire Development,30 MANHATTAN AVENUE,"BROOKLYN, NY 11206",Hot Water,Unplanned,03/18/25,06:00 AM,03/18/25 09:06 PM,10,509,"1,007"
BORINQUEN PLAZA I - Building 04,70 SEIGEL STREET,"BROOKLYN, NY 11206",Hot Water,Planned,03/12/25,09:00 AM,03/12/25 08:53 PM,1,72,79
BORINQUEN PLAZA I - Building 03,50 MANHATTAN AVENUE,"BROOKLYN, NY 11206",Hot Water,Planned,03/11/25,09:00 AM,03/11/25 06:40 PM,1,65,161
BORINQUEN PLAZA I - Building 01,30 MANHATTAN AVENUE,"BROOKLYN, NY 11206",Hot Water,Planned,03/11/25,09:00 AM,03/11/25 06:34 PM,1,51,150
BORINQUEN PLAZA I - Building 03,50 MANHATTAN AVENUE,"BROOKLYN, NY 11206",Hot Water,Unplanned,01/27/25,07:33 AM,01/27/25 09:11 PM,1,65,161
BORINQUEN PLAZA II - Building 09,110 HUMBOLDT STREET,"BROOKLYN, NY 11206",Hot Water,Planned,05/28/25,09:00 AM,05/28/25 05:26 PM,1,51,125
BORINQUEN PLAZA II - Building 11,155 SEIGEL STREET,"BROOKLYN, NY 11206",Hot Water,Planned,04/03/25,09:00 AM,04/03/25 06:50 PM,1,65,141
BORINQUEN PLAZA II - Building 10,130 HUMBOLDT STREET,"BROOKLYN, NY 11206",Hot Water,Planned,04/01/25,09:00 AM,04/01/25 07:11 PM,1,49,156
BORINQUEN PLAZA II - Building 12,124 HUMBOLDT STREET,"BROOKLYN, NY 11206",Hot Water,Planned,04/01/25,09:00 AM,04/01/25 06:04 PM,1,65,113
BORINQUEN PLAZA II - Building 15,300 BUSHWICK AVENUE,"BROOKLYN, NY 11206",Hot Water,Planned,03/25/25,09:00 AM,03/25/25 05:43 PM,1,65,135
BORINQUEN PLAZA II - Building 14,330 BUSHWICK AVENUE,"BROOKLYN, NY 11206",Hot Water,Unplanned,03/18/25,04:18 PM,03/18/25 10:02 PM,1,65,143
BORINQUEN PLAZA II - Building 14,330 BUSHWICK AVENUE,"BROOKLYN, NY 11206",Hot Water,Unplanned,03/17/25,09:30 PM,03/18/25 06:40 AM,1,65,143
BORINQUEN PLAZA II - Building 15,300 BUSHWICK AVENUE,"BROOKLYN, NY 11206",Hot Water,Unplanned,02/22/25,06:10 PM,02/23/25 09:26 PM,1,65,135
BORINQUEN PLAZA II - Building 15,300 BUSHWICK AVENUE,"BROOKLYN, NY 11206",Heat,Unplanned,02/22/25,06:10 PM,02/22/25 11:30 PM,1,65,135
BORINQUEN PLAZA II - Building 13,120 HUMBOLDT STREET,"BROOKLYN, NY 11206",Heat,Unplanned,02/18/25,05:35 PM,02/19/25 12:46 AM,1,65,131
BORINQUEN PLAZA II - Building 14,330 BUSHWICK AVENUE,"BROOKLYN, NY 11206",Heat,Unplanned,02/18/25,05:35 PM,02/19/25 12:40 AM,1,65,143
BORINQUEN PLAZA II - Building 14,330 BUSHWICK AVENUE,"BROOKLYN, NY 11206",Hot Water,Unplanned,02/18/25,05:35 PM,02/19/25 12:33 AM,1,65,143
BORINQUEN PLAZA II - Building 13,120 HUMBOLDT STREET,"BROOKLYN, NY 11206",Hot Water,Unplanned,02/18/25,05:35 PM,02/19/25 12:27 AM,1,65,131
BORINQUEN PLAZA II - Building 13,120 HUMBOLDT STREET,"BROOKLYN, NY 11206",Hot Water,Unplanned,02/17/25,02:15 PM,02/17/25 07:41 PM,1,65,131
BORINQUEN PLAZA II - Building 13,120 HUMBOLDT STREET,"BROOKLYN, NY 11206",Heat,Unplanned,02/17/25,02:15 PM,02/17/25 07:14 PM,1,65,131
BORINQUEN PLAZA II - Building 15,300 BUSHWICK AVENUE,"BROOKLYN, NY 11206",Heat,Unplanned,02/17/25,10:32 AM,02/17/25 03:57 PM,1,65,135
BORINQUEN PLAZA II - Building 14,330 BUSHWICK AVENUE,"BROOKLYN, NY 11206",Hot Water,Unplanned,02/16/25,11:27 AM,02/16/25 06:59 PM,1,65,143
BORINQUEN PLAZA II - Building 14,330 BUSHWICK AVENUE,"BROOKLYN, NY 11206",Heat,Unplanned,02/16/25,11:27 AM,02/16/25 06:57 PM,1,65,143
BORINQUEN PLAZA II - Building 14,330 BUSHWICK AVENUE,"BROOKLYN, NY 11206",Hot Water,Unplanned,02/13/25,05:53 PM,02/14/25 12:43 AM,1,65,143
BORINQUEN PLAZA II - Building 14,330 BUSHWICK AVENUE,"BROOKLYN, NY 11206",Heat,Unplanned,02/13/25,05:53 PM,02/14/25 12:23 AM,1,65,143
BORINQUEN PLAZA II - Building 10,130 HUMBOLDT STREET,"BROOKLYN, NY 11206",Hot Water,Unplanned,02/05/25,04:44 PM,02/06/25 03:46 AM,1,49,156
BORINQUEN PLAZA II - Building 10,130 HUMBOLDT STREET,"BROOKLYN, NY 11206",Hot Water,Unplanned,02/04/25,12:00 PM,02/04/25 08:06 PM,1,49,156
BORINQUEN PLAZA II - Building 10,130 HUMBOLDT STREET,"BROOKLYN, NY 11206",Heat,Unplanned,02/04/25,12:00 PM,02/04/25 07:57 PM,1,49,156
BORINQUEN PLAZA II - Building 10,130 HUMBOLDT STREET,"BROOKLYN, NY 11206",Hot Water,Unplanned,01/30/25,12:23 PM,01/30/25 11:18 PM,1,49,156
BORINQUEN PLAZA II - Building 15,300 BUSHWICK AVENUE,"BROOKLYN, NY 11206",Hot Water,Unplanned,01/20/25,12:06 PM,01/20/25 08:44 PM,1,65,135
BORINQUEN PLAZA II - Building 15,300 BUSHWICK AVENUE,"BROOKLYN, NY 11206",Heat,Unplanned,01/20/25,12:06 PM,01/20/25 08:30 PM,1,65,135
BORINQUEN PLAZA II - Building 13,120 HUMBOLDT STREET,"BROOKLYN, NY 11206",Hot Water,Unplanned,01/15/25,08:30 AM,01/15/25 03:56 PM,1,65,131
BORINQUEN PLAZA II - Building 13,120 HUMBOLDT STREET,"BROOKLYN, NY 11206",Heat,Unplanned,01/15/25,08:30 AM,01/15/25 03:49 PM,1,65,131
BORINQUEN PLAZA II - Building 13,120 HUMBOLDT STREET,"BROOKLYN, NY 11206",Hot Water,Unplanned,01/06/25,05:58 PM,01/06/25 11:03 PM,1,65,131
BOYNTON AVENUE REHAB - Building 03,1057 BOYNTON AVENUE,"BRONX, NY 10472",Hot Water,Unplanned,02/18/25,04:58 PM,02/18/25 11:25 PM,1,60,112
BRACETTI PLAZA - Entire Development,251 EAST 3RD STREET,"NEW YORK, NY 10009",Hot Water,Unplanned,12/05/24,12:20 PM,12/05/24 11:24 PM,1,108,224
BRACETTI PLAZA - Entire Development,251 EAST 3RD STREET,"NEW YORK, NY 10009",Hot Water,Unplanned,04/17/25,06:49 PM,04/18/25 04:28 PM,1,108,224
BREUKELEN - Building 02,764 EAST 105TH STREET,"BROOKLYN, NY 11236",Hot Water,Unplanned,12/03/24,03:00 PM,12/03/24 10:10 PM,1,45,96
BREUKELEN - Building 12,717 EAST 108TH STREET,"BROOKLYN, NY 11236",Hot Water,Unplanned,10/28/24,05:30 PM,10/28/24 10:07 PM,1,45,89
BREUKELEN - Building 28,523 EAST 108TH STREET,"BROOKLYN, NY 11236",Hot Water,Unplanned,10/28/24,02:30 PM,10/28/24 08:37 PM,1,70,139
BREUKELEN - Building 26,902 WILLIAMS AVENUE,"BROOKLYN, NY 11207",Hot Water,Unplanned,10/23/24,03:30 PM,10/23/24 08:20 PM,1,42,84
BREUKELEN - Building 10,106-02 GLENWOOD ROAD,"BROOKLYN, NY 11236",Hot Water,Unplanned,10/14/24,02:45 PM,10/14/24 09:22 PM,1,45,90
BREUKELEN - Building 02,764 EAST 105TH STREET,"BROOKLYN, NY 11236",Hot Water,Unplanned,05/21/25,11:00 AM,05/21/25 05:07 PM,1,45,96
BREUKELEN - Building 13,994 WILLIAMS AVENUE,"BROOKLYN, NY 11207",Hot Water,Unplanned,04/14/25,02:00 PM,04/14/25 07:11 PM,1,45,74
BREUKELEN,Sectional,,Hot Water,Planned,04/07/25,12:00 PM,04/07/25 08:04 PM,,,
BREUKELEN,Sectional,,Heat,Planned,04/07/25,12:00 PM,04/07/25 07:18 PM,,,
BREUKELEN - Building 29,270 STANLEY AVENUE,"BROOKLYN, NY 11207",Hot Water,Planned,04/03/25,08:30 AM,04/03/25 04:53 PM,1,42,94
BREUKELEN - Building 28,523 EAST 108TH STREET,"BROOKLYN, NY 11236",Hot Water,Planned,04/03/25,08:30 AM,04/03/25 04:52 PM,1,70,139
BREUKELEN - Building 30,330 STANLEY AVENUE,"BROOKLYN, NY 11207",Hot Water,Planned,04/03/25,03:11 PM,04/03/25 04:00 PM,1,39,117
BREUKELEN - Building 25,569 EAST 108TH STREET,"BROOKLYN, NY 11236",Hot Water,Planned,04/02/25,08:15 AM,04/02/25 04:08 PM,1,70,130
BREUKELEN - Building 26,902 WILLIAMS AVENUE,"BROOKLYN, NY 11207",Hot Water,Planned,04/02/25,08:30 AM,04/02/25 04:08 PM,1,42,84
BREUKELEN - Building 27,553 EAST 108TH STREET,"BROOKLYN, NY 11236",Hot Water,Planned,04/02/25,08:30 AM,04/02/25 04:07 PM,1,70,113
BREUKELEN - Building 22,107-12 FARRAGUT ROAD,"BROOKLYN, NY 11236",Hot Water,Planned,03/31/25,08:30 AM,03/31/25 04:43 PM,1,66,120
BREUKELEN - Building 23,619 EAST 108TH STREET,"BROOKLYN, NY 11236",Hot Water,Planned,03/31/25,08:30 AM,03/31/25 04:05 PM,1,70,141
BREUKELEN - Building 21,107-02 FARRAGUT ROAD,"BROOKLYN, NY 11236",Hot Water,Planned,03/27/25,08:30 AM,03/27/25 04:20 PM,1,70,119
BREUKELEN - Building 20,106-02 FARRAGUT ROAD,"BROOKLYN, NY 11236",Hot Water,Planned,03/27/25,08:30 AM,03/27/25 04:20 PM,1,70,135
BREUKELEN - Building 19,621 EAST 105TH STREET,"BROOKLYN, NY 11236",Hot Water,Planned,03/27/25,08:30 AM,03/27/25 04:04 PM,1,70,119
BREUKELEN - Building 18,974 WILLIAMS AVENUE,"BROOKLYN, NY 11207",Hot Water,Planned,03/25/25,08:15 AM,03/25/25 06:44 PM,1,39,88
BREUKELEN - Building 17,657 EAST 108TH STREET,"BROOKLYN, NY 11236",Hot Water,Planned,03/25/25,08:15 AM,03/25/25 04:15 PM,1,45,100
BREUKELEN - Building 16,107-17 GLENWOOD ROAD,"BROOKLYN, NY 11236",Hot Water,Planned,03/25/25,08:15 AM,03/25/25 04:14 PM,1,33,79
BREUKELEN - Building 14,671 EAST 105TH STREET,"BROOKLYN, NY 11236",Hot Water,Planned,03/24/25,08:30 AM,03/24/25 05:56 PM,1,70,131
BREUKELEN - Building 13,994 WILLIAMS AVENUE,"BROOKLYN, NY 11207",Hot Water,Planned,03/24/25,08:30 AM,03/24/25 03:53 PM,1,45,74
BREUKELEN - Building 15,106-03 GLENWOOD ROAD,"BROOKLYN, NY 11236",Hot Water,Planned,03/24/25,08:30 AM,03/24/25 03:51 PM,1,45,88
BREUKELEN - Building 12,717 EAST 108TH STREET,"BROOKLYN, NY 11236",Hot Water,Planned,03/20/25,10:00 AM,03/20/25 06:47 PM,1,45,89
BREUKELEN - Building 11,712 EAST 108TH STREET,"BROOKLYN, NY 11236",Hot Water,Planned,03/20/25,10:00 AM,03/20/25 05:55 PM,1,45,75
BREUKELEN - Building 10,106-02 GLENWOOD ROAD,"BROOKLYN, NY 11236",Hot Water,Planned,03/20/25,10:00 AM,03/20/25 04:28 PM,1,45,90
BREUKELEN - Building 06,761 EAST 108TH STREET,"BROOKLYN, NY 11236",Hot Water,Planned,03/19/25,08:30 AM,03/19/25 06:05 PM,1,42,70
BREUKELEN - Building 09,716 EAST 105TH STREET,"BROOKLYN, NY 11236",Hot Water,Planned,03/19/25,08:30 AM,03/19/25 04:42 PM,1,70,116
BREUKELEN - Building 08,719 EAST 103RD STREET,"BROOKLYN, NY 11236",Hot Water,Planned,03/19/25,08:30 AM,03/19/25 04:31 PM,1,70,120
BREUKELEN - Building 07,108-35 FLATLANDS AVENUE,"BROOKLYN, NY 11236",Hot Water,Planned,03/19/25,08:30 AM,03/19/25 04:31 PM,1,42,108
BREUKELEN - Building 04,106-03 FLATLANDS AVENUE,"BROOKLYN, NY 11236",Hot Water,Planned,03/18/25,08:30 AM,03/18/25 05:13 PM,1,45,105
BREUKELEN - Building 05,107-11 FLATLANDS AVENUE,"BROOKLYN, NY 11236",Hot Water,Planned,03/18/25,08:30 AM,03/18/25 03:51 PM,1,33,55
BREUKELEN - Building 06,761 EAST 108TH STREET,"BROOKLYN, NY 11236",Hot Water,Planned,03/18/25,08:30 AM,03/18/25 03:51 PM,1,42,70
BREUKELEN - Building 01,757 EAST 103RD STREET,"BROOKLYN, NY 11236",Hot Water,Planned,03/17/25,08:30 AM,03/17/25 04:49 PM,1,70,115
BREUKELEN - Building 03,763 EAST 105TH STREET,"BROOKLYN, NY 11236",Hot Water,Planned,03/17/25,08:30 AM,03/17/25 04:47 PM,1,45,90
BREUKELEN - Building 02,764 EAST 105TH STREET,"BROOKLYN, NY 11236",Hot Water,Planned,03/17/25,08:30 AM,03/17/25 04:46 PM,1,45,96
BREUKELEN - Building 11,712 EAST 108TH STREET,"BROOKLYN, NY 11236",Hot Water,Unplanned,02/05/25,03:30 PM,02/05/25 11:48 PM,1,45,75
BREUKELEN - Entire Development,757 EAST 103RD STREET,"BROOKLYN, NY 11236",Hot Water,Planned,02/03/25,09:15 AM,02/03/25 05:34 PM,32,"1,595","3,077"
BREUKELEN - Entire Development,757 EAST 103RD STREET,"BROOKLYN, NY 11236",Heat,Planned,02/03/25,11:30 AM,02/03/25 04:21 PM,32,"1,595","3,077"
BREVOORT,Sectional,,Hot Water,Unplanned,12/11/24,02:00 PM,12/11/24 08:08 PM,,,
BREVOORT,Sectional,,Heat,Planned,12/10/24,09:03 AM,12/10/24 07:47 PM,,,
BREVOORT,Sectional,,Hot Water,Planned,12/10/24,09:00 AM,12/10/24 07:46 PM,,,
BREVOORT - Building 08,311 PATCHEN AVENUE,"BROOKLYN, NY 11233",Hot Water,Planned,11/14/24,09:40 AM,11/14/24 02:41 PM,1,70,139
BREVOORT - Entire Development,292 RALPH AVENUE,"BROOKLYN, NY 11233",Hot Water,Planned,04/24/25,09:05 AM,04/24/25 09:17 PM,14,896,"1,732"
BREVOORT - Entire Development,292 RALPH AVENUE,"BROOKLYN, NY 11233",Heat,Planned,03/19/25,10:20 AM,03/19/25 01:22 PM,14,896,"1,732"
BREVOORT - Entire Development,292 RALPH AVENUE,"BROOKLYN, NY 11233",Heat,Planned,03/05/25,09:20 AM,03/05/25 04:24 PM,14,896,"1,732"
BREVOORT - Entire Development,292 RALPH AVENUE,"BROOKLYN, NY 11233",Hot Water,Planned,03/05/25,09:20 AM,03/05/25 04:23 PM,14,896,"1,732"
BREVOORT - Entire Development,292 RALPH AVENUE,"BROOKLYN, NY 11233",Hot Water,Unplanned,02/12/25,04:37 PM,02/12/25 10:53 PM,14,896,"1,732"
BREVOORT - Entire Development,292 RALPH AVENUE,"BROOKLYN, NY 11233",Heat,Unplanned,02/12/25,12:00 PM,02/12/25 06:31 PM,14,896,"1,732"
BRONX RIVER - Entire Development,1455 HARROD AVENUE,"BRONX, NY 10472",Hot Water,Planned,12/09/24,08:00 AM,12/09/24 03:43 PM,11,"1,246","2,702"
BRONX RIVER - Entire Development,1455 HARROD AVENUE,"BRONX, NY 10472",Heat,Planned,12/09/24,08:00 AM,12/09/24 03:38 PM,11,"1,246","2,702"
BRONX RIVER - Entire Development,1455 HARROD AVENUE,"BRONX, NY 10472",Heat,Planned,11/14/24,09:00 AM,11/14/24 10:06 PM,11,"1,246","2,702"
BRONX RIVER - Entire Development,1455 HARROD AVENUE,"BRONX, NY 10472",Hot Water,Planned,11/14/24,09:00 AM,11/14/24 09:59 PM,11,"1,246","2,702"
BRONX RIVER - Entire Development,1455 HARROD AVENUE,"BRONX, NY 10472",Hot Water,Planned,11/07/24,08:00 AM,11/07/24 03:16 PM,11,"1,246","2,702"
BRONX RIVER,Sectional,,Hot Water,Planned,05/29/25,09:00 AM,05/29/25 03:50 PM,,,
BRONX RIVER,Sectional,,Hot Water,Planned,05/28/25,09:00 AM,05/28/25 03:13 PM,,,
BRONX RIVER - Entire Development,1455 HARROD AVENUE,"BRONX, NY 10472",Hot Water,Planned,05/19/25,11:30 AM,05/19/25 07:50 PM,11,"1,246","2,702"
BRONX RIVER - Entire Development,1455 HARROD AVENUE,"BRONX, NY 10472",Hot Water,Unplanned,05/16/25,01:00 PM,05/16/25 09:58 PM,11,"1,246","2,702"
BRONX RIVER - Entire Development,1455 HARROD AVENUE,"BRONX, NY 10472",Hot Water,Planned,04/28/25,10:00 AM,04/28/25 02:41 PM,11,"1,246","2,702"
BRONX RIVER - Building 03,1635 EAST 174TH STREET,"BRONX, NY 10472",Hot Water,Unplanned,04/22/25,05:00 PM,04/22/25 09:54 PM,1,136,289
BRONX RIVER - Building 04,1460 BRONX RIVER AVENUE,"BRONX, NY 10472",Hot Water,Unplanned,04/22/25,01:00 PM,04/22/25 06:43 PM,1,140,313
BRONX RIVER - Entire Development,1455 HARROD AVENUE,"BRONX, NY 10472",Heat,Unplanned,03/30/25,09:29 AM,03/30/25 07:14 PM,11,"1,246","2,702"
BRONX RIVER - Entire Development,1455 HARROD AVENUE,"BRONX, NY 10472",Hot Water,Unplanned,03/30/25,09:29 AM,03/30/25 07:13 PM,11,"1,246","2,702"
BRONX RIVER - Building 09,1420 BRONX RIVER AVENUE,"BRONX, NY 10472",Hot Water,Planned,03/25/25,08:30 AM,03/25/25 04:09 PM,1,134,278
BRONX RIVER - Building 05,1609 EAST 174TH STREET,"BRONX, NY 10472",Hot Water,Planned,03/24/25,09:30 AM,03/24/25 04:45 PM,1,136,258
BRONX RIVER - Building 09,1420 BRONX RIVER AVENUE,"BRONX, NY 10472",Hot Water,Planned,03/18/25,08:30 AM,03/18/25 03:33 PM,1,134,278
BRONX RIVER - Building 07,1575 EAST 174TH STREET,"BRONX, NY 10472",Hot Water,Planned,03/17/25,08:30 AM,03/17/25 04:28 PM,1,140,301
BRONX RIVER - Building 06,1440 BRONX RIVER AVENUE,"BRONX, NY 10472",Hot Water,Planned,03/17/25,08:30 AM,03/17/25 04:07 PM,1,140,299
BRONX RIVER - Building 03,1635 EAST 174TH STREET,"BRONX, NY 10472",Hot Water,Unplanned,02/26/25,05:29 PM,02/27/25 01:09 AM,1,136,289
BRONX RIVER - Building 06,1440 BRONX RIVER AVENUE,"BRONX, NY 10472",Hot Water,Planned,02/25/25,09:30 AM,02/25/25 07:05 PM,1,140,299
BRONX RIVER - Building 01,1455 HARROD AVENUE,"BRONX, NY 10472",Hot Water,Planned,02/25/25,11:00 AM,02/25/25 06:55 PM,1,140,344
BRONX RIVER - Building 07,1575 EAST 174TH STREET,"BRONX, NY 10472",Hot Water,Unplanned,02/13/25,03:00 PM,02/13/25 08:57 PM,1,140,301
BRONX RIVER - Building 07,1575 EAST 174TH STREET,"BRONX, NY 10472",Hot Water,Unplanned,02/12/25,07:30 PM,02/13/25 02:46 AM,1,140,301
BRONX RIVER - Building 03,1635 EAST 174TH STREET,"BRONX, NY 10472",Hot Water,Unplanned,02/11/25,06:14 PM,02/12/25 09:25 PM,1,136,289
BRONX RIVER ADDITION - Entire Development,1350 MANOR AVENUE,"BRONX, NY 10472",Hot Water,Planned,12/09/24,08:00 AM,12/09/24 04:30 PM,2,226,122
BRONX RIVER ADDITION - Entire Development,1350 MANOR AVENUE,"BRONX, NY 10472",Heat,Planned,12/09/24,08:00 AM,12/09/24 04:22 PM,2,226,122
BRONX RIVER ADDITION - Entire Development,1350 MANOR AVENUE,"BRONX, NY 10472",Hot Water,Planned,11/14/24,09:00 AM,11/14/24 10:13 PM,2,226,122
BRONX RIVER ADDITION - Entire Development,1350 MANOR AVENUE,"BRONX, NY 10472",Heat,Planned,11/14/24,09:00 AM,11/14/24 10:08 PM,2,226,122
BRONX RIVER ADDITION - Entire Development,1350 MANOR AVENUE,"BRONX, NY 10472",Hot Water,Planned,11/07/24,08:00 AM,11/07/24 03:17 PM,2,226,122
BRONX RIVER ADDITION - Building 11,1350 MANOR AVENUE,"BRONX, NY 10472",Hot Water,Planned,03/18/25,08:30 AM,03/18/25 03:48 PM,1,156,121
BROWN - Entire Development,1634 SAINT MARKS AVENUE,"BROOKLYN, NY 11233",Heat,Unplanned,02/25/25,06:00 AM,02/25/25 10:13 AM,2,200,222
BROWN - Entire Development,1634 SAINT MARKS AVENUE,"BROOKLYN, NY 11233",Heat,Unplanned,02/11/25,06:07 PM,02/11/25 07:43 PM,2,200,222
BROWNSVILLE - Building 22,350 BLAKE AVENUE,"BROOKLYN, NY 11212",Hot Water,Unplanned,12/03/24,11:00 AM,12/03/24 03:43 PM,1,54,79
BROWNSVILLE,Sectional,,Hot Water,Unplanned,10/08/24,11:00 AM,10/08/24 05:38 PM,,,
BROWNSVILLE - Building 20,267 OSBORN STREET,"BROOKLYN, NY 11212",Hot Water,Planned,05/23/25,08:25 AM,05/23/25 03:18 PM,1,54,79
BROWNSVILLE - Building 20,267 OSBORN STREET,"BROOKLYN, NY 11212",Heat,Planned,05/23/25,08:26 AM,05/23/25 02:59 PM,1,54,79
BROWNSVILLE - Building 25,311 OSBORN STREET,"BROOKLYN, NY 11212",Hot Water,Unplanned,04/25/25,09:00 AM,04/25/25 03:15 PM,1,54,80
BROWNSVILLE - Building 23,295 OSBORN STREET,"BROOKLYN, NY 11212",Hot Water,Planned,04/25/25,09:00 AM,04/25/25 02:55 PM,1,36,89
BROWNSVILLE - Building 13,290 BLAKE AVENUE,"BROOKLYN, NY 11212",Hot Water,Planned,04/23/25,09:10 AM,04/23/25 04:11 PM,1,36,95
BROWNSVILLE - Building 14,268 OSBORN STREET,"BROOKLYN, NY 11212",Hot Water,Planned,04/23/25,09:10 AM,04/23/25 04:08 PM,1,54,92
BROWNSVILLE - Building 08,252 OSBORN STREET,"BROOKLYN, NY 11212",Hot Water,Planned,04/22/25,09:15 AM,04/22/25 04:24 PM,1,54,85
BROWNSVILLE - Building 07,289 BLAKE AVENUE,"BROOKLYN, NY 11212",Hot Water,Planned,04/22/25,09:05 AM,04/22/25 04:20 PM,1,48,104
BROWNSVILLE - Building 03,308 SUTTER AVENUE,"BROOKLYN, NY 11212",Hot Water,Planned,04/21/25,09:30 AM,04/21/25 04:58 PM,1,54,107
BROWNSVILLE - Building 04,557 ROCKAWAY AVENUE,"BROOKLYN, NY 11212",Hot Water,Planned,04/21/25,09:30 AM,04/21/25 04:14 PM,1,48,117
BROWNSVILLE,Sectional,,Heat,Planned,03/18/25,09:00 AM,03/18/25 02:16 PM,,,
BROWNSVILLE,Sectional,,Hot Water,Planned,03/18/25,09:00 AM,03/18/25 02:13 PM,,,
BROWNSVILLE - Building 20,267 OSBORN STREET,"BROOKLYN, NY 11212",Hot Water,Planned,03/06/25,10:00 AM,03/06/25 06:45 PM,1,54,79
BROWNSVILLE - Building 20,267 OSBORN STREET,"BROOKLYN, NY 11212",Heat,Planned,03/06/25,10:00 AM,03/06/25 06:44 PM,1,54,79
BROWNSVILLE - Building 19,312 OSBORN STREET,"BROOKLYN, NY 11212",Hot Water,Unplanned,02/09/25,03:02 PM,02/09/25 09:35 PM,1,54,95
BROWNSVILLE - Entire Development,284 SUTTER AVENUE,"BROOKLYN, NY 11212",Hot Water,Unplanned,02/09/25,08:15 AM,02/09/25 01:47 PM,27,"1,338","2,655"
BROWNSVILLE - Entire Development,284 SUTTER AVENUE,"BROOKLYN, NY 11212",Heat,Unplanned,02/09/25,08:15 AM,02/09/25 01:19 PM,27,"1,338","2,655"
BUSHWICK - Entire Development,811 FLUSHING AVENUE,"BROOKLYN, NY 11206",Hot Water,Unplanned,12/15/24,07:38 AM,12/15/24 03:20 PM,8,"1,220","2,455"
BUSHWICK - Entire Development,811 FLUSHING AVENUE,"BROOKLYN, NY 11206",Heat,Unplanned,12/15/24,08:15 AM,12/15/24 03:08 PM,8,"1,220","2,455"
BUSHWICK - Entire Development,811 FLUSHING AVENUE,"BROOKLYN, NY 11206",Hot Water,Unplanned,05/11/25,02:14 PM,05/11/25 09:45 PM,8,"1,220","2,455"
BUSHWICK - Entire Development,811 FLUSHING AVENUE,"BROOKLYN, NY 11206",Hot Water,Unplanned,04/20/25,06:29 AM,04/20/25 01:17 PM,8,"1,220","2,455"
BUSHWICK - Entire Development,811 FLUSHING AVENUE,"BROOKLYN, NY 11206",Heat,Unplanned,03/30/25,10:25 AM,03/30/25 09:35 PM,8,"1,220","2,455"
BUSHWICK - Entire Development,811 FLUSHING AVENUE,"BROOKLYN, NY 11206",Hot Water,Unplanned,03/30/25,10:25 AM,03/30/25 09:32 PM,8,"1,220","2,455"
BUSHWICK - Entire Development,811 FLUSHING AVENUE,"BROOKLYN, NY 11206",Heat,Unplanned,03/23/25,07:03 AM,03/23/25 12:12 PM,8,"1,220","2,455"
BUSHWICK - Entire Development,811 FLUSHING AVENUE,"BROOKLYN, NY 11206",Hot Water,Unplanned,03/23/25,07:03 AM,03/23/25 12:07 PM,8,"1,220","2,455"
BUSHWICK - Entire Development,811 FLUSHING AVENUE,"BROOKLYN, NY 11206",Hot Water,Unplanned,03/23/25,01:18 PM,03/23/25 08:11 PM,8,"1,220","2,455"
BUSHWICK - Entire Development,811 FLUSHING AVENUE,"BROOKLYN, NY 11206",Heat,Unplanned,03/23/25,01:18 PM,03/23/25 07:27 PM,8,"1,220","2,455"
BUSHWICK - Entire Development,811 FLUSHING AVENUE,"BROOKLYN, NY 11206",Hot Water,Unplanned,03/02/25,09:30 AM,03/02/25 03:41 PM,8,"1,220","2,455"
BUSHWICK - Entire Development,811 FLUSHING AVENUE,"BROOKLYN, NY 11206",Heat,Unplanned,03/02/25,09:30 AM,03/02/25 03:31 PM,8,"1,220","2,455"
BUSHWICK - Entire Development,811 FLUSHING AVENUE,"BROOKLYN, NY 11206",Heat,Unplanned,02/09/25,11:36 AM,02/09/25 06:46 PM,8,"1,220","2,455"
BUSHWICK - Entire Development,811 FLUSHING AVENUE,"BROOKLYN, NY 11206",Hot Water,Unplanned,02/09/25,11:36 AM,02/09/25 06:38 PM,8,"1,220","2,455"
BUTLER - Building 03,1368 WEBSTER AVENUE,"BRONX, NY 10456",Hot Water,Unplanned,12/29/24,09:00 AM,12/29/24 11:43 PM,1,247,621
BUTLER - Entire Development,1330 WEBSTER AVENUE,"BRONX, NY 10456",Hot Water,Unplanned,12/16/24,05:31 PM,12/17/24 12:09 AM,7,"1,492","3,666"
BUTLER - Entire Development,1330 WEBSTER AVENUE,"BRONX, NY 10456",Heat,Unplanned,12/16/24,05:31 PM,12/16/24 11:22 PM,7,"1,492","3,666"
BUTLER - Entire Development,1330 WEBSTER AVENUE,"BRONX, NY 10456",Hot Water,Unplanned,11/30/24,02:33 PM,11/30/24 09:19 PM,7,"1,492","3,666"
BUTLER - Entire Development,1330 WEBSTER AVENUE,"BRONX, NY 10456",Heat,Unplanned,11/30/24,02:33 PM,11/30/24 09:08 PM,7,"1,492","3,666"
BUTLER - Building 06,1458 WEBSTER AVENUE,"BRONX, NY 10456",Hot Water,Unplanned,10/19/24,11:00 AM,10/19/24 07:37 PM,1,249,590
BUTLER - Building 04,1408 WEBSTER AVENUE,"BRONX, NY 10456",Hot Water,Unplanned,04/02/25,10:30 AM,04/02/25 04:51 PM,1,247,611
BUTLER - Entire Development,1330 WEBSTER AVENUE,"BRONX, NY 10456",Hot Water,Unplanned,03/28/25,06:16 AM,03/28/25 10:46 AM,7,"1,492","3,666"
BUTLER - Entire Development,1330 WEBSTER AVENUE,"BRONX, NY 10456",Hot Water,Unplanned,03/27/25,04:17 PM,03/28/25 03:17 AM,7,"1,492","3,666"
BUTLER - Building 05,1428 WEBSTER AVENUE,"BRONX, NY 10456",Hot Water,Planned,03/26/25,10:15 AM,03/26/25 02:44 PM,1,251,656
BUTLER - Building 04,1408 WEBSTER AVENUE,"BRONX, NY 10456",Hot Water,Planned,03/25/25,10:10 AM,03/25/25 03:59 PM,1,247,611
BUTLER - Entire Development,1330 WEBSTER AVENUE,"BRONX, NY 10456",Hot Water,Planned,03/19/25,09:10 AM,03/19/25 06:46 PM,7,"1,492","3,666"
BUTLER - Entire Development,1330 WEBSTER AVENUE,"BRONX, NY 10456",Heat,Planned,03/19/25,09:10 AM,03/19/25 01:57 PM,7,"1,492","3,666"
BUTLER - Entire Development,1330 WEBSTER AVENUE,"BRONX, NY 10456",Heat,Unplanned,03/15/25,03:41 PM,03/15/25 07:49 PM,7,"1,492","3,666"
BUTLER - Entire Development,1330 WEBSTER AVENUE,"BRONX, NY 10456",Hot Water,Unplanned,03/15/25,03:41 PM,03/15/25 07:44 PM,7,"1,492","3,666"
BUTLER - Building 02,1348 WEBSTER AVENUE,"BRONX, NY 10456",Hot Water,Planned,03/12/25,10:15 AM,03/12/25 03:04 PM,1,251,627
BUTLER - Building 03,1368 WEBSTER AVENUE,"BRONX, NY 10456",Hot Water,Planned,03/11/25,10:45 AM,03/11/25 06:07 PM,1,247,621
BUTLER - Entire Development,1330 WEBSTER AVENUE,"BRONX, NY 10456",Hot Water,Unplanned,02/21/25,10:00 AM,02/21/25 04:00 PM,7,"1,492","3,666"
BUTLER - Entire Development,1330 WEBSTER AVENUE,"BRONX, NY 10456",Hot Water,Planned,02/13/25,11:00 AM,02/14/25 12:55 AM,7,"1,492","3,666"
BUTLER - Entire Development,1330 WEBSTER AVENUE,"BRONX, NY 10456",Heat,Planned,02/13/25,11:00 AM,02/14/25 12:50 AM,7,"1,492","3,666"
BUTLER - Entire Development,1330 WEBSTER AVENUE,"BRONX, NY 10456",Hot Water,Unplanned,02/14/25,10:00 AM,02/14/25 04:16 PM,7,"1,492","3,666"
BUTLER - Entire Development,1330 WEBSTER AVENUE,"BRONX, NY 10456",Heat,Unplanned,02/14/25,10:00 AM,02/14/25 04:07 PM,7,"1,492","3,666"
BUTLER - Entire Development,1330 WEBSTER AVENUE,"BRONX, NY 10456",Heat,Unplanned,01/22/25,10:00 AM,01/22/25 04:50 PM,7,"1,492","3,666"
CAMPOS PLAZA II - Entire Development,643 EAST 13TH STREET,"NEW YORK, NY 10009",Hot Water,Unplanned,12/17/24,05:00 PM,12/17/24 09:18 PM,2,224,441
CAMPOS PLAZA II - Entire Development,643 EAST 13TH STREET,"NEW YORK, NY 10009",Heat,Unplanned,12/17/24,05:00 PM,12/17/24 09:13 PM,2,224,441
CAMPOS PLAZA II - Entire Development,643 EAST 13TH STREET,"NEW YORK, NY 10009",Hot Water,Unplanned,12/03/24,08:49 PM,12/03/24 10:39 PM,2,224,441
CAMPOS PLAZA II - Entire Development,643 EAST 13TH STREET,"NEW YORK, NY 10009",Heat,Unplanned,12/03/24,09:14 PM,12/03/24 10:31 PM,2,224,441
CAMPOS PLAZA II - Building 03,643 EAST 13TH STREET,"NEW YORK, NY 10009",Hot Water,Planned,11/08/24,09:25 AM,11/08/24 02:03 PM,1,96,200
CAMPOS PLAZA II - Entire Development,643 EAST 13TH STREET,"NEW YORK, NY 10009",Hot Water,Unplanned,11/07/24,03:00 PM,11/07/24 11:13 PM,2,224,441
CAMPOS PLAZA II - Building 03,643 EAST 13TH STREET,"NEW YORK, NY 10009",Hot Water,Planned,11/01/24,11:01 AM,11/01/24 02:34 PM,1,96,200
CAMPOS PLAZA II - Entire Development,643 EAST 13TH STREET,"NEW YORK, NY 10009",Hot Water,Planned,10/24/24,11:00 AM,10/24/24 07:47 PM,2,224,441
CAMPOS PLAZA II - Entire Development,643 EAST 13TH STREET,"NEW YORK, NY 10009",Hot Water,Unplanned,05/30/25,11:30 AM,05/30/25 09:14 PM,2,224,441
CAMPOS PLAZA II - Building 04,612 EAST 14TH STREET,"NEW YORK, NY 10009",Hot Water,Planned,04/03/25,09:00 AM,04/03/25 04:28 PM,1,128,241
CAMPOS PLAZA II - Entire Development,643 EAST 13TH STREET,"NEW YORK, NY 10009",Hot Water,Unplanned,03/03/25,04:40 PM,03/03/25 10:33 PM,2,224,441
CAMPOS PLAZA II - Entire Development,643 EAST 13TH STREET,"NEW YORK, NY 10009",Heat,Unplanned,03/03/25,04:40 PM,03/03/25 10:29 PM,2,224,441
CAMPOS PLAZA II - Entire Development,643 EAST 13TH STREET,"NEW YORK, NY 10009",Hot Water,Unplanned,03/02/25,03:15 PM,03/02/25 09:58 PM,2,224,441
CAMPOS PLAZA II - Entire Development,643 EAST 13TH STREET,"NEW YORK, NY 10009",Heat,Unplanned,03/02/25,03:15 PM,03/02/25 09:56 PM,2,224,441
CAMPOS PLAZA II - Entire Development,643 EAST 13TH STREET,"NEW YORK, NY 10009",Hot Water,Unplanned,02/25/25,04:00 PM,02/25/25 10:59 PM,2,224,441
CAMPOS PLAZA II - Entire Development,643 EAST 13TH STREET,"NEW YORK, NY 10009",Heat,Unplanned,01/03/25,12:00 PM,01/03/25 04:53 PM,2,224,441
CAMPOS PLAZA II - Entire Development,643 EAST 13TH STREET,"NEW YORK, NY 10009",Hot Water,Unplanned,01/03/25,12:00 PM,01/03/25 04:52 PM,2,224,441
CAREY GARDENS - Building 03,2832 WEST 23RD STREET,"BROOKLYN, NY 11224",Hot Water,Unplanned,03/04/25,08:00 AM,03/04/25 03:42 PM,1,214,454
CAREY GARDENS - Building 02,2945 WEST 23RD STREET,"BROOKLYN, NY 11224",Hot Water,Unplanned,01/20/25,07:35 AM,01/20/25 11:18 PM,1,226,518
CAREY GARDENS - Entire Development,2946 WEST 23RD STREET,"BROOKLYN, NY 11224",Hot Water,Unplanned,01/19/25,07:39 AM,01/19/25 12:22 PM,5,683,"1,446"
CAREY GARDENS - Entire Development,2946 WEST 23RD STREET,"BROOKLYN, NY 11224",Heat,Unplanned,01/19/25,07:39 AM,01/19/25 12:20 PM,5,683,"1,446"
CARLETON MANOR - Entire Development,71-15 BEACH CHANNEL DRIVE,"ARVERNE, NY 11692",Hot Water,Unplanned,12/26/24,10:00 AM,12/26/24 02:29 PM,1,174,310
CARLETON MANOR - Entire Development,71-15 BEACH CHANNEL DRIVE,"ARVERNE, NY 11692",Heat,Unplanned,12/26/24,10:00 AM,12/26/24 02:28 PM,1,174,310
CARLETON MANOR - Entire Development,71-15 BEACH CHANNEL DRIVE,"ARVERNE, NY 11692",Hot Water,Unplanned,02/16/25,07:19 AM,02/16/25 11:44 AM,1,174,310
CARVER - Building 11,1410 PARK AVENUE,"NEW YORK, NY 10029",Hot Water,Unplanned,12/18/24,12:20 PM,12/18/24 09:18 PM,1,48,88
CARVER - Entire Development,65 EAST 99TH STREET,"NEW YORK, NY 10029",Heat,Unplanned,11/23/24,02:51 PM,11/23/24 09:39 PM,13,"1,246","2,436"
CARVER - Entire Development,65 EAST 99TH STREET,"NEW YORK, NY 10029",Hot Water,Unplanned,11/23/24,02:51 PM,11/23/24 08:43 PM,13,"1,246","2,436"
CARVER,Sectional,,Hot Water,Unplanned,05/22/25,07:07 AM,05/22/25 12:10 PM,,,
CARVER - Entire Development,65 EAST 99TH STREET,"NEW YORK, NY 10029",Hot Water,Planned,05/01/25,08:15 AM,05/01/25 04:19 PM,13,"1,246","2,436"
CARVER - Building 11,1410 PARK AVENUE,"NEW YORK, NY 10029",Hot Water,Unplanned,04/27/25,07:29 AM,04/27/25 06:09 PM,1,48,88
CARVER - Entire Development,65 EAST 99TH STREET,"NEW YORK, NY 10029",Hot Water,Unplanned,04/26/25,07:16 PM,04/26/25 10:34 PM,13,"1,246","2,436"
CARVER - Entire Development,65 EAST 99TH STREET,"NEW YORK, NY 10029",Hot Water,Planned,04/24/25,09:00 AM,04/24/25 05:24 PM,13,"1,246","2,436"
CARVER - Entire Development,65 EAST 99TH STREET,"NEW YORK, NY 10029",Hot Water,Unplanned,04/19/25,06:30 AM,04/19/25 09:55 AM,13,"1,246","2,436"
CARVER - Entire Development,65 EAST 99TH STREET,"NEW YORK, NY 10029",Hot Water,Planned,04/17/25,09:00 AM,04/17/25 04:27 PM,13,"1,246","2,436"
CARVER - Entire Development,65 EAST 99TH STREET,"NEW YORK, NY 10029",Heat,Planned,04/17/25,09:00 AM,04/17/25 04:26 PM,13,"1,246","2,436"
CARVER - Entire Development,65 EAST 99TH STREET,"NEW YORK, NY 10029",Heat,Planned,04/02/25,09:00 AM,04/02/25 04:10 PM,13,"1,246","2,436"
CARVER - Entire Development,65 EAST 99TH STREET,"NEW YORK, NY 10029",Hot Water,Planned,04/02/25,09:00 AM,04/02/25 04:09 PM,13,"1,246","2,436"
CARVER - Building 09,50 EAST 104TH STREET,"NEW YORK, NY 10029",Heat,Planned,03/11/25,08:00 AM,03/11/25 12:21 PM,1,120,241
CARVER - Building 09,50 EAST 104TH STREET,"NEW YORK, NY 10029",Hot Water,Planned,03/11/25,08:00 AM,03/11/25 04:01 PM,1,120,241
CARVER,Sectional,,Hot Water,Unplanned,03/11/25,08:00 AM,03/11/25 03:18 PM,,,
CARVER - Building 10,1545 MADISON AVENUE,"NEW YORK, NY 10029",Hot Water,Planned,03/05/25,08:00 AM,03/05/25 06:03 PM,1,48,104
CARVER - Building 10,1545 MADISON AVENUE,"NEW YORK, NY 10029",Heat,Planned,03/05/25,08:00 AM,03/05/25 06:01 PM,1,48,104
CARVER - Building 02,55 EAST 99TH STREET,"NEW YORK, NY 10029",Heat,Planned,02/27/25,08:00 AM,02/27/25 04:03 PM,1,116,212
CARVER - Building 06,50 EAST 102ND STREET,"NEW YORK, NY 10029",Heat,Planned,02/27/25,08:00 AM,02/27/25 04:02 PM,1,114,236
CARVER - Building 11,1410 PARK AVENUE,"NEW YORK, NY 10029",Hot Water,Planned,02/26/25,08:15 AM,02/26/25 05:03 PM,1,48,88
CARVER - Building 13,50 EAST 106TH STREET,"NEW YORK, NY 10029",Heat,Planned,02/26/25,08:15 AM,02/26/25 05:02 PM,1,114,224
CARVER - Building 12,60 EAST 106TH STREET,"NEW YORK, NY 10029",Hot Water,Planned,02/26/25,08:15 AM,02/26/25 05:02 PM,1,120,247
CARVER - Building 13,50 EAST 106TH STREET,"NEW YORK, NY 10029",Hot Water,Planned,02/26/25,08:15 AM,02/26/25 05:01 PM,1,114,224
CARVER - Building 12,60 EAST 106TH STREET,"NEW YORK, NY 10029",Heat,Planned,02/26/25,08:15 AM,02/26/25 03:39 PM,1,120,247
CARVER - Building 11,1410 PARK AVENUE,"NEW YORK, NY 10029",Heat,Planned,02/26/25,08:30 AM,02/26/25 03:04 PM,1,48,88
CARVER,Sectional,,Hot Water,Planned,02/25/25,08:30 AM,02/25/25 05:24 PM,,,
CARVER,Sectional,,Heat,Planned,02/25/25,08:30 AM,02/25/25 03:56 PM,,,
CARVER - Entire Development,65 EAST 99TH STREET,"NEW YORK, NY 10029",Heat,Unplanned,02/02/25,07:22 AM,02/02/25 12:10 PM,13,"1,246","2,436"
CARVER - Entire Development,65 EAST 99TH STREET,"NEW YORK, NY 10029",Hot Water,Unplanned,02/02/25,07:22 AM,02/02/25 12:06 PM,13,"1,246","2,436"
CASSIDY-LAFAYETTE - Building 01,145 CASSIDY PLACE,"STATEN ISLAND, NY 10301",Hot Water,Unplanned,11/28/24,09:00 AM,11/29/24 09:53 PM,1,115,123
CASSIDY-LAFAYETTE - Building 01,145 CASSIDY PLACE,"STATEN ISLAND, NY 10301",Heat,Unplanned,11/28/24,09:00 AM,11/28/24 06:12 PM,1,115,123
CASTLE HILL - Entire Development,2140 SEWARD AVENUE,"BRONX, NY 10473",Heat,Planned,10/15/24,08:15 AM,10/15/24 04:08 PM,14,"2,025","4,255"
CASTLE HILL - Entire Development,2140 SEWARD AVENUE,"BRONX, NY 10473",Hot Water,Planned,10/15/24,08:15 AM,10/15/24 04:02 PM,14,"2,025","4,255"
CASTLE HILL - Entire Development,2140 SEWARD AVENUE,"BRONX, NY 10473",Hot Water,Unplanned,10/12/24,05:15 AM,10/12/24 11:08 AM,14,"2,025","4,255"
CASTLE HILL - Entire Development,2140 SEWARD AVENUE,"BRONX, NY 10473",Hot Water,Unplanned,10/12/24,05:15 PM,10/12/24 10:08 PM,14,"2,025","4,255"
CASTLE HILL - Entire Development,2140 SEWARD AVENUE,"BRONX, NY 10473",Hot Water,Unplanned,10/11/24,10:15 PM,10/12/24 04:02 AM,14,"2,025","4,255"
CASTLE HILL - Entire Development,2140 SEWARD AVENUE,"BRONX, NY 10473",Hot Water,Unplanned,10/11/24,05:00 AM,10/11/24 02:02 PM,14,"2,025","4,255"
CASTLE HILL - Entire Development,2140 SEWARD AVENUE,"BRONX, NY 10473",Hot Water,Planned,10/10/24,10:00 AM,10/10/24 05:00 PM,14,"2,025","4,255"
CASTLE HILL - Entire Development,2140 SEWARD AVENUE,"BRONX, NY 10473",Hot Water,Unplanned,05/28/25,05:44 PM,05/28/25 09:44 PM,14,"2,025","4,255"
CASTLE HILL - Entire Development,2140 SEWARD AVENUE,"BRONX, NY 10473",Hot Water,Planned,05/21/25,09:45 AM,05/21/25 09:12 PM,14,"2,025","4,255"
CASTLE HILL - Building 02,2160 SEWARD AVENUE,"BRONX, NY 10473",Hot Water,Unplanned,05/07/25,11:25 AM,05/07/25 05:03 PM,1,142,305
CASTLE HILL - Building 07,530 OLMSTEAD AVENUE,"BRONX, NY 10473",Hot Water,Planned,05/07/25,09:00 AM,05/07/25 04:24 PM,1,157,376
CASTLE HILL - Building 11,580 CASTLE HILL AVENUE,"BRONX, NY 10473",Hot Water,Planned,05/06/25,04:00 PM,05/06/25 05:24 PM,1,139,293
CASTLE HILL - Building 14,535 HAVEMEYER AVENUE,"BRONX, NY 10473",Hot Water,Planned,05/05/25,09:00 AM,05/05/25 04:03 PM,1,157,337
CASTLE HILL - Building 02,2160 SEWARD AVENUE,"BRONX, NY 10473",Hot Water,Unplanned,05/03/25,08:00 AM,05/03/25 11:05 PM,1,142,305
CASTLE HILL - Building 02,2160 SEWARD AVENUE,"BRONX, NY 10473",Hot Water,Planned,05/02/25,09:00 AM,05/02/25 05:46 PM,1,142,305
CASTLE HILL - Building 01,2140 SEWARD AVENUE,"BRONX, NY 10473",Hot Water,Planned,05/02/25,09:00 AM,05/02/25 05:40 PM,1,142,320
CASTLE HILL - Entire Development,2140 SEWARD AVENUE,"BRONX, NY 10473",Hot Water,Unplanned,03/26/25,06:00 AM,03/26/25 11:14 AM,14,"2,025","4,255"
CASTLE HILL - Entire Development,2140 SEWARD AVENUE,"BRONX, NY 10473",Heat,Unplanned,03/26/25,06:00 AM,03/26/25 11:04 AM,14,"2,025","4,255"
CASTLE HILL,Sectional,,Heat,Unplanned,03/18/25,10:00 AM,03/18/25 04:15 PM,,,
CASTLE HILL,Sectional,,Hot Water,Unplanned,03/18/25,10:00 AM,03/18/25 04:04 PM,,,
CASTLE HILL - Building 03,2125 RANDALL AVENUE,"BRONX, NY 10473",Hot Water,Planned,03/13/25,09:00 AM,03/13/25 09:44 PM,1,142,292
CASTLE HILL - Building 10,2275 RANDALL AVENUE,"BRONX, NY 10473",Hot Water,Planned,03/13/25,09:00 AM,03/13/25 09:37 PM,1,142,305
CASTLE HILL - Building 14,535 HAVEMEYER AVENUE,"BRONX, NY 10473",Hot Water,Planned,03/12/25,09:00 AM,03/12/25 05:39 PM,1,157,337
CASTLE HILL - Building 12,2280 RANDALL AVENUE,"BRONX, NY 10473",Hot Water,Planned,03/12/25,09:00 AM,03/12/25 05:27 PM,1,142,306
CASTLE HILL - Building 08,2175 LACOMBE AVENUE,"BRONX, NY 10473",Hot Water,Planned,03/11/25,09:00 AM,03/11/25 08:03 PM,1,142,257
CASTLE HILL - Building 07,530 OLMSTEAD AVENUE,"BRONX, NY 10473",Hot Water,Planned,03/11/25,09:00 AM,03/11/25 05:52 PM,1,157,376
CASTLE HILL - Building 04,635 CASTLE HILL AVENUE,"BRONX, NY 10473",Hot Water,Planned,03/06/25,09:00 AM,03/06/25 03:51 PM,1,152,359
CASTLE HILL - Building 05,2120 RANDALL AVENUE,"BRONX, NY 10473",Hot Water,Unplanned,02/20/25,05:50 PM,02/20/25 11:28 PM,1,142,303
CASTLE HILL - Entire Development,2140 SEWARD AVENUE,"BRONX, NY 10473",Hot Water,Unplanned,02/08/25,06:29 PM,02/08/25 11:16 PM,14,"2,025","4,255"
CASTLE HILL - Entire Development,2140 SEWARD AVENUE,"BRONX, NY 10473",Heat,Unplanned,02/08/25,06:29 PM,02/08/25 11:12 PM,14,"2,025","4,255"
CASTLE HILL - Building 04,635 CASTLE HILL AVENUE,"BRONX, NY 10473",Hot Water,Unplanned,02/08/25,10:57 AM,02/08/25 04:02 PM,1,152,359
CASTLE HILL - Entire Development,2140 SEWARD AVENUE,"BRONX, NY 10473",Heat,Unplanned,02/07/25,07:57 PM,02/08/25 04:00 AM,14,"2,025","4,255"
CASTLE HILL - Entire Development,2140 SEWARD AVENUE,"BRONX, NY 10473",Hot Water,Unplanned,02/07/25,07:57 PM,02/08/25 03:53 AM,14,"2,025","4,255"
CASTLE HILL - Entire Development,2140 SEWARD AVENUE,"BRONX, NY 10473",Hot Water,Unplanned,01/07/25,07:39 PM,01/07/25 11:07 PM,14,"2,025","4,255"
CASTLE HILL - Entire Development,2140 SEWARD AVENUE,"BRONX, NY 10473",Heat,Unplanned,01/07/25,07:39 PM,01/07/25 11:01 PM,14,"2,025","4,255"
CASTLE HILL - Entire Development,2140 SEWARD AVENUE,"BRONX, NY 10473",Hot Water,Unplanned,01/04/25,07:44 PM,01/05/25 03:49 AM,14,"2,025","4,255"
CASTLE HILL - Entire Development,2140 SEWARD AVENUE,"BRONX, NY 10473",Heat,Unplanned,01/04/25,07:44 PM,01/05/25 03:44 AM,14,"2,025","4,255"
CHELSEA - Building 01,425 WEST 25TH STREET,"NEW YORK, NY 10001",Hot Water,Planned,12/19/24,09:00 AM,12/19/24 08:14 PM,1,202,404
CHELSEA - Building 01,425 WEST 25TH STREET,"NEW YORK, NY 10001",Hot Water,Unplanned,11/26/24,09:00 AM,11/26/24 10:43 PM,1,202,404
CHELSEA - Entire Development,425 WEST 25TH STREET,"NEW YORK, NY 10001",Hot Water,Unplanned,11/10/24,10:15 AM,11/10/24 10:47 PM,2,425,810
CHELSEA - Entire Development,425 WEST 25TH STREET,"NEW YORK, NY 10001",Hot Water,Unplanned,05/22/25,05:03 AM,05/22/25 02:44 PM,2,425,810
CHELSEA - Entire Development,425 WEST 25TH STREET,"NEW YORK, NY 10001",Hot Water,Planned,05/13/25,09:00 AM,05/13/25 03:50 PM,2,425,810
CHELSEA - Building 01,425 WEST 25TH STREET,"NEW YORK, NY 10001",Hot Water,Planned,04/22/25,09:00 AM,04/22/25 10:23 PM,1,202,404
CLAREMONT REHAB (GROUP 2) - Building 06,1278 CLAY AVENUE,"BRONX, NY 10456",Hot Water,Unplanned,10/17/24,03:30 PM,10/17/24 09:39 PM,1,9,23
CLAREMONT REHAB (GROUP 2) - Building 04,1236 CLAY AVENUE,"BRONX, NY 10456",Hot Water,Unplanned,05/10/25,11:00 AM,05/10/25 03:34 PM,1,13,28
CLAREMONT REHAB (GROUP 2) - Building 01,1115 CLAY AVENUE,"BRONX, NY 10456",Heat,Unplanned,01/02/25,11:00 PM,01/03/25 11:34 AM,1,39,86
CLAREMONT REHAB (GROUP 3) - Entire Development,1052 TELLER AVENUE,"BRONX, NY 10456",Heat,Unplanned,02/04/25,09:06 PM,02/05/25 02:48 AM,5,115,220
CLAREMONT REHAB (GROUP 4) - Building 05,1128 FINDLAY AVENUE,"BRONX, NY 10456",Heat,Unplanned,03/12/25,09:00 AM,03/12/25 09:50 PM,1,44,88
CLAREMONT REHAB (GROUP 4) - Building 05,1128 FINDLAY AVENUE,"BRONX, NY 10456",Hot Water,Unplanned,03/09/25,09:11 AM,03/10/25 06:05 AM,1,44,88
CLAREMONT REHAB (GROUP 4) - Building 05,1128 FINDLAY AVENUE,"BRONX, NY 10456",Heat,Unplanned,03/09/25,09:11 AM,03/10/25 05:59 AM,1,44,88
CLAREMONT REHAB (GROUP 5) - Building 01,1150 COLLEGE AVENUE,"BRONX, NY 10456",Hot Water,Unplanned,05/11/25,08:59 AM,05/11/25 03:29 PM,1,63,115
CLAREMONT REHAB (GROUP 5) - Building 01,1150 COLLEGE AVENUE,"BRONX, NY 10456",Heat,Unplanned,01/23/25,08:00 PM,01/24/25 03:38 PM,1,63,115
CLASON POINT,Sectional,,Hot Water,Planned,03/18/25,09:00 AM,03/18/25 05:06 PM,,,
CLINTON - Building 03,1738 LEXINGTON AVENUE,"NEW YORK, NY 10029",Hot Water,Unplanned,12/11/24,10:00 AM,12/11/24 08:38 PM,1,139,283
CLINTON - Entire Development,1505 PARK AVENUE,"NEW YORK, NY 10029",Heat,Planned,12/10/24,09:00 AM,12/10/24 09:13 PM,8,749,"1,533"
CLINTON - Entire Development,1505 PARK AVENUE,"NEW YORK, NY 10029",Hot Water,Planned,12/10/24,09:00 AM,12/10/24 09:10 PM,8,749,"1,533"
CLINTON,Sectional,,Heat,Unplanned,12/08/24,12:27 PM,12/08/24 08:55 PM,,,
CLINTON,Sectional,,Hot Water,Unplanned,12/08/24,12:24 PM,12/08/24 08:55 PM,,,
CLINTON - Building 04,1485 PARK AVENUE,"NEW YORK, NY 10029",Hot Water,Unplanned,11/07/24,09:30 AM,11/07/24 07:22 PM,1,139,278
CLINTON,Sectional,,Hot Water,Unplanned,10/13/24,08:00 AM,10/13/24 04:50 PM,,,
CLINTON,Sectional,,Hot Water,Unplanned,05/31/25,09:29 AM,05/31/25 03:16 PM,,,
CLINTON,Sectional,,Hot Water,Unplanned,05/16/25,08:00 AM,05/16/25 02:29 PM,,,
CLINTON - Building 03,1738 LEXINGTON AVENUE,"NEW YORK, NY 10029",Hot Water,Planned,05/15/25,09:00 AM,05/15/25 07:51 PM,1,139,283
CLINTON - Building 03,1738 LEXINGTON AVENUE,"NEW YORK, NY 10029",Hot Water,Unplanned,03/30/25,11:02 AM,03/30/25 07:03 PM,1,139,283
CLINTON,Sectional,,Heat,Unplanned,03/23/25,01:52 PM,03/23/25 11:22 PM,,,
CLINTON,Sectional,,Hot Water,Unplanned,03/23/25,01:52 PM,03/23/25 10:16 PM,,,
CLINTON - Building 05,1405 PARK AVENUE,"NEW YORK, NY 10029",Hot Water,Planned,03/20/25,09:00 AM,03/20/25 07:53 PM,1,139,300
CLINTON - Building 03,1738 LEXINGTON AVENUE,"NEW YORK, NY 10029",Hot Water,Planned,03/19/25,09:00 AM,03/20/25 05:57 AM,1,139,283
CLINTON - Building 06,107 EAST 105TH STREET,"NEW YORK, NY 10029",Hot Water,Planned,03/20/25,09:00 AM,03/20/25 04:42 PM,1,52,82
CLINTON - Building 04,1485 PARK AVENUE,"NEW YORK, NY 10029",Hot Water,Planned,03/19/25,09:00 AM,03/19/25 09:02 PM,1,139,278
CLINTON - Building 02,1760 LEXINGTON AVENUE,"NEW YORK, NY 10029",Hot Water,Planned,03/19/25,09:00 AM,03/19/25 07:51 PM,1,140,304
CLINTON - Building 01,1505 PARK AVENUE,"NEW YORK, NY 10029",Hot Water,Planned,03/19/25,09:00 AM,03/19/25 06:06 PM,1,140,286
CLINTON,Sectional,,Hot Water,Unplanned,03/12/25,09:00 PM,03/13/25 05:44 AM,,,
CLINTON,Sectional,,Heat,Unplanned,03/12/25,09:00 PM,03/13/25 05:26 AM,,,
CLINTON,Sectional,,Heat,Unplanned,03/04/25,10:00 AM,03/05/25 12:06 AM,,,
CLINTON,Sectional,,Hot Water,Unplanned,03/04/25,10:00 AM,03/05/25 12:02 AM,,,
CLINTON,Sectional,,Hot Water,Unplanned,02/13/25,04:00 PM,02/14/25 01:18 AM,,,
CLINTON,Sectional,,Heat,Unplanned,02/13/25,04:00 PM,02/14/25 01:14 AM,,,
CLINTON - Building 03,1738 LEXINGTON AVENUE,"NEW YORK, NY 10029",Heat,Planned,02/03/25,09:00 AM,02/04/25 12:22 AM,1,139,283
CLINTON - Building 03,1738 LEXINGTON AVENUE,"NEW YORK, NY 10029",Hot Water,Planned,02/03/25,09:00 AM,02/04/25 03:52 AM,1,139,283
CONEY ISLAND - Entire Development,3025 WEST 32ND STREET,"BROOKLYN, NY 11224",Heat,Unplanned,02/21/25,05:58 AM,02/21/25 12:18 PM,5,534,931
CONEY ISLAND - Entire Development,3025 WEST 32ND STREET,"BROOKLYN, NY 11224",Hot Water,Unplanned,02/21/25,05:58 AM,02/21/25 12:15 PM,5,534,931
CONEY ISLAND I (SITE 1B) - Entire Development,2007 SURF AVENUE,"BROOKLYN, NY 11224",Hot Water,Unplanned,01/31/25,01:23 PM,01/31/25 10:47 PM,1,193,392
CONEY ISLAND I (SITE 1B) - Entire Development,2007 SURF AVENUE,"BROOKLYN, NY 11224",Heat,Unplanned,01/31/25,01:23 PM,01/31/25 10:44 PM,1,193,392
CONEY ISLAND I (SITES 4 & 5) - Entire Development,2925 WEST 27TH STREET,"BROOKLYN, NY 11224",Hot Water,Unplanned,05/25/25,09:17 AM,05/25/25 04:40 PM,2,376,842
CONLON LIHFE TOWERS - Entire Development,92-33 170TH STREET,"JAMAICA, NY 11433",Hot Water,Unplanned,05/24/25,10:28 AM,05/24/25 08:27 PM,1,216,246
CONLON LIHFE TOWERS - Building 01,92-33 170TH STREET,"JAMAICA, NY 11433",Heat,Planned,04/16/25,09:00 AM,04/16/25 01:21 PM,1,216,246
CONLON LIHFE TOWERS - Building 01,92-33 170TH STREET,"JAMAICA, NY 11433",Hot Water,Planned,04/16/25,09:00 AM,04/16/25 01:20 PM,1,216,246
COOPER PARK - Building 11,295 JACKSON STREET,"BROOKLYN, NY 11211",Hot Water,Unplanned,05/25/25,07:20 AM,05/25/25 04:33 PM,1,49,152
COOPER PARK - Entire Development,275 JACKSON STREET,"BROOKLYN, NY 11211",Hot Water,Planned,05/14/25,09:08 AM,05/14/25 05:18 PM,11,700,"1,406"
COOPER PARK - Entire Development,275 JACKSON STREET,"BROOKLYN, NY 11211",Hot Water,Planned,04/04/25,01:28 PM,04/04/25 04:31 PM,11,700,"1,406"
COOPER PARK,Sectional,,Hot Water,Unplanned,03/21/25,09:00 AM,03/21/25 05:25 PM,,,
COOPER PARK,Sectional,,Heat,Unplanned,03/21/25,09:00 AM,03/21/25 04:57 PM,,,
COOPER PARK - Building 07,417 MORGAN AVENUE,"BROOKLYN, NY 11211",Hot Water,Unplanned,03/11/25,07:09 PM,03/11/25 10:32 PM,1,49,112
COOPER PARK - Building 01,275 JACKSON STREET,"BROOKLYN, NY 11211",Hot Water,Unplanned,02/11/25,09:00 AM,02/11/25 03:49 PM,1,56,112
CYPRESS HILLS - Building 07,375 FOUNTAIN AVENUE,"BROOKLYN, NY 11208",Hot Water,Unplanned,11/17/24,03:00 PM,11/17/24 08:04 PM,1,95,197
CYPRESS HILLS - Building 01,1260 SUTTER AVENUE,"BROOKLYN, NY 11208",Hot Water,Planned,05/08/25,09:55 AM,05/08/25 12:39 PM,1,95,184
CYPRESS HILLS - Building 14,2525 LINDEN BOULEVARD,"BROOKLYN, NY 11208",Hot Water,Planned,05/06/25,09:20 AM,05/06/25 03:31 PM,1,98,179
CYPRESS HILLS - Building 15,515 FOUNTAIN AVENUE,"BROOKLYN, NY 11208",Hot Water,Planned,05/06/25,09:00 AM,05/06/25 03:30 PM,1,98,177
CYPRESS HILLS - Building 13,2545 LINDEN BOULEVARD,"BROOKLYN, NY 11208",Hot Water,Planned,05/01/25,08:10 AM,05/01/25 04:09 PM,1,98,198
CYPRESS HILLS - Building 12,730 EUCLID AVENUE,"BROOKLYN, NY 11208",Hot Water,Planned,05/01/25,08:10 AM,05/01/25 04:09 PM,1,98,191
CYPRESS HILLS - Building 10,495 FOUNTAIN AVENUE,"BROOKLYN, NY 11208",Hot Water,Planned,04/29/25,09:00 AM,04/29/25 02:48 PM,1,94,188
CYPRESS HILLS - Building 09,455 FOUNTAIN AVENUE,"BROOKLYN, NY 11208",Hot Water,Planned,04/29/25,09:00 AM,04/29/25 02:48 PM,1,90,201
CYPRESS HILLS - Building 11,700 EUCLID AVENUE,"BROOKLYN, NY 11208",Hot Water,Planned,04/24/25,08:30 AM,04/24/25 04:18 PM,1,94,169
CYPRESS HILLS - Building 08,395 FOUNTAIN AVENUE,"BROOKLYN, NY 11208",Hot Water,Planned,04/24/25,08:30 AM,04/24/25 02:32 PM,1,98,199
CYPRESS HILLS - Building 07,375 FOUNTAIN AVENUE,"BROOKLYN, NY 11208",Hot Water,Planned,04/22/25,08:20 AM,04/22/25 04:40 PM,1,95,197
CYPRESS HILLS - Building 05,1200 SUTTER AVENUE,"BROOKLYN, NY 11208",Hot Water,Planned,04/22/25,08:20 AM,04/22/25 03:17 PM,1,98,182
CYPRESS HILLS - Building 03,315 FOUNTAIN AVENUE,"BROOKLYN, NY 11208",Hot Water,Planned,04/17/25,08:30 AM,04/17/25 03:45 PM,1,98,189
CYPRESS HILLS - Building 06,345 FOUNTAIN AVENUE,"BROOKLYN, NY 11208",Hot Water,Planned,04/17/25,08:30 AM,04/17/25 03:45 PM,1,94,177
CYPRESS HILLS - Building 01,1260 SUTTER AVENUE,"BROOKLYN, NY 11208",Hot Water,Planned,04/15/25,08:10 AM,04/15/25 03:52 PM,1,95,184
CYPRESS HILLS - Building 02,1230 SUTTER AVENUE,"BROOKLYN, NY 11208",Hot Water,Planned,04/15/25,08:18 AM,04/15/25 03:52 PM,1,98,199
CYPRESS HILLS - Building 04,1250 SUTTER AVENUE,"BROOKLYN, NY 11208",Hot Water,Planned,04/08/25,09:00 AM,04/08/25 03:41 PM,1,98,188
CYPRESS HILLS,Sectional,,Heat,Planned,03/12/25,08:00 AM,03/12/25 06:01 PM,,,
CYPRESS HILLS,Sectional,,Heat,Planned,01/17/25,08:30 AM,01/17/25 04:09 PM,,,
DE HOSTOS APARTMENTS - Building 01,201 WEST 93RD STREET,"NEW YORK, NY 10025",Heat,Unplanned,11/15/24,08:00 PM,11/16/24 04:01 PM,1,223,430
DE HOSTOS APARTMENTS - Entire Development,201 WEST 93RD STREET,"NEW YORK, NY 10025",Hot Water,Unplanned,11/16/24,12:00 AM,11/16/24 03:45 PM,1,223,430
DE HOSTOS APARTMENTS - Entire Development,201 WEST 93RD STREET,"NEW YORK, NY 10025",Heat,Unplanned,11/16/24,12:00 AM,11/16/24 03:12 PM,1,223,430
DE HOSTOS APARTMENTS - Entire Development,201 WEST 93RD STREET,"NEW YORK, NY 10025",Hot Water,Unplanned,05/24/25,10:00 PM,05/25/25 03:24 PM,1,223,430
DOUGLASS ADDITION,868 AMSTERDAM AVENUE,"NEW YORK, NY 10025",Heat,Unplanned,12/28/24,01:30 PM,12/28/24 10:33 PM,1,15,41
DOUGLASS ADDITION,868 AMSTERDAM AVENUE,"NEW YORK, NY 10025",Heat,Unplanned,12/28/24,01:30 PM,12/28/24 10:13 PM,1,15,17
DOUGLASS ADDITION - Entire Development,868 AMSTERDAM AVENUE,"NEW YORK, NY 10025",Heat,Unplanned,12/22/24,02:30 PM,12/22/24 08:23 PM,1,135,284
DOUGLASS ADDITION - Entire Development,868 AMSTERDAM AVENUE,"NEW YORK, NY 10025",Hot Water,Unplanned,12/22/24,02:00 PM,12/22/24 08:21 PM,1,135,284
DOUGLASS ADDITION - Entire Development,868 AMSTERDAM AVENUE,"NEW YORK, NY 10025",Hot Water,Unplanned,12/19/24,03:00 PM,12/19/24 06:50 PM,1,135,284
DOUGLASS ADDITION - Entire Development,868 AMSTERDAM AVENUE,"NEW YORK, NY 10025",Heat,Unplanned,12/19/24,03:00 PM,12/19/24 06:47 PM,1,135,284
DOUGLASS ADDITION - Entire Development,868 AMSTERDAM AVENUE,"NEW YORK, NY 10025",Heat,Planned,03/20/25,09:00 AM,03/20/25 05:44 PM,1,135,284
DOUGLASS ADDITION - Entire Development,868 AMSTERDAM AVENUE,"NEW YORK, NY 10025",Hot Water,Planned,03/20/25,09:00 AM,03/20/25 05:44 PM,1,135,284
DOUGLASS I - Building 10,850 COLUMBUS AVENUE,"NEW YORK, NY 10025",Hot Water,Planned,12/30/24,09:00 AM,12/30/24 07:19 PM,1,72,121
DOUGLASS I - Building 10,850 COLUMBUS AVENUE,"NEW YORK, NY 10025",Heat,Unplanned,12/19/24,09:00 AM,12/19/24 03:34 PM,1,72,121
DOUGLASS I - Building 10,850 COLUMBUS AVENUE,"NEW YORK, NY 10025",Hot Water,Unplanned,12/19/24,09:00 AM,12/19/24 03:33 PM,1,72,121
DOUGLASS I - Entire Development,825 COLUMBUS AVENUE,"NEW YORK, NY 10025",Heat,Planned,12/05/24,09:05 AM,12/05/24 11:19 PM,11,"1,305","2,331"
DOUGLASS I - Entire Development,825 COLUMBUS AVENUE,"NEW YORK, NY 10025",Hot Water,Planned,12/05/24,09:05 AM,12/05/24 11:10 PM,11,"1,305","2,331"
DOUGLASS I - Entire Development,825 COLUMBUS AVENUE,"NEW YORK, NY 10025",Heat,Planned,11/25/24,09:00 AM,11/25/24 05:19 PM,11,"1,305","2,331"
DOUGLASS I - Entire Development,825 COLUMBUS AVENUE,"NEW YORK, NY 10025",Hot Water,Planned,11/25/24,09:00 AM,11/25/24 03:48 PM,11,"1,305","2,331"
DOUGLASS I - Building 10,850 COLUMBUS AVENUE,"NEW YORK, NY 10025",Hot Water,Planned,11/07/24,09:00 AM,11/07/24 07:51 PM,1,72,121
DOUGLASS I - Building 08,60 WEST 104TH STREET,"NEW YORK, NY 10025",Hot Water,Unplanned,11/04/24,03:30 PM,11/04/24 08:31 PM,1,96,193
DOUGLASS I - Building 08,60 WEST 104TH STREET,"NEW YORK, NY 10025",Hot Water,Planned,05/27/25,09:00 AM,05/27/25 07:12 PM,1,96,193
DOUGLASS I - Entire Development,825 COLUMBUS AVENUE,"NEW YORK, NY 10025",Hot Water,Planned,05/06/25,05:20 PM,05/06/25 06:26 PM,11,"1,305","2,331"
DOUGLASS I - Building 05,55 WEST 100TH STREET,"NEW YORK, NY 10025",Hot Water,Planned,04/23/25,09:00 AM,04/23/25 07:54 PM,1,96,168
DOUGLASS I - Building 16,51 MANHATTAN AVENUE,"NEW YORK, NY 10025",Hot Water,Planned,04/02/25,09:00 AM,04/02/25 03:48 PM,1,30,33
DOUGLASS I - Building 17,74 WEST 103RD STREET,"NEW YORK, NY 10025",Hot Water,Planned,04/02/25,09:00 AM,04/02/25 03:47 PM,1,29,37
DOUGLASS I - Building 12,860 COLUMBUS AVENUE,"NEW YORK, NY 10025",Hot Water,Planned,03/11/25,09:00 AM,03/11/25 05:32 PM,1,160,303
DOUGLASS I - Building 11,870 COLUMBUS AVENUE,"NEW YORK, NY 10025",Hot Water,Planned,03/11/25,09:00 AM,03/11/25 05:30 PM,1,177,303
DOUGLASS I - Building 10,850 COLUMBUS AVENUE,"NEW YORK, NY 10025",Hot Water,Planned,03/07/25,09:20 AM,03/07/25 05:51 PM,1,72,121
DOUGLASS I - Building 09,875 COLUMBUS AVENUE,"NEW YORK, NY 10025",Hot Water,Planned,03/05/25,09:00 AM,03/05/25 07:11 PM,1,173,312
DOUGLASS I - Building 08,60 WEST 104TH STREET,"NEW YORK, NY 10025",Hot Water,Planned,03/05/25,09:00 AM,03/05/25 07:08 PM,1,96,193
DOUGLASS I - Building 07,865 COLUMBUS AVENUE,"NEW YORK, NY 10025",Hot Water,Planned,03/04/25,08:00 AM,03/04/25 05:24 PM,1,160,285
DOUGLASS I - Building 06,845 COLUMBUS AVENUE,"NEW YORK, NY 10025",Hot Water,Planned,03/04/25,08:00 AM,03/04/25 05:23 PM,1,160,308
DOUGLASS I - Building 05,55 WEST 100TH STREET,"NEW YORK, NY 10025",Hot Water,Planned,03/03/25,09:00 AM,03/03/25 07:37 PM,1,96,168
DOUGLASS I - Building 04,825 COLUMBUS AVENUE,"NEW YORK, NY 10025",Hot Water,Planned,03/03/25,09:00 AM,03/03/25 07:36 PM,1,152,268
DOUGLASS II,Sectional,,Hot Water,Planned,12/30/24,09:00 AM,12/30/24 07:15 PM,,,
DOUGLASS II,Sectional,,Heat,Unplanned,12/19/24,09:00 AM,12/19/24 03:34 PM,,,
DOUGLASS II,Sectional,,Hot Water,Unplanned,12/19/24,09:00 AM,12/19/24 03:33 PM,,,
DOUGLASS II - Entire Development,840 COLUMBUS AVENUE,"NEW YORK, NY 10025",Heat,Planned,12/05/24,09:05 AM,12/05/24 10:59 PM,6,753,"1,454"
DOUGLASS II - Entire Development,840 COLUMBUS AVENUE,"NEW YORK, NY 10025",Hot Water,Planned,12/05/24,09:05 AM,12/05/24 10:53 PM,6,753,"1,454"
DOUGLASS II - Entire Development,840 COLUMBUS AVENUE,"NEW YORK, NY 10025",Hot Water,Planned,11/25/24,09:00 AM,11/25/24 05:21 PM,6,753,"1,454"
DOUGLASS II - Entire Development,840 COLUMBUS AVENUE,"NEW YORK, NY 10025",Heat,Planned,11/25/24,09:00 AM,11/25/24 05:20 PM,6,753,"1,454"
DOUGLASS II - Building 13,140 WEST 104TH STREET,"NEW YORK, NY 10025",Hot Water,Planned,11/08/24,09:00 AM,11/08/24 04:35 PM,1,136,266
DOUGLASS II - Building 14,865 AMSTERDAM AVENUE,"NEW YORK, NY 10025",Hot Water,Planned,10/11/24,09:00 AM,10/11/24 07:24 PM,1,136,279
DOUGLASS II - Building 01,840 COLUMBUS AVENUE,"NEW YORK, NY 10025",Hot Water,Planned,05/23/25,09:00 AM,05/23/25 08:34 PM,1,160,306
DOUGLASS II - Entire Development,840 COLUMBUS AVENUE,"NEW YORK, NY 10025",Hot Water,Planned,05/06/25,09:00 AM,05/06/25 06:25 PM,6,753,"1,454"
DOUGLASS II - Building 13,140 WEST 104TH STREET,"NEW YORK, NY 10025",Hot Water,Planned,03/12/25,09:00 AM,03/12/25 05:40 PM,1,136,266
DOUGLASS II - Building 15,875 AMSTERDAM AVENUE,"NEW YORK, NY 10025",Hot Water,Planned,03/12/25,09:00 AM,03/12/25 05:36 PM,1,96,179
DOUGLASS II - Building 14,865 AMSTERDAM AVENUE,"NEW YORK, NY 10025",Hot Water,Planned,03/12/25,09:00 AM,03/12/25 05:36 PM,1,136,279
DOUGLASS II - Building 03,830 COLUMBUS AVENUE,"NEW YORK, NY 10025",Hot Water,Planned,03/07/25,09:00 AM,03/07/25 05:52 PM,1,72,138
DOUGLASS II - Building 02,826 COLUMBUS AVENUE,"NEW YORK, NY 10025",Hot Water,Planned,03/06/25,09:00 AM,03/06/25 06:53 PM,1,153,286
DOUGLASS II - Building 01,840 COLUMBUS AVENUE,"NEW YORK, NY 10025",Hot Water,Planned,03/06/25,09:00 AM,03/06/25 06:52 PM,1,160,306
DREW-HAMILTON - Entire Development,210 WEST 142ND STREET,"NEW YORK, NY 10030",Heat,Unplanned,12/27/24,08:18 PM,12/28/24 05:43 AM,5,"1,217","2,184"
DREW-HAMILTON - Entire Development,210 WEST 142ND STREET,"NEW YORK, NY 10030",Hot Water,Unplanned,12/27/24,08:18 PM,12/28/24 05:36 AM,5,"1,217","2,184"
DREW-HAMILTON - Building 03,2698 F DOUGLASS BOULEVARD,"NEW YORK, NY 10030",Hot Water,Unplanned,11/12/24,12:39 PM,11/12/24 05:58 PM,1,246,457
DREW-HAMILTON - Building 02,2680 F DOUGLASS BOULEVARD,"NEW YORK, NY 10030",Hot Water,Planned,10/24/24,08:45 AM,10/24/24 02:37 PM,1,244,405
DREW-HAMILTON - Building 02,2680 F DOUGLASS BOULEVARD,"NEW YORK, NY 10030",Hot Water,Unplanned,10/10/24,07:30 AM,10/10/24 06:52 PM,1,244,405
DREW-HAMILTON - Entire Development,210 WEST 142ND STREET,"NEW YORK, NY 10030",Hot Water,Planned,05/20/25,09:00 AM,05/20/25 09:00 PM,5,"1,217","2,184"
DREW-HAMILTON - Building 03,2698 F DOUGLASS BOULEVARD,"NEW YORK, NY 10030",Hot Water,Unplanned,04/06/25,10:21 AM,04/07/25 02:00 AM,1,246,457
DREW-HAMILTON - Building 05,200 WEST 143RD STREET,"NEW YORK, NY 10030",Hot Water,Unplanned,02/11/25,11:06 PM,02/12/25 02:00 PM,1,240,438
DYCKMAN - Building 07,3784 10TH AVENUE,"NEW YORK, NY 10034",Hot Water,Unplanned,12/05/24,12:00 AM,12/05/24 08:30 PM,1,168,303
DYCKMAN - Building 05,213 NAGLE AVENUE,"NEW YORK, NY 10034",Hot Water,Planned,11/26/24,01:48 PM,11/26/24 03:57 PM,1,168,286
DYCKMAN - Building 05,213 NAGLE AVENUE,"NEW YORK, NY 10034",Hot Water,Unplanned,11/14/24,04:00 PM,11/14/24 10:56 PM,1,168,286
DYCKMAN - Building 03,195 NAGLE AVENUE,"NEW YORK, NY 10034",Hot Water,Planned,10/25/24,09:00 AM,10/25/24 08:27 PM,1,168,293
DYCKMAN - Building 03,195 NAGLE AVENUE,"NEW YORK, NY 10034",Heat,Planned,10/25/24,09:00 AM,10/25/24 01:59 PM,1,168,293
DYCKMAN - Building 02,3716 10TH AVENUE,"NEW YORK, NY 10034",Hot Water,Planned,10/24/24,09:00 AM,10/24/24 03:15 PM,1,168,275
DYCKMAN - Entire Development,177 NAGLE AVENUE,"NEW YORK, NY 10034",Hot Water,Planned,05/15/25,09:19 AM,05/15/25 06:27 PM,8,"1,167","1,977"
DYCKMAN - Building 06,3758 10TH AVENUE,"NEW YORK, NY 10034",Hot Water,Unplanned,03/15/25,11:11 AM,03/15/25 06:21 PM,1,168,279
DYCKMAN - Building 02,3716 10TH AVENUE,"NEW YORK, NY 10034",Hot Water,Planned,03/10/25,08:30 AM,03/10/25 07:15 PM,1,168,275
DYCKMAN - Building 03,195 NAGLE AVENUE,"NEW YORK, NY 10034",Hot Water,Planned,03/10/25,08:30 AM,03/10/25 06:11 PM,1,168,293
DYCKMAN - Building 04,3736 10TH AVENUE,"NEW YORK, NY 10034",Hot Water,Planned,03/10/25,08:30 AM,03/10/25 05:22 PM,1,162,287
DYCKMAN - Building 01,177 NAGLE AVENUE,"NEW YORK, NY 10034",Hot Water,Planned,03/10/25,08:45 AM,03/10/25 05:16 PM,1,165,254
DYCKMAN - Entire Development,177 NAGLE AVENUE,"NEW YORK, NY 10034",Heat,Unplanned,02/13/25,02:17 PM,02/13/25 09:32 PM,8,"1,167","1,977"
EAST 152ND STREET-COURTLANDT AVENUE - Entire Development,372 EAST 152ND STREET,"BRONX, NY 10455",Hot Water,Planned,05/28/25,11:45 AM,05/28/25 06:50 PM,2,221,325
EAST 152ND STREET-COURTLANDT AVENUE - Entire Development,372 EAST 152ND STREET,"BRONX, NY 10455",Hot Water,Unplanned,05/08/25,07:21 PM,05/08/25 09:58 PM,2,221,325
EAST 180TH STREET-MONTEREY AVENUE - Entire Development,2111 LAFONTAINE AVENUE,"BRONX, NY 10457",Heat,Unplanned,03/09/25,05:07 AM,03/09/25 12:54 PM,2,239,0
EAST 180TH STREET-MONTEREY AVENUE - Entire Development,2111 LAFONTAINE AVENUE,"BRONX, NY 10457",Hot Water,Planned,03/07/25,09:10 AM,03/07/25 06:31 PM,2,239,0
EAST 180TH STREET-MONTEREY AVENUE - Entire Development,2111 LAFONTAINE AVENUE,"BRONX, NY 10457",Hot Water,Planned,03/06/25,10:30 AM,03/06/25 06:54 PM,2,239,0
EAST 180TH STREET-MONTEREY AVENUE - Entire Development,2111 LAFONTAINE AVENUE,"BRONX, NY 10457",Heat,Unplanned,03/02/25,02:30 PM,03/02/25 11:25 PM,2,239,0
EAST 180TH STREET-MONTEREY AVENUE - Entire Development,2111 LAFONTAINE AVENUE,"BRONX, NY 10457",Hot Water,Unplanned,02/22/25,12:15 PM,02/22/25 07:38 PM,2,239,0
EAST 180TH STREET-MONTEREY AVENUE - Entire Development,2111 LAFONTAINE AVENUE,"BRONX, NY 10457",Hot Water,Unplanned,02/12/25,09:15 PM,02/13/25 02:01 AM,2,239,0
EAST 180TH STREET-MONTEREY AVENUE - Entire Development,2111 LAFONTAINE AVENUE,"BRONX, NY 10457",Hot Water,Unplanned,02/11/25,03:10 PM,02/11/25 11:29 PM,2,239,0
EAST 180TH STREET-MONTEREY AVENUE - Building 01,2111 LAFONTAINE AVENUE,"BRONX, NY 10457",Hot Water,Unplanned,02/10/25,06:25 PM,02/11/25 03:01 AM,1,239,0
EAST 180TH STREET-MONTEREY AVENUE - Building 01,2111 LAFONTAINE AVENUE,"BRONX, NY 10457",Hot Water,Unplanned,02/09/25,03:02 PM,02/10/25 04:14 AM,1,239,0
EAST 180TH STREET-MONTEREY AVENUE - Entire Development,2111 LAFONTAINE AVENUE,"BRONX, NY 10457",Heat,Unplanned,01/21/25,08:13 AM,01/21/25 05:45 PM,2,239,0
EAST NEW YORK CITY LINE,Sectional,,Hot Water,Unplanned,12/23/24,02:00 PM,12/23/24 08:28 PM,,,
EAST NEW YORK CITY LINE,Sectional,,Heat,Unplanned,12/23/24,02:00 PM,12/23/24 07:54 PM,,,
EAST NEW YORK CITY LINE,Sectional,,Heat,Unplanned,12/19/24,02:00 PM,12/19/24 10:03 PM,,,
EAST NEW YORK CITY LINE,Sectional,,Hot Water,Planned,12/11/24,09:00 AM,12/11/24 06:40 PM,,,
EAST NEW YORK CITY LINE,Sectional,,Hot Water,Unplanned,05/04/25,01:42 AM,05/04/25 01:12 PM,,,
EAST RIVER - Building 07,433 EAST 102ND STREET,"NEW YORK, NY 10029",Heat,Unplanned,12/03/24,10:00 AM,12/03/24 08:05 PM,1,120,205
EAST RIVER - Building 01,410 EAST 105TH STREET,"NEW YORK, NY 10029",Hot Water,Unplanned,11/28/24,11:00 PM,11/29/24 01:46 PM,1,160,272
EAST RIVER - Building 10,435 EAST 102ND STREET,"NEW YORK, NY 10029",Hot Water,Unplanned,10/16/24,03:00 PM,10/16/24 07:18 PM,1,120,216
EAST RIVER - Entire Development,410 EAST 105TH STREET,"NEW YORK, NY 10029",Hot Water,Unplanned,04/30/25,10:35 AM,04/30/25 04:04 PM,11,"1,170","1,927"
EAST RIVER - Building 03,400 EAST 105TH STREET,"NEW YORK, NY 10029",Hot Water,Planned,04/15/25,09:00 AM,04/15/25 02:36 PM,1,140,193
EAST RIVER - Building 05,440 EAST 105TH STREET,"NEW YORK, NY 10029",Hot Water,Planned,04/15/25,09:00 AM,04/15/25 02:35 PM,1,80,125
EAST RIVER - Building 09,450 EAST 105TH STREET,"NEW YORK, NY 10029",Hot Water,Planned,04/07/25,09:00 AM,04/07/25 04:58 PM,1,90,173
EAST RIVER - Building 08,442 EAST 105TH STREET,"NEW YORK, NY 10029",Hot Water,Planned,04/03/25,08:00 AM,04/03/25 07:53 PM,1,120,188
EAST RIVER - Building 10,435 EAST 102ND STREET,"NEW YORK, NY 10029",Hot Water,Planned,04/03/25,08:00 AM,04/03/25 05:10 PM,1,120,216
EAST RIVER - Building 04,430 EAST 105TH STREET,"NEW YORK, NY 10029",Hot Water,Planned,04/02/25,08:00 AM,04/02/25 07:39 PM,1,140,231
EAST RIVER - Building 06,405 EAST 102ND STREET,"NEW YORK, NY 10029",Hot Water,Planned,04/02/25,08:00 AM,04/02/25 02:07 PM,1,120,198
EAST RIVER - Building 02,401 EAST 102ND STREET,"NEW YORK, NY 10029",Hot Water,Unplanned,03/29/25,10:12 AM,03/29/25 09:21 PM,1,80,126
EAST RIVER - Entire Development,410 EAST 105TH STREET,"NEW YORK, NY 10029",Hot Water,Unplanned,03/07/25,09:30 PM,03/08/25 04:14 AM,11,"1,170","1,927"
EAST RIVER - Entire Development,410 EAST 105TH STREET,"NEW YORK, NY 10029",Heat,Unplanned,03/07/25,09:30 PM,03/08/25 03:55 AM,11,"1,170","1,927"
EAST RIVER - Building 06,405 EAST 102ND STREET,"NEW YORK, NY 10029",Hot Water,Unplanned,03/05/25,05:43 PM,03/05/25 11:46 PM,1,120,198
EAST RIVER - Building 07,433 EAST 102ND STREET,"NEW YORK, NY 10029",Hot Water,Unplanned,03/03/25,04:45 PM,03/04/25 12:06 AM,1,120,205
EAST RIVER - Building 07,433 EAST 102ND STREET,"NEW YORK, NY 10029",Hot Water,Unplanned,03/04/25,04:17 PM,03/04/25 11:09 PM,1,120,205
EAST RIVER - Entire Development,410 EAST 105TH STREET,"NEW YORK, NY 10029",Hot Water,Planned,02/25/25,11:15 AM,02/25/25 03:13 PM,11,"1,170","1,927"
EAST RIVER - Entire Development,410 EAST 105TH STREET,"NEW YORK, NY 10029",Heat,Planned,02/25/25,11:15 AM,02/25/25 01:50 PM,11,"1,170","1,927"
EAST RIVER - Entire Development,410 EAST 105TH STREET,"NEW YORK, NY 10029",Hot Water,Unplanned,02/15/25,09:30 AM,02/15/25 03:06 PM,11,"1,170","1,927"
EAST RIVER - Entire Development,410 EAST 105TH STREET,"NEW YORK, NY 10029",Heat,Unplanned,02/15/25,09:30 AM,02/15/25 03:00 PM,11,"1,170","1,927"
EAST RIVER - Entire Development,410 EAST 105TH STREET,"NEW YORK, NY 10029",Heat,Unplanned,02/14/25,09:57 AM,02/14/25 02:49 PM,11,"1,170","1,927"
EAST RIVER - Entire Development,410 EAST 105TH STREET,"NEW YORK, NY 10029",Hot Water,Unplanned,02/14/25,09:57 AM,02/14/25 02:44 PM,11,"1,170","1,927"
EAST RIVER - Entire Development,410 EAST 105TH STREET,"NEW YORK, NY 10029",Heat,Planned,02/13/25,02:30 PM,02/14/25 01:06 AM,11,"1,170","1,927"
EAST RIVER - Entire Development,410 EAST 105TH STREET,"NEW YORK, NY 10029",Hot Water,Planned,02/13/25,02:30 PM,02/14/25 01:00 AM,11,"1,170","1,927"
EAST RIVER - Entire Development,410 EAST 105TH STREET,"NEW YORK, NY 10029",Hot Water,Unplanned,02/01/25,08:07 AM,02/01/25 03:33 PM,11,"1,170","1,927"
EAST RIVER - Entire Development,410 EAST 105TH STREET,"NEW YORK, NY 10029",Heat,Unplanned,02/01/25,08:07 AM,02/01/25 03:19 PM,11,"1,170","1,927"
EAST RIVER - Building 06,405 EAST 102ND STREET,"NEW YORK, NY 10029",Heat,Unplanned,01/31/25,05:15 PM,01/31/25 10:19 PM,1,120,198
EAST RIVER - Entire Development,410 EAST 105TH STREET,"NEW YORK, NY 10029",Hot Water,Unplanned,01/28/25,10:00 AM,01/28/25 06:19 PM,11,"1,170","1,927"
EAST RIVER - Entire Development,410 EAST 105TH STREET,"NEW YORK, NY 10029",Heat,Unplanned,01/28/25,10:00 AM,01/28/25 05:43 PM,11,"1,170","1,927"
EAST RIVER - Entire Development,410 EAST 105TH STREET,"NEW YORK, NY 10029",Heat,Unplanned,01/27/25,06:00 PM,01/27/25 11:55 PM,11,"1,170","1,927"
EAST RIVER - Entire Development,410 EAST 105TH STREET,"NEW YORK, NY 10029",Hot Water,Unplanned,01/27/25,06:00 PM,01/27/25 11:49 PM,11,"1,170","1,927"
EAST RIVER - Entire Development,410 EAST 105TH STREET,"NEW YORK, NY 10029",Hot Water,Unplanned,01/27/25,11:00 AM,01/27/25 05:03 PM,11,"1,170","1,927"
EAST RIVER - Entire Development,410 EAST 105TH STREET,"NEW YORK, NY 10029",Heat,Unplanned,01/27/25,11:00 AM,01/27/25 05:02 PM,11,"1,170","1,927"
EAST RIVER - Entire Development,410 EAST 105TH STREET,"NEW YORK, NY 10029",Hot Water,Unplanned,01/20/25,02:09 PM,01/20/25 06:44 PM,11,"1,170","1,927"
EAST RIVER - Entire Development,410 EAST 105TH STREET,"NEW YORK, NY 10029",Heat,Unplanned,01/20/25,02:09 PM,01/20/25 06:38 PM,11,"1,170","1,927"
EAST RIVER - Entire Development,410 EAST 105TH STREET,"NEW YORK, NY 10029",Heat,Unplanned,01/09/25,02:51 PM,01/09/25 09:12 PM,11,"1,170","1,927"
EAST RIVER - Entire Development,410 EAST 105TH STREET,"NEW YORK, NY 10029",Hot Water,Unplanned,01/09/25,02:51 PM,01/09/25 09:08 PM,11,"1,170","1,927"
EAST RIVER - Entire Development,410 EAST 105TH STREET,"NEW YORK, NY 10029",Hot Water,Unplanned,01/05/25,04:09 PM,01/05/25 09:42 PM,11,"1,170","1,927"
EAST RIVER - Entire Development,410 EAST 105TH STREET,"NEW YORK, NY 10029",Heat,Unplanned,01/05/25,04:09 PM,01/05/25 09:33 PM,11,"1,170","1,927"
EAST RIVER - Entire Development,410 EAST 105TH STREET,"NEW YORK, NY 10029",Hot Water,Unplanned,01/05/25,10:51 AM,01/05/25 05:06 PM,11,"1,170","1,927"
EAST RIVER - Entire Development,410 EAST 105TH STREET,"NEW YORK, NY 10029",Heat,Unplanned,01/05/25,11:13 AM,01/05/25 03:36 PM,11,"1,170","1,927"
EAST RIVER - Entire Development,410 EAST 105TH STREET,"NEW YORK, NY 10029",Hot Water,Unplanned,01/04/25,02:00 PM,01/04/25 07:22 PM,11,"1,170","1,927"
EAST RIVER - Entire Development,410 EAST 105TH STREET,"NEW YORK, NY 10029",Heat,Unplanned,01/04/25,02:00 PM,01/04/25 07:21 PM,11,"1,170","1,927"
EASTCHESTER GARDENS - Entire Development,1134 BURKE AVENUE,"BRONX, NY 10469",Heat,Planned,02/25/25,09:00 AM,02/25/25 07:00 PM,10,877,0
EASTCHESTER GARDENS - Entire Development,1134 BURKE AVENUE,"BRONX, NY 10469",Hot Water,Planned,02/25/25,09:00 AM,02/25/25 06:54 PM,10,877,0
EASTCHESTER GARDENS,Sectional,,Heat,Unplanned,02/03/25,11:16 AM,02/03/25 08:11 PM,,,
EASTCHESTER GARDENS,Sectional,,Hot Water,Unplanned,02/03/25,11:16 AM,02/03/25 07:59 PM,,,
EASTCHESTER GARDENS,Sectional,,Heat,Unplanned,01/14/25,02:00 PM,01/14/25 09:43 PM,,,
EASTCHESTER GARDENS,Sectional,,Hot Water,Unplanned,01/14/25,02:00 PM,01/14/25 09:40 PM,,,
ELLIOT - Entire Development,288 10TH AVENUE,"NEW YORK, NY 10001",Hot Water,Planned,11/20/24,10:00 AM,11/20/24 05:41 PM,4,608,"1,153"
ELLIOT - Entire Development,288 10TH AVENUE,"NEW YORK, NY 10001",Hot Water,Unplanned,11/17/24,05:10 PM,11/17/24 10:17 PM,4,608,"1,153"
ELLIOT - Entire Development,288 10TH AVENUE,"NEW YORK, NY 10001",Hot Water,Unplanned,11/10/24,10:15 AM,11/10/24 03:23 PM,4,608,"1,153"
ELLIOT - Entire Development,288 10TH AVENUE,"NEW YORK, NY 10001",Hot Water,Unplanned,11/09/24,10:30 AM,11/09/24 03:27 PM,4,608,"1,153"
ELLIOT - Entire Development,288 10TH AVENUE,"NEW YORK, NY 10001",Hot Water,Unplanned,11/03/24,08:09 AM,11/03/24 12:43 PM,4,608,"1,153"
ELLIOT - Entire Development,288 10TH AVENUE,"NEW YORK, NY 10001",Heat,Unplanned,11/03/24,08:15 AM,11/03/24 12:23 PM,4,608,"1,153"
ELLIOT - Entire Development,288 10TH AVENUE,"NEW YORK, NY 10001",Hot Water,Unplanned,11/03/24,03:00 PM,11/03/24 08:42 PM,4,608,"1,153"
ELLIOT - Entire Development,288 10TH AVENUE,"NEW YORK, NY 10001",Hot Water,Unplanned,05/25/25,07:18 AM,05/25/25 12:51 PM,4,608,"1,153"
ELLIOT - Entire Development,288 10TH AVENUE,"NEW YORK, NY 10001",Hot Water,Planned,05/07/25,09:00 AM,05/07/25 03:22 PM,4,608,"1,153"
ELLIOT - Entire Development,288 10TH AVENUE,"NEW YORK, NY 10001",Hot Water,Unplanned,04/14/25,04:20 PM,04/14/25 09:47 PM,4,608,"1,153"
ELLIOT - Building 03,446 WEST 26TH STREET,"NEW YORK, NY 10001",Hot Water,Planned,04/04/25,09:00 AM,04/04/25 02:32 PM,1,142,243
ELLIOT - Building 04,427 WEST 26TH STREET,"NEW YORK, NY 10001",Hot Water,Planned,04/04/25,09:00 AM,04/04/25 02:32 PM,1,162,313
ELLIOT - Building 04,427 WEST 26TH STREET,"NEW YORK, NY 10001",Hot Water,Planned,03/17/25,09:00 AM,03/17/25 04:54 PM,1,162,313
ELLIOT - Building 03,446 WEST 26TH STREET,"NEW YORK, NY 10001",Hot Water,Planned,03/17/25,09:00 AM,03/17/25 04:52 PM,1,142,243
ELLIOT - Building 04,427 WEST 26TH STREET,"NEW YORK, NY 10001",Heat,Planned,02/03/25,11:00 AM,02/03/25 05:36 PM,1,162,313
ELLIOT - Entire Development,288 10TH AVENUE,"NEW YORK, NY 10001",Hot Water,Unplanned,01/30/25,07:25 PM,01/31/25 12:23 AM,4,608,"1,153"
ELLIOT - Entire Development,288 10TH AVENUE,"NEW YORK, NY 10001",Heat,Unplanned,01/30/25,07:25 PM,01/31/25 12:22 AM,4,608,"1,153"
FARRAGUT - Building 05,191 SANDS STREET,"BROOKLYN, NY 11201",Hot Water,Unplanned,10/29/24,11:00 AM,10/29/24 08:34 PM,1,140,311
FARRAGUT - Building 06,224 YORK STREET,"BROOKLYN, NY 11201",Hot Water,Unplanned,05/18/25,09:05 AM,05/18/25 09:35 PM,1,130,245
FARRAGUT - Building 09,111 BRIDGE STREET,"BROOKLYN, NY 11201",Hot Water,Planned,03/19/25,09:46 AM,03/19/25 01:32 PM,1,140,248
FARRAGUT - Building 02,234 SANDS STREET,"BROOKLYN, NY 11201",Heat,Planned,01/31/25,03:05 PM,01/31/25 03:40 PM,1,140,238
FOREST - Building 14,695 EAST 163RD STREET,"BRONX, NY 10456",Hot Water,Planned,12/16/24,10:15 AM,12/16/24 06:28 PM,1,67,156
FOREST - Entire Development,1000 TRINITY AVENUE,"BRONX, NY 10456",Heat,Unplanned,12/07/24,07:29 AM,12/07/24 06:49 PM,15,"1,350","2,677"
FOREST - Entire Development,1000 TRINITY AVENUE,"BRONX, NY 10456",Hot Water,Unplanned,12/07/24,07:30 AM,12/07/24 06:35 PM,15,"1,350","2,677"
FOREST - Building 09,975 TINTON AVENUE,"BRONX, NY 10456",Hot Water,Unplanned,11/29/24,10:00 AM,11/29/24 09:43 PM,1,72,147
FOREST - Building 14,695 EAST 163RD STREET,"BRONX, NY 10456",Hot Water,Unplanned,11/03/24,03:00 PM,11/03/24 10:05 PM,1,67,156
FOREST - Entire Development,1000 TRINITY AVENUE,"BRONX, NY 10456",Hot Water,Unplanned,11/01/24,10:00 AM,11/01/24 08:11 PM,15,"1,350","2,677"
FOREST - Entire Development,1000 TRINITY AVENUE,"BRONX, NY 10456",Hot Water,Unplanned,05/23/25,10:30 AM,05/24/25 04:56 AM,15,"1,350","2,677"
FOREST - Building 03,735 EAST 165TH STREET,"BRONX, NY 10456",Hot Water,Planned,04/02/25,02:27 PM,04/02/25 03:51 PM,1,111,201
FOREST - Building 04,730 EAST 166TH STREET,"BRONX, NY 10456",Hot Water,Planned,04/01/25,10:00 AM,04/01/25 03:45 PM,1,72,162
FOREST - Building 05,750 EAST 166TH STREET,"BRONX, NY 10456",Hot Water,Planned,04/01/25,02:15 PM,04/01/25 03:04 PM,1,111,231
FOREST - Building 07,765 EAST 165TH STREET,"BRONX, NY 10456",Hot Water,Planned,03/31/25,09:45 AM,03/31/25 06:06 PM,1,72,135
FOREST - Building 06,760 EAST 166TH STREET,"BRONX, NY 10456",Hot Water,Planned,03/31/25,09:30 AM,03/31/25 03:29 PM,1,72,141
FOREST - Building 08,770 EAST 165TH STREET,"BRONX, NY 10456",Hot Water,Planned,03/27/25,09:30 AM,03/27/25 03:42 PM,1,87,150
FOREST - Building 09,975 TINTON AVENUE,"BRONX, NY 10456",Hot Water,Planned,03/27/25,09:15 AM,03/27/25 03:40 PM,1,72,147
FOREST - Building 05,750 EAST 166TH STREET,"BRONX, NY 10456",Hot Water,Unplanned,03/26/25,12:00 PM,03/26/25 09:58 PM,1,111,231
FOREST - Building 10,765 EAST 163RD STREET,"BRONX, NY 10456",Hot Water,Planned,03/26/25,09:45 AM,03/26/25 09:32 PM,1,104,207
FOREST - Building 11,965 TINTON AVENUE,"BRONX, NY 10456",Hot Water,Planned,03/26/25,09:15 AM,03/26/25 04:18 PM,1,108,223
FOREST - Building 12,730 EAST 165TH STREET,"BRONX, NY 10456",Hot Water,Planned,03/25/25,09:30 AM,03/25/25 06:14 PM,1,111,223
FOREST - Building 13,735 EAST 163RD STREET,"BRONX, NY 10456",Hot Water,Planned,03/25/25,09:15 AM,03/25/25 04:00 PM,1,81,141
FOREST - Building 15,980 TRINITY AVENUE,"BRONX, NY 10456",Hot Water,Planned,03/24/25,10:00 AM,03/24/25 07:24 PM,1,63,131
FOREST - Building 14,695 EAST 163RD STREET,"BRONX, NY 10456",Hot Water,Planned,03/24/25,03:42 PM,03/24/25 04:07 PM,1,67,156
FOREST - Entire Development,1000 TRINITY AVENUE,"BRONX, NY 10456",Hot Water,Planned,03/19/25,09:15 AM,03/19/25 07:49 PM,15,"1,350","2,677"
FOREST - Entire Development,1000 TRINITY AVENUE,"BRONX, NY 10456",Heat,Planned,03/19/25,09:15 AM,03/19/25 02:02 PM,15,"1,350","2,677"
FOREST - Entire Development,1000 TRINITY AVENUE,"BRONX, NY 10456",Hot Water,Unplanned,03/14/25,08:07 PM,03/15/25 01:14 AM,15,"1,350","2,677"
FOREST - Entire Development,1000 TRINITY AVENUE,"BRONX, NY 10456",Hot Water,Unplanned,02/03/25,05:50 PM,02/03/25 11:59 PM,15,"1,350","2,677"
FOREST - Entire Development,1000 TRINITY AVENUE,"BRONX, NY 10456",Heat,Unplanned,02/03/25,05:50 PM,02/03/25 10:48 PM,15,"1,350","2,677"
FOREST - Entire Development,1000 TRINITY AVENUE,"BRONX, NY 10456",Heat,Unplanned,02/03/25,10:53 AM,02/03/25 05:39 PM,15,"1,350","2,677"
FOREST - Entire Development,1000 TRINITY AVENUE,"BRONX, NY 10456",Hot Water,Unplanned,02/03/25,10:53 AM,02/03/25 05:37 PM,15,"1,350","2,677"
FOREST - Entire Development,1000 TRINITY AVENUE,"BRONX, NY 10456",Heat,Unplanned,02/02/25,03:13 PM,02/02/25 09:12 PM,15,"1,350","2,677"
FOREST - Entire Development,1000 TRINITY AVENUE,"BRONX, NY 10456",Hot Water,Unplanned,02/02/25,07:25 AM,02/02/25 03:48 PM,15,"1,350","2,677"
FOREST - Entire Development,1000 TRINITY AVENUE,"BRONX, NY 10456",Heat,Unplanned,02/02/25,07:25 AM,02/02/25 02:23 PM,15,"1,350","2,677"
FOREST - Entire Development,1000 TRINITY AVENUE,"BRONX, NY 10456",Heat,Unplanned,01/30/25,05:39 AM,01/30/25 12:19 PM,15,"1,350","2,677"
FOREST - Entire Development,1000 TRINITY AVENUE,"BRONX, NY 10456",Hot Water,Unplanned,01/30/25,05:39 AM,01/30/25 12:18 PM,15,"1,350","2,677"
FORT INDEPENDENCE STREET-HEATH AVENUE - Entire Development,3340 BAILEY AVENUE,"BRONX, NY 10463",Hot Water,Unplanned,11/11/24,04:00 AM,11/11/24 03:51 PM,1,344,0
FORT INDEPENDENCE STREET-HEATH AVENUE - Entire Development,3340 BAILEY AVENUE,"BRONX, NY 10463",Hot Water,Planned,10/31/24,02:45 PM,10/31/24 03:40 PM,1,344,0
FORT INDEPENDENCE STREET-HEATH AVENUE - Entire Development,3340 BAILEY AVENUE,"BRONX, NY 10463",Hot Water,Unplanned,10/11/24,09:23 PM,10/12/24 02:17 AM,1,344,0
FORT INDEPENDENCE STREET-HEATH AVENUE - Entire Development,3340 BAILEY AVENUE,"BRONX, NY 10463",Hot Water,Unplanned,10/10/24,05:51 PM,10/11/24 01:15 AM,1,344,0
FORT INDEPENDENCE STREET-HEATH AVENUE - Entire Development,3340 BAILEY AVENUE,"BRONX, NY 10463",Hot Water,Planned,05/13/25,10:30 AM,05/13/25 07:39 PM,1,344,0
FORT INDEPENDENCE STREET-HEATH AVENUE - Entire Development,3340 BAILEY AVENUE,"BRONX, NY 10463",Heat,Planned,02/28/25,01:30 PM,03/01/25 01:38 AM,1,344,0
FULTON,Sectional,,Hot Water,Unplanned,12/18/24,10:00 AM,12/18/24 06:03 PM,,,
FULTON,Sectional,,Heat,Unplanned,12/18/24,10:00 AM,12/18/24 06:01 PM,,,
FULTON - Entire Development,401 WEST 16TH STREET,"NEW YORK, NY 10011",Hot Water,Planned,12/01/24,11:03 PM,12/02/24 06:31 AM,12,944,"1,743"
FULTON - Entire Development,401 WEST 16TH STREET,"NEW YORK, NY 10011",Heat,Planned,12/01/24,11:03 PM,12/02/24 06:26 AM,12,944,"1,743"
FULTON - Entire Development,401 WEST 16TH STREET,"NEW YORK, NY 10011",Hot Water,Planned,11/06/24,08:59 AM,11/06/24 09:44 AM,12,944,"1,743"
FULTON - Entire Development,401 WEST 16TH STREET,"NEW YORK, NY 10011",Hot Water,Planned,11/04/24,11:00 PM,11/05/24 06:27 AM,12,944,"1,743"
FULTON,Sectional,,Hot Water,Planned,10/04/24,09:00 AM,10/04/24 04:16 PM,,,
FULTON,Sectional,,Hot Water,Planned,10/03/24,09:00 AM,10/03/24 02:45 PM,,,
FULTON - Building 04,434 WEST 17TH STREET,"NEW YORK, NY 10011",Hot Water,Planned,05/27/25,09:00 AM,05/27/25 02:15 PM,1,36,121
FULTON - Building 09,420 WEST 19TH STREET,"NEW YORK, NY 10011",Hot Water,Planned,05/08/25,09:00 AM,05/08/25 04:00 PM,1,219,293
FULTON - Building 01,401 WEST 16TH STREET,"NEW YORK, NY 10011",Hot Water,Unplanned,04/28/25,12:00 PM,04/28/25 05:01 PM,1,36,113
FULTON - Building 01,401 WEST 16TH STREET,"NEW YORK, NY 10011",Hot Water,Planned,04/24/25,09:00 AM,04/24/25 04:34 PM,1,36,113
FULTON - Entire Development,401 WEST 16TH STREET,"NEW YORK, NY 10011",Heat,Planned,04/17/25,11:00 PM,04/18/25 05:44 AM,12,944,"1,743"
FULTON - Entire Development,401 WEST 16TH STREET,"NEW YORK, NY 10011",Hot Water,Planned,04/17/25,11:00 PM,04/18/25 05:40 AM,12,944,"1,743"
FULTON - Building 02,418 WEST 17TH STREET,"NEW YORK, NY 10011",Hot Water,Planned,04/10/25,09:00 AM,04/10/25 07:06 PM,1,219,300
FULTON,Sectional,,Heat,Unplanned,03/07/25,10:00 AM,03/07/25 05:47 PM,,,
FULTON,Sectional,,Hot Water,Unplanned,03/07/25,10:00 AM,03/07/25 05:45 PM,,,
FULTON - Building 07,121 9TH AVENUE,"NEW YORK, NY 10011",Hot Water,Unplanned,02/19/25,09:00 AM,02/19/25 12:37 PM,1,36,103
FULTON - Building 07,121 9TH AVENUE,"NEW YORK, NY 10011",Heat,Unplanned,02/18/25,04:07 PM,02/19/25 02:58 AM,1,36,103
FULTON - Building 06,419 WEST 17TH STREET,"NEW YORK, NY 10011",Hot Water,Unplanned,01/27/25,09:00 AM,01/27/25 09:24 PM,1,218,326
FULTON - Building 06,419 WEST 17TH STREET,"NEW YORK, NY 10011",Hot Water,Unplanned,01/26/25,06:38 PM,01/27/25 03:49 AM,1,218,326
GLENMORE PLAZA - Entire Development,360 MOTHER GASTON BOULEVARD,"BROOKLYN, NY 11212",Hot Water,Unplanned,12/22/24,10:27 AM,12/22/24 06:06 PM,4,440,757
GLENMORE PLAZA - Entire Development,360 MOTHER GASTON BOULEVARD,"BROOKLYN, NY 11212",Heat,Unplanned,12/22/24,10:27 AM,12/22/24 05:57 PM,4,440,757
GLENMORE PLAZA - Entire Development,360 MOTHER GASTON BOULEVARD,"BROOKLYN, NY 11212",Hot Water,Unplanned,10/31/24,06:52 PM,10/31/24 10:27 PM,4,440,757
GLENMORE PLAZA - Entire Development,360 MOTHER GASTON BOULEVARD,"BROOKLYN, NY 11212",Hot Water,Unplanned,10/06/24,03:46 PM,10/06/24 07:40 PM,4,440,757
GLENMORE PLAZA - Entire Development,360 MOTHER GASTON BOULEVARD,"BROOKLYN, NY 11212",Hot Water,Unplanned,05/11/25,06:27 AM,05/11/25 12:10 PM,4,440,757
GLENMORE PLAZA - Entire Development,360 MOTHER GASTON BOULEVARD,"BROOKLYN, NY 11212",Hot Water,Unplanned,05/11/25,04:09 PM,05/11/25 09:02 PM,4,440,757
GLENMORE PLAZA - Building 01,360 MOTHER GASTON BOULEVARD,"BROOKLYN, NY 11212",Hot Water,Planned,05/09/25,09:14 AM,05/09/25 03:54 PM,1,54,105
GLENMORE PLAZA - Entire Development,360 MOTHER GASTON BOULEVARD,"BROOKLYN, NY 11212",Hot Water,Unplanned,05/04/25,07:20 AM,05/04/25 11:28 AM,4,440,757
GLENMORE PLAZA - Entire Development,360 MOTHER GASTON BOULEVARD,"BROOKLYN, NY 11212",Hot Water,Unplanned,05/03/25,08:03 AM,05/03/25 01:50 PM,4,440,757
GLENMORE PLAZA - Entire Development,360 MOTHER GASTON BOULEVARD,"BROOKLYN, NY 11212",Hot Water,Unplanned,04/29/25,09:08 PM,04/30/25 03:23 AM,4,440,757
GLENWOOD - Entire Development,925 EAST 56TH STREET,"BROOKLYN, NY 11234",Hot Water,Unplanned,12/25/24,12:15 PM,12/25/24 05:43 PM,20,"1,188","2,221"
GLENWOOD - Entire Development,925 EAST 56TH STREET,"BROOKLYN, NY 11234",Heat,Unplanned,12/25/24,12:15 PM,12/25/24 05:23 PM,20,"1,188","2,221"
GLENWOOD - Entire Development,925 EAST 56TH STREET,"BROOKLYN, NY 11234",Hot Water,Unplanned,12/03/24,12:00 AM,12/03/24 11:24 AM,20,"1,188","2,221"
GLENWOOD - Entire Development,925 EAST 56TH STREET,"BROOKLYN, NY 11234",Heat,Unplanned,12/03/24,12:00 AM,12/03/24 06:53 AM,20,"1,188","2,221"
GLENWOOD - Building 01,925 EAST 56TH STREET,"BROOKLYN, NY 11234",Hot Water,Planned,11/18/24,09:00 AM,11/18/24 10:11 PM,1,60,108
GLENWOOD,Sectional,,Hot Water,Planned,10/17/24,09:00 AM,10/17/24 07:42 PM,,,
GLENWOOD,Sectional,,Heat,Planned,10/17/24,09:00 AM,10/17/24 05:48 PM,,,
GLENWOOD - Building 05,901 EAST 56TH STREET,"BROOKLYN, NY 11234",Hot Water,Planned,05/14/25,08:00 AM,05/14/25 05:55 PM,1,60,109
GLENWOOD - Building 11,5802 FARRAGUT ROAD,"BROOKLYN, NY 11234",Hot Water,Planned,05/13/25,08:00 AM,05/13/25 06:19 PM,1,60,105
GLENWOOD - Building 08,5721 AVENUE H,"BROOKLYN, NY 11234",Hot Water,Planned,05/12/25,08:00 AM,05/12/25 05:05 PM,1,60,121
GLENWOOD - Building 08,5721 AVENUE H,"BROOKLYN, NY 11234",Hot Water,Unplanned,05/07/25,05:00 PM,05/07/25 11:17 PM,1,60,121
GLENWOOD - Building 11,5802 FARRAGUT ROAD,"BROOKLYN, NY 11234",Hot Water,Unplanned,05/07/25,02:30 PM,05/07/25 08:04 PM,1,60,105
GLENWOOD - Building 19,1690 RALPH AVENUE,"BROOKLYN, NY 11236",Hot Water,Planned,04/01/25,08:30 AM,04/01/25 03:22 PM,1,60,116
GLENWOOD - Building 20,1672 RALPH AVENUE,"BROOKLYN, NY 11236",Hot Water,Planned,04/01/25,08:30 AM,04/01/25 03:21 PM,1,57,101
GLENWOOD - Building 18,1722 RALPH AVENUE,"BROOKLYN, NY 11236",Hot Water,Planned,03/31/25,08:30 AM,03/31/25 05:46 PM,1,60,102
GLENWOOD - Building 17,5808 FARRAGUT ROAD,"BROOKLYN, NY 11234",Hot Water,Planned,03/31/25,08:30 AM,03/31/25 05:45 PM,1,60,106
GLENWOOD - Building 16,5907 GLENWOOD ROAD,"BROOKLYN, NY 11234",Hot Water,Planned,03/27/25,08:30 AM,03/27/25 04:32 PM,1,57,99
GLENWOOD - Building 15,5812 FARRAGUT ROAD,"BROOKLYN, NY 11234",Hot Water,Planned,03/27/25,08:30 AM,03/27/25 04:32 PM,1,60,108
GLENWOOD - Building 13,5903 GLENWOOD ROAD,"BROOKLYN, NY 11234",Hot Water,Planned,03/26/25,08:30 AM,03/26/25 03:58 PM,1,60,112
GLENWOOD - Building 14,5804 FARRAGUT ROAD,"BROOKLYN, NY 11234",Hot Water,Planned,03/26/25,08:15 AM,03/26/25 03:58 PM,1,60,124
GLENWOOD - Building 11,5802 FARRAGUT ROAD,"BROOKLYN, NY 11234",Hot Water,Planned,03/25/25,08:15 AM,03/25/25 04:19 PM,1,60,105
GLENWOOD - Building 12,5817 GLENWOOD ROAD,"BROOKLYN, NY 11234",Hot Water,Planned,03/25/25,08:15 AM,03/25/25 03:13 PM,1,60,100
GLENWOOD - Building 09,5801 GLENWOOD ROAD,"BROOKLYN, NY 11234",Hot Water,Planned,03/24/25,08:30 AM,03/24/25 03:56 PM,1,60,111
GLENWOOD - Building 10,5712 FARRAGUT ROAD,"BROOKLYN, NY 11234",Hot Water,Planned,03/24/25,08:30 AM,03/24/25 03:55 PM,1,60,114
GLENWOOD - Building 07,5624 FARRAGUT ROAD,"BROOKLYN, NY 11234",Hot Water,Planned,03/20/25,10:00 AM,03/20/25 04:33 PM,1,60,105
GLENWOOD - Building 06,5704 FARRAGUT ROAD,"BROOKLYN, NY 11234",Hot Water,Planned,03/19/25,08:30 AM,03/19/25 04:12 PM,1,60,133
GLENWOOD - Building 03,5610 FARRAGUT ROAD,"BROOKLYN, NY 11234",Hot Water,Planned,03/18/25,08:30 AM,03/18/25 03:58 PM,1,60,120
GLENWOOD - Building 04,5705 AVENUE H,"BROOKLYN, NY 11234",Hot Water,Planned,03/18/25,08:30 AM,03/18/25 03:57 PM,1,54,114
GLENWOOD - Building 01,925 EAST 56TH STREET,"BROOKLYN, NY 11234",Hot Water,Planned,03/17/25,08:30 AM,03/17/25 04:55 PM,1,60,108
GLENWOOD - Building 02,885 EAST 56TH STREET,"BROOKLYN, NY 11234",Hot Water,Planned,03/17/25,08:30 AM,03/17/25 04:55 PM,1,60,113
GOMPERS - Building 02,70 PITT STREET,"NEW YORK, NY 10002",Hot Water,Planned,04/30/25,08:00 AM,04/30/25 02:14 PM,1,236,501
GOMPERS - Building 01,100 PITT STREET,"NEW YORK, NY 10002",Hot Water,Planned,04/28/25,08:00 AM,04/28/25 03:50 PM,1,238,455
GOWANUS - Entire Development,175 HOYT STREET,"BROOKLYN, NY 11217",Heat,Unplanned,12/24/24,04:00 PM,12/24/24 11:52 PM,15,"1,139","2,146"
GOWANUS - Building 09,426 BALTIC STREET,"BROOKLYN, NY 11217",Hot Water,Unplanned,11/27/24,03:00 AM,11/27/24 03:05 PM,1,126,256
GOWANUS - Entire Development,175 HOYT STREET,"BROOKLYN, NY 11217",Hot Water,Unplanned,05/11/25,03:12 PM,05/11/25 10:48 PM,15,"1,139","2,146"
GOWANUS - Entire Development,175 HOYT STREET,"BROOKLYN, NY 11217",Hot Water,Planned,04/24/25,10:00 AM,04/24/25 03:33 PM,15,"1,139","2,146"
GOWANUS - Building 03,181 HOYT STREET,"BROOKLYN, NY 11217",Hot Water,Planned,03/24/25,10:00 AM,03/24/25 04:15 PM,1,24,62
GOWANUS - Building 05,186 BOND STREET,"BROOKLYN, NY 11217",Hot Water,Planned,03/21/25,10:00 AM,03/21/25 04:47 PM,1,24,49
GOWANUS - Building 14,244 BOND STREET,"BROOKLYN, NY 11217",Hot Water,Planned,03/21/25,10:00 AM,03/21/25 03:44 PM,1,62,104
GOWANUS - Entire Development,175 HOYT STREET,"BROOKLYN, NY 11217",Hot Water,Unplanned,03/20/25,10:00 AM,03/20/25 10:15 PM,15,"1,139","2,146"
GOWANUS - Entire Development,175 HOYT STREET,"BROOKLYN, NY 11217",Heat,Unplanned,03/20/25,10:00 AM,03/20/25 09:03 PM,15,"1,139","2,146"
GOWANUS - Entire Development,175 HOYT STREET,"BROOKLYN, NY 11217",Hot Water,Unplanned,03/19/25,10:00 AM,03/19/25 09:25 PM,15,"1,139","2,146"
GRANT - Entire Development,3170 BROADWAY,"NEW YORK, NY 10027",Hot Water,Unplanned,12/17/24,04:02 PM,12/17/24 09:46 PM,10,"1,940","3,782"
GRANT - Entire Development,3170 BROADWAY,"NEW YORK, NY 10027",Heat,Unplanned,12/17/24,04:02 PM,12/17/24 09:38 PM,10,"1,940","3,782"
GRANT - Building 03,550 WEST 125TH STREET,"NEW YORK, NY 10027",Hot Water,Unplanned,12/12/24,07:28 AM,12/12/24 09:09 PM,1,226,430
GRANT,Sectional,,Hot Water,Planned,12/10/24,09:00 AM,12/10/24 08:54 PM,,,
GRANT,Sectional,,Heat,Planned,12/10/24,09:00 AM,12/10/24 08:51 PM,,,
GRANT - Building 03,550 WEST 125TH STREET,"NEW YORK, NY 10027",Hot Water,Unplanned,11/23/24,08:35 AM,11/23/24 11:16 PM,1,226,430
GRANT - Entire Development,3170 BROADWAY,"NEW YORK, NY 10027",Hot Water,Planned,05/22/25,09:00 AM,05/22/25 09:20 PM,10,"1,940","3,782"
GRANT - Building 02,3150 BROADWAY,"NEW YORK, NY 10027",Hot Water,Planned,05/12/25,09:30 AM,05/12/25 02:24 PM,1,226,431
GRANT - Building 01,3170 BROADWAY,"NEW YORK, NY 10027",Hot Water,Planned,05/09/25,09:00 AM,05/09/25 08:29 PM,1,226,454
GRANT - Entire Development,3170 BROADWAY,"NEW YORK, NY 10027",Hot Water,Unplanned,04/30/25,01:39 PM,04/30/25 08:12 PM,10,"1,940","3,782"
GRANT - Building 06,1315 AMSTERDAM AVENUE,"NEW YORK, NY 10027",Hot Water,Unplanned,04/08/25,09:30 AM,04/08/25 07:27 PM,1,226,428
GRANT - Building 01,3170 BROADWAY,"NEW YORK, NY 10027",Hot Water,Planned,04/01/25,09:00 AM,04/01/25 07:18 PM,1,226,454
GRANT,Sectional,,Hot Water,Planned,03/26/25,09:00 AM,03/26/25 04:01 PM,,,
GRANT - Entire Development,3170 BROADWAY,"NEW YORK, NY 10027",Hot Water,Planned,03/11/25,09:00 AM,03/11/25 10:01 PM,10,"1,940","3,782"
GRAVESEND,Sectional,,Heat,Unplanned,12/25/24,02:00 AM,12/25/24 08:52 AM,,,
GRAVESEND,Sectional,,Hot Water,Unplanned,12/25/24,02:00 AM,12/25/24 08:45 AM,,,
GRAVESEND - Entire Development,3225 NEPTUNE AVENUE,"BROOKLYN, NY 11224",Hot Water,Unplanned,05/07/25,02:50 AM,05/07/25 07:44 AM,15,634,"1,307"
GRAVESEND - Entire Development,3225 NEPTUNE AVENUE,"BROOKLYN, NY 11224",Hot Water,Unplanned,02/21/25,05:33 AM,02/21/25 12:18 PM,15,634,"1,307"
GRAVESEND - Entire Development,3225 NEPTUNE AVENUE,"BROOKLYN, NY 11224",Heat,Unplanned,02/21/25,05:33 AM,02/21/25 02:48 PM,15,634,"1,307"
GUN HILL - Entire Development,711 MAGENTA STREET,"BRONX, NY 10467",Hot Water,Unplanned,12/15/24,10:11 AM,12/15/24 03:23 PM,6,733,"1,345"
GUN HILL - Entire Development,711 MAGENTA STREET,"BRONX, NY 10467",Heat,Unplanned,12/15/24,10:11 AM,12/15/24 03:05 PM,6,733,"1,345"
GUN HILL - Entire Development,711 MAGENTA STREET,"BRONX, NY 10467",Heat,Planned,11/25/24,10:45 AM,11/25/24 08:22 PM,6,733,"1,345"
GUN HILL - Entire Development,711 MAGENTA STREET,"BRONX, NY 10467",Hot Water,Planned,11/25/24,10:45 AM,11/25/24 08:21 PM,6,733,"1,345"
GUN HILL - Entire Development,711 MAGENTA STREET,"BRONX, NY 10467",Hot Water,Unplanned,10/24/24,02:00 PM,10/24/24 09:30 PM,6,733,"1,345"
GUN HILL - Entire Development,711 MAGENTA STREET,"BRONX, NY 10467",Hot Water,Unplanned,10/20/24,10:00 PM,10/21/24 11:05 AM,6,733,"1,345"
GUN HILL - Entire Development,711 MAGENTA STREET,"BRONX, NY 10467",Hot Water,Unplanned,10/02/24,05:30 PM,10/02/24 11:09 PM,6,733,"1,345"
GUN HILL - Entire Development,711 MAGENTA STREET,"BRONX, NY 10467",Hot Water,Unplanned,04/30/25,08:06 PM,04/30/25 11:59 PM,6,733,"1,345"
GUN HILL - Entire Development,711 MAGENTA STREET,"BRONX, NY 10467",Hot Water,Unplanned,04/30/25,12:00 PM,04/30/25 07:06 PM,6,733,"1,345"
GUN HILL - Building 03,712 GUN HILL ROAD,"BRONX, NY 10467",Hot Water,Unplanned,04/26/25,04:22 PM,04/26/25 10:08 PM,1,126,206
GUN HILL - Building 06,735 MAGENTA STREET,"BRONX, NY 10467",Hot Water,Planned,03/26/25,08:30 AM,03/26/25 05:52 PM,1,126,252
GUN HILL - Building 04,740 GUN HILL ROAD,"BRONX, NY 10467",Hot Water,Planned,03/26/25,08:30 AM,03/26/25 05:12 PM,1,121,208
GUN HILL - Entire Development,711 MAGENTA STREET,"BRONX, NY 10467",Hot Water,Unplanned,03/14/25,02:55 AM,03/14/25 12:00 PM,6,733,"1,345"
GUN HILL - Entire Development,711 MAGENTA STREET,"BRONX, NY 10467",Heat,Unplanned,03/14/25,02:55 AM,03/14/25 11:55 AM,6,733,"1,345"
GUN HILL - Entire Development,711 MAGENTA STREET,"BRONX, NY 10467",Hot Water,Unplanned,02/24/25,03:00 PM,02/24/25 08:19 PM,6,733,"1,345"
GUN HILL - Entire Development,711 MAGENTA STREET,"BRONX, NY 10467",Heat,Unplanned,02/24/25,03:00 PM,02/24/25 08:01 PM,6,733,"1,345"
GUN HILL - Entire Development,711 MAGENTA STREET,"BRONX, NY 10467",Hot Water,Planned,01/30/25,09:00 AM,01/30/25 11:56 PM,6,733,"1,345"
GUN HILL - Entire Development,711 MAGENTA STREET,"BRONX, NY 10467",Heat,Planned,01/30/25,09:00 AM,01/30/25 11:56 PM,6,733,"1,345"
HABER - Building 01,3058 WEST 24TH STREET,"BROOKLYN, NY 11224",Heat,Planned,04/11/25,10:23 AM,04/11/25 01:08 PM,1,128,128
HAMMEL - Building 01,85-02 ROCKAWAY BEACH BOULEVARD,"FAR ROCKAWAY, NY 11693",Hot Water,Planned,12/16/24,10:30 AM,12/16/24 04:46 PM,1,51,103
HAMMEL - Entire Development,85-02 ROCKAWAY BEACH BOULEVARD,"FAR ROCKAWAY, NY 11693",Hot Water,Unplanned,12/11/24,09:00 AM,12/11/24 02:26 PM,14,712,"1,510"
HAMMEL - Entire Development,85-02 ROCKAWAY BEACH BOULEVARD,"FAR ROCKAWAY, NY 11693",Hot Water,Unplanned,12/02/24,08:59 PM,12/02/24 11:52 PM,14,712,"1,510"
HAMMEL - Entire Development,85-02 ROCKAWAY BEACH BOULEVARD,"FAR ROCKAWAY, NY 11693",Heat,Unplanned,12/02/24,08:58 PM,12/02/24 11:48 PM,14,712,"1,510"
HAMMEL - Entire Development,85-02 ROCKAWAY BEACH BOULEVARD,"FAR ROCKAWAY, NY 11693",Hot Water,Unplanned,05/06/25,04:21 AM,05/06/25 10:42 AM,14,712,"1,510"
HARBORVIEW TERRACE - Entire Development,520 WEST 56TH STREET,"NEW YORK, NY 10019",Hot Water,Planned,04/22/25,09:00 AM,04/22/25 04:42 PM,2,377,553
HARBORVIEW TERRACE - Building 02,530 WEST 55TH STREET,"NEW YORK, NY 10019",Hot Water,Planned,03/05/25,09:00 AM,03/05/25 07:12 PM,1,195,197
HARBORVIEW TERRACE - Building 01,520 WEST 56TH STREET,"NEW YORK, NY 10019",Hot Water,Planned,03/05/25,09:00 AM,03/05/25 06:09 PM,1,182,356
HARBORVIEW TERRACE - Building 02,530 WEST 55TH STREET,"NEW YORK, NY 10019",Heat,Unplanned,01/28/25,08:00 AM,01/28/25 06:37 PM,1,195,197
HARBORVIEW TERRACE - Building 02,530 WEST 55TH STREET,"NEW YORK, NY 10019",Heat,Unplanned,01/27/25,10:53 PM,01/28/25 02:25 AM,1,195,197
HARBORVIEW TERRACE - Entire Development,520 WEST 56TH STREET,"NEW YORK, NY 10019",Heat,Unplanned,01/21/25,03:29 PM,01/21/25 09:15 PM,2,377,553
HERNANDEZ - Entire Development,189 ALLEN STREET,"NEW YORK, NY 10002",Hot Water,Unplanned,10/11/24,06:00 PM,10/11/24 09:03 PM,1,149,226
HERNANDEZ - Entire Development,189 ALLEN STREET,"NEW YORK, NY 10002",Hot Water,Planned,04/18/25,08:00 AM,04/18/25 03:26 PM,1,149,226
HIGHBRIDGE GARDENS - Building 02,1075 UNIVERSITY AVENUE,"BRONX, NY 10452",Hot Water,Unplanned,10/29/24,12:30 PM,10/29/24 11:57 PM,1,118,230
HIGHBRIDGE GARDENS - Building 06,1125 UNIVERSITY AVENUE,"BRONX, NY 10452",Hot Water,Planned,03/20/25,09:30 AM,03/20/25 05:17 PM,1,116,223
HIGHBRIDGE GARDENS - Building 05,1145 UNIVERSITY AVENUE,"BRONX, NY 10452",Hot Water,Planned,03/20/25,11:00 AM,03/20/25 05:16 PM,1,116,242
HOLMES TOWERS - Building 01,1780 1ST AVENUE,"NEW YORK, NY 10128",Hot Water,Planned,12/10/24,09:00 AM,12/10/24 03:22 PM,1,264,429
HOLMES TOWERS - Entire Development,1780 1ST AVENUE,"NEW YORK, NY 10128",Heat,Unplanned,12/08/24,03:59 PM,12/08/24 10:34 PM,2,537,863
HOLMES TOWERS - Entire Development,1780 1ST AVENUE,"NEW YORK, NY 10128",Hot Water,Unplanned,12/08/24,03:59 PM,12/08/24 10:28 PM,2,537,863
HOLMES TOWERS - Entire Development,1780 1ST AVENUE,"NEW YORK, NY 10128",Hot Water,Unplanned,11/27/24,04:35 PM,11/27/24 10:17 PM,2,537,863
HOLMES TOWERS - Entire Development,1780 1ST AVENUE,"NEW YORK, NY 10128",Heat,Unplanned,11/27/24,04:44 PM,11/27/24 09:28 PM,2,537,863
HOLMES TOWERS - Entire Development,1780 1ST AVENUE,"NEW YORK, NY 10128",Hot Water,Unplanned,11/20/24,06:08 PM,11/20/24 10:11 PM,2,537,863
HOLMES TOWERS - Entire Development,1780 1ST AVENUE,"NEW YORK, NY 10128",Hot Water,Unplanned,11/19/24,05:15 AM,11/19/24 12:13 PM,2,537,863
HOLMES TOWERS - Building 02,405 EAST 92ND STREET,"NEW YORK, NY 10128",Hot Water,Unplanned,10/19/24,05:37 PM,10/19/24 11:09 PM,1,273,434
HOLMES TOWERS - Entire Development,1780 1ST AVENUE,"NEW YORK, NY 10128",Hot Water,Unplanned,10/13/24,06:00 PM,10/13/24 09:42 PM,2,537,863
HOLMES TOWERS - Entire Development,1780 1ST AVENUE,"NEW YORK, NY 10128",Hot Water,Unplanned,10/07/24,12:00 AM,10/07/24 06:04 AM,2,537,863
HOLMES TOWERS - Building 01,1780 1ST AVENUE,"NEW YORK, NY 10128",Hot Water,Unplanned,05/30/25,06:00 PM,05/31/25 01:28 AM,1,264,429
HOLMES TOWERS - Building 01,1780 1ST AVENUE,"NEW YORK, NY 10128",Hot Water,Unplanned,05/27/25,07:30 AM,05/27/25 04:50 PM,1,264,429
HOLMES TOWERS - Entire Development,1780 1ST AVENUE,"NEW YORK, NY 10128",Hot Water,Planned,05/16/25,09:00 AM,05/16/25 02:12 PM,2,537,863
HOLMES TOWERS - Building 01,1780 1ST AVENUE,"NEW YORK, NY 10128",Hot Water,Unplanned,04/20/25,10:04 AM,04/20/25 11:45 PM,1,264,429
HOLMES TOWERS - Building 01,1780 1ST AVENUE,"NEW YORK, NY 10128",Heat,Planned,04/10/25,09:00 AM,04/10/25 03:33 PM,1,264,429
HOLMES TOWERS - Building 02,405 EAST 92ND STREET,"NEW YORK, NY 10128",Hot Water,Planned,04/10/25,09:00 AM,04/10/25 03:31 PM,1,273,434
HOLMES TOWERS - Building 01,1780 1ST AVENUE,"NEW YORK, NY 10128",Hot Water,Planned,03/25/25,09:00 AM,03/25/25 03:52 PM,1,264,429
HOLMES TOWERS - Entire Development,1780 1ST AVENUE,"NEW YORK, NY 10128",Hot Water,Unplanned,01/21/25,05:15 AM,01/21/25 11:57 AM,2,537,863
HOLMES TOWERS - Entire Development,1780 1ST AVENUE,"NEW YORK, NY 10128",Heat,Unplanned,01/21/25,05:15 AM,01/21/25 11:55 AM,2,537,863
HOLMES TOWERS - Entire Development,1780 1ST AVENUE,"NEW YORK, NY 10128",Heat,Unplanned,01/15/25,08:00 AM,01/15/25 05:36 PM,2,537,863
HOLMES TOWERS - Entire Development,1780 1ST AVENUE,"NEW YORK, NY 10128",Hot Water,Unplanned,01/15/25,08:00 AM,01/15/25 05:20 PM,2,537,863
HOLMES TOWERS - Entire Development,1780 1ST AVENUE,"NEW YORK, NY 10128",Heat,Unplanned,01/06/25,09:00 AM,01/06/25 02:58 PM,2,537,863
HOLMES TOWERS - Entire Development,1780 1ST AVENUE,"NEW YORK, NY 10128",Hot Water,Unplanned,01/06/25,09:00 AM,01/06/25 02:57 PM,2,537,863
HOLMES TOWERS - Entire Development,1780 1ST AVENUE,"NEW YORK, NY 10128",Hot Water,Unplanned,01/04/25,01:50 PM,01/05/25 12:00 AM,2,537,863
HOLMES TOWERS - Entire Development,1780 1ST AVENUE,"NEW YORK, NY 10128",Heat,Unplanned,01/04/25,02:50 PM,01/04/25 11:57 PM,2,537,863
HOWARD - Building 05,1570 EAST NEW YORK AVENUE,"BROOKLYN, NY 11212",Hot Water,Planned,05/30/25,09:30 AM,05/30/25 05:53 PM,1,70,142
HOWARD - Entire Development,30 GLENMORE AVENUE,"BROOKLYN, NY 11212",Heat,Unplanned,04/01/25,05:00 AM,04/01/25 11:58 AM,10,815,"1,702"
HOWARD - Entire Development,30 GLENMORE AVENUE,"BROOKLYN, NY 11212",Hot Water,Unplanned,04/01/25,05:00 AM,04/01/25 11:56 AM,10,815,"1,702"
HOWARD - Entire Development,30 GLENMORE AVENUE,"BROOKLYN, NY 11212",Hot Water,Unplanned,03/30/25,06:24 AM,03/30/25 11:59 AM,10,815,"1,702"
HOWARD - Building 10,260 MOTHER GASTON BOULEVARD,"BROOKLYN, NY 11212",Hot Water,Unplanned,03/16/25,08:03 AM,03/16/25 08:14 PM,1,99,192
HUGHES APARTMENTS - Entire Development,301 SUTTER AVENUE,"BROOKLYN, NY 11212",Hot Water,Unplanned,05/14/25,04:14 PM,05/14/25 09:44 PM,4,513,"1,222"
HUGHES APARTMENTS - Entire Development,301 SUTTER AVENUE,"BROOKLYN, NY 11212",Heat,Unplanned,02/11/25,02:00 PM,02/11/25 08:30 PM,4,513,"1,222"
HYLAN - Entire Development,131 MOORE STREET,"BROOKLYN, NY 11206",Hot Water,Unplanned,05/11/25,02:14 PM,05/11/25 09:49 PM,1,209,402
INGERSOLL - Entire Development,102 MONUMENT WALK,"BROOKLYN, NY 11205",Hot Water,Unplanned,11/20/24,01:00 AM,11/20/24 07:45 AM,21,"1,840","3,490"
INGERSOLL - Entire Development,102 MONUMENT WALK,"BROOKLYN, NY 11205",Hot Water,Unplanned,10/02/24,09:00 PM,10/02/24 11:01 PM,21,"1,840","3,490"
INGERSOLL,Sectional,,Hot Water,Unplanned,04/10/25,05:58 AM,04/10/25 10:50 AM,,,
INGERSOLL - Building 35,5 FLEET WALK,"BROOKLYN, NY 11201",Hot Water,Unplanned,03/24/25,03:08 PM,03/24/25 08:51 PM,1,176,276
INGERSOLL - Building 35,5 FLEET WALK,"BROOKLYN, NY 11201",Hot Water,Unplanned,03/21/25,07:15 PM,03/22/25 01:09 AM,1,176,276
INGERSOLL - Entire Development,102 MONUMENT WALK,"BROOKLYN, NY 11205",Heat,Unplanned,03/21/25,05:00 AM,03/21/25 12:28 PM,21,"1,840","3,490"
INGERSOLL - Entire Development,102 MONUMENT WALK,"BROOKLYN, NY 11205",Hot Water,Unplanned,03/21/25,05:00 AM,03/21/25 12:28 PM,21,"1,840","3,490"
ISAACS - Entire Development,419 EAST 93RD STREET,"NEW YORK, NY 10128",Hot Water,Unplanned,12/22/24,02:34 PM,12/22/24 08:28 PM,4,636,"1,125"
ISAACS - Entire Development,419 EAST 93RD STREET,"NEW YORK, NY 10128",Heat,Unplanned,12/22/24,02:34 PM,12/22/24 08:24 PM,4,636,"1,125"
ISAACS - Building 02,1830 1ST AVENUE,"NEW YORK, NY 10128",Hot Water,Unplanned,12/18/24,11:17 AM,12/18/24 09:56 PM,1,215,347
ISAACS - Entire Development,419 EAST 93RD STREET,"NEW YORK, NY 10128",Heat,Unplanned,05/22/25,01:59 PM,05/22/25 06:58 PM,4,636,"1,125"
ISAACS - Entire Development,419 EAST 93RD STREET,"NEW YORK, NY 10128",Hot Water,Unplanned,05/22/25,01:59 PM,05/22/25 06:54 PM,4,636,"1,125"
ISAACS - Entire Development,419 EAST 93RD STREET,"NEW YORK, NY 10128",Hot Water,Unplanned,05/21/25,09:13 PM,05/22/25 02:02 AM,4,636,"1,125"
ISAACS - Entire Development,419 EAST 93RD STREET,"NEW YORK, NY 10128",Heat,Unplanned,05/21/25,09:13 PM,05/22/25 01:59 AM,4,636,"1,125"
ISAACS - Entire Development,419 EAST 93RD STREET,"NEW YORK, NY 10128",Hot Water,Unplanned,05/17/25,07:02 PM,05/17/25 11:46 PM,4,636,"1,125"
ISAACS - Building 01,419 EAST 93RD STREET,"NEW YORK, NY 10128",Heat,Planned,04/17/25,09:30 AM,04/17/25 02:01 PM,1,214,393
ISAACS - Building 03,1806 1ST AVENUE,"NEW YORK, NY 10128",Hot Water,Planned,03/26/25,09:00 AM,03/26/25 04:44 PM,1,207,385
ISAACS - Building 01,419 EAST 93RD STREET,"NEW YORK, NY 10128",Hot Water,Planned,03/26/25,09:00 AM,03/26/25 04:42 PM,1,214,393
ISAACS - Building 02,1830 1ST AVENUE,"NEW YORK, NY 10128",Heat,Planned,03/06/25,09:00 AM,03/06/25 05:45 PM,1,215,347
ISAACS - Building 03,1806 1ST AVENUE,"NEW YORK, NY 10128",Heat,Unplanned,02/28/25,01:50 PM,02/28/25 09:02 PM,1,207,385
JACKSON - Building 04,765 COURTLANDT AVENUE,"BRONX, NY 10451",Hot Water,Planned,10/22/24,08:00 AM,10/22/24 04:09 PM,1,124,269
JACKSON - Building 04,765 COURTLANDT AVENUE,"BRONX, NY 10451",Hot Water,Planned,10/21/24,08:00 AM,10/21/24 05:36 PM,1,124,269
JACKSON - Building 01,3080 PARK AVENUE,"BRONX, NY 10451",Hot Water,Unplanned,05/10/25,09:00 AM,05/10/25 11:04 PM,1,125,204
JACKSON - Building 04,765 COURTLANDT AVENUE,"BRONX, NY 10451",Hot Water,Unplanned,04/13/25,08:22 AM,04/13/25 02:07 PM,1,124,269
JACKSON - Building 05,301 EAST 156TH STREET,"BRONX, NY 10451",Hot Water,Unplanned,02/27/25,09:30 AM,02/27/25 04:13 PM,1,125,251
JEFFERSON - Building 15,220 EAST 115TH STREET,"NEW YORK, NY 10029",Hot Water,Unplanned,12/27/24,03:00 PM,12/27/24 08:59 PM,1,108,183
JEFFERSON - Entire Development,310 EAST 115TH STREET,"NEW YORK, NY 10029",Hot Water,Unplanned,12/26/24,12:00 PM,12/26/24 10:43 PM,19,"1,493","2,818"
JEFFERSON - Entire Development,310 EAST 115TH STREET,"NEW YORK, NY 10029",Heat,Unplanned,12/26/24,12:00 PM,12/26/24 10:37 PM,19,"1,493","2,818"
JEFFERSON - Building 12,2055 3RD AVENUE,"NEW YORK, NY 10029",Hot Water,Unplanned,12/17/24,04:06 PM,12/17/24 08:57 PM,1,54,139
JEFFERSON - Building 11,2185 2ND AVENUE,"NEW YORK, NY 10029",Heat,Planned,12/13/24,09:00 AM,12/13/24 06:13 PM,1,108,190
JEFFERSON - Building 15,220 EAST 115TH STREET,"NEW YORK, NY 10029",Hot Water,Unplanned,12/11/24,11:00 AM,12/11/24 08:10 PM,1,108,183
JEFFERSON - Building 17,2237 2ND AVENUE,"NEW YORK, NY 10029",Hot Water,Unplanned,12/09/24,01:00 PM,12/09/24 07:40 PM,1,108,184
JEFFERSON - Building 09,327 EAST 112TH STREET,"NEW YORK, NY 10029",Hot Water,Unplanned,10/23/24,01:00 PM,10/24/24 12:07 PM,1,108,192
JEFFERSON - Building 13,2065 3RD AVENUE,"NEW YORK, NY 10029",Hot Water,Unplanned,10/10/24,01:26 PM,10/10/24 06:28 PM,1,108,212
JEFFERSON,2185 2ND AVENUE,"NEW YORK, NY 10029",Hot Water,Planned,04/10/25,09:00 AM,04/10/25 02:54 PM,1,54,86
JEFFERSON - Building 11,2185 2ND AVENUE,"NEW YORK, NY 10029",Hot Water,Planned,03/28/25,09:00 AM,03/28/25 08:22 PM,1,108,190
JEFFERSON - Building 11,2185 2ND AVENUE,"NEW YORK, NY 10029",Hot Water,Unplanned,03/27/25,01:45 PM,03/27/25 09:35 PM,1,108,190
JEFFERSON - Building 11,2185 2ND AVENUE,"NEW YORK, NY 10029",Hot Water,Planned,03/25/25,01:30 PM,03/25/25 06:59 PM,1,108,190
JEFFERSON,Sectional,,Hot Water,Planned,03/20/25,08:00 AM,03/20/25 07:45 PM,,,
JEFFERSON - Building 12,2055 3RD AVENUE,"NEW YORK, NY 10029",Hot Water,Planned,03/19/25,09:00 AM,03/19/25 03:23 PM,1,54,139
JEFFERSON - Building 11,2185 2ND AVENUE,"NEW YORK, NY 10029",Hot Water,Unplanned,03/18/25,07:45 PM,03/19/25 03:16 AM,1,108,190
JEFFERSON - Building 12,2055 3RD AVENUE,"NEW YORK, NY 10029",Heat,Planned,03/19/25,09:00 AM,03/19/25 02:30 PM,1,54,139
JEFFERSON,Sectional,,Hot Water,Planned,03/18/25,08:00 AM,03/18/25 07:42 PM,,,
JEFFERSON - Building 11,2185 2ND AVENUE,"NEW YORK, NY 10029",Hot Water,Planned,03/13/25,09:25 AM,03/13/25 03:44 PM,1,108,190
JEFFERSON - Entire Development,310 EAST 115TH STREET,"NEW YORK, NY 10029",Heat,Planned,03/06/25,09:00 AM,03/06/25 02:18 PM,19,"1,493","2,818"
JEFFERSON - Entire Development,310 EAST 115TH STREET,"NEW YORK, NY 10029",Hot Water,Planned,03/06/25,09:00 AM,03/06/25 02:16 PM,19,"1,493","2,818"
JEFFERSON - Building 02,320 EAST 115TH STREET,"NEW YORK, NY 10029",Hot Water,Planned,03/03/25,09:30 AM,03/04/25 12:11 AM,1,108,199
JEFFERSON - Entire Development,310 EAST 115TH STREET,"NEW YORK, NY 10029",Hot Water,Planned,02/27/25,09:15 AM,02/27/25 10:40 PM,19,"1,493","2,818"
JEFFERSON - Entire Development,310 EAST 115TH STREET,"NEW YORK, NY 10029",Heat,Planned,02/27/25,09:15 AM,02/27/25 10:29 PM,19,"1,493","2,818"
JEFFERSON - Entire Development,310 EAST 115TH STREET,"NEW YORK, NY 10029",Hot Water,Unplanned,02/21/25,07:00 PM,02/22/25 01:18 AM,19,"1,493","2,818"
JEFFERSON - Entire Development,310 EAST 115TH STREET,"NEW YORK, NY 10029",Heat,Unplanned,02/21/25,07:00 PM,02/22/25 01:12 AM,19,"1,493","2,818"
JEFFERSON - Building 11,2185 2ND AVENUE,"NEW YORK, NY 10029",Hot Water,Planned,02/03/25,09:30 AM,02/03/25 04:18 PM,1,108,190
JEFFERSON - Building 11,2185 2ND AVENUE,"NEW YORK, NY 10029",Heat,Planned,02/03/25,09:30 AM,02/03/25 04:17 PM,1,108,190
JOHNSON - Entire Development,1581 PARK AVENUE,"NEW YORK, NY 10029",Hot Water,Planned,10/31/24,09:00 AM,10/31/24 04:05 PM,10,"1,310","2,588"
JOHNSON - Entire Development,1581 PARK AVENUE,"NEW YORK, NY 10029",Hot Water,Unplanned,05/19/25,05:52 AM,05/19/25 10:15 AM,10,"1,310","2,588"
JOHNSON - Entire Development,1581 PARK AVENUE,"NEW YORK, NY 10029",Heat,Planned,04/11/25,09:00 AM,04/11/25 06:13 PM,10,"1,310","2,588"
JOHNSON - Entire Development,1581 PARK AVENUE,"NEW YORK, NY 10029",Hot Water,Planned,04/11/25,09:00 AM,04/11/25 06:07 PM,10,"1,310","2,588"
JUSTICE SONIA SOTOMAYOR HOUSES - Building 09,1040 SOUNDVIEW AVENUE,"BRONX, NY 10472",Hot Water,Unplanned,12/14/24,08:00 AM,12/14/24 03:22 PM,1,54,95
JUSTICE SONIA SOTOMAYOR HOUSES - Building 08,1690 WATSON AVENUE,"BRONX, NY 10472",Hot Water,Unplanned,04/13/25,03:48 PM,04/13/25 11:03 PM,1,54,105
JUSTICE SONIA SOTOMAYOR HOUSES - Building 07,1670 WATSON AVENUE,"BRONX, NY 10472",Hot Water,Unplanned,04/07/25,06:06 PM,04/08/25 08:37 PM,1,54,86
JUSTICE SONIA SOTOMAYOR HOUSES - Building 05,1020 SOUNDVIEW AVENUE,"BRONX, NY 10472",Hot Water,Unplanned,04/07/25,08:11 PM,04/07/25 10:44 PM,1,54,106
KING TOWERS - Entire Development,70 WEST 115TH STREET,"NEW YORK, NY 10026",Hot Water,Unplanned,12/22/24,01:30 PM,12/22/24 08:30 PM,10,"1,379","2,566"
KING TOWERS - Entire Development,70 WEST 115TH STREET,"NEW YORK, NY 10026",Heat,Unplanned,12/22/24,01:30 PM,12/22/24 08:27 PM,10,"1,379","2,566"
KING TOWERS - Entire Development,70 WEST 115TH STREET,"NEW YORK, NY 10026",Hot Water,Unplanned,12/15/24,03:30 PM,12/15/24 09:34 PM,10,"1,379","2,566"
KING TOWERS - Entire Development,70 WEST 115TH STREET,"NEW YORK, NY 10026",Heat,Unplanned,12/15/24,03:30 PM,12/15/24 09:23 PM,10,"1,379","2,566"
KING TOWERS - Entire Development,70 WEST 115TH STREET,"NEW YORK, NY 10026",Heat,Unplanned,12/14/24,08:40 AM,12/14/24 04:32 PM,10,"1,379","2,566"
KING TOWERS - Entire Development,70 WEST 115TH STREET,"NEW YORK, NY 10026",Hot Water,Unplanned,12/14/24,08:42 AM,12/14/24 04:21 PM,10,"1,379","2,566"
KING TOWERS - Building 02,40 WEST 115TH STREET,"NEW YORK, NY 10026",Hot Water,Planned,11/21/24,09:00 AM,11/21/24 09:40 PM,1,140,285
KING TOWERS - Entire Development,70 WEST 115TH STREET,"NEW YORK, NY 10026",Hot Water,Unplanned,05/26/25,02:42 PM,05/26/25 06:42 PM,10,"1,379","2,566"
KING TOWERS - Entire Development,70 WEST 115TH STREET,"NEW YORK, NY 10026",Hot Water,Unplanned,05/14/25,05:13 PM,05/14/25 08:44 PM,10,"1,379","2,566"
KING TOWERS - Entire Development,70 WEST 115TH STREET,"NEW YORK, NY 10026",Hot Water,Planned,05/07/25,09:16 AM,05/07/25 08:02 PM,10,"1,379","2,566"
KING TOWERS - Building 07,71 WEST 112TH STREET,"NEW YORK, NY 10026",Hot Water,Unplanned,03/30/25,07:24 AM,03/30/25 06:01 PM,1,126,247
KING TOWERS - Entire Development,70 WEST 115TH STREET,"NEW YORK, NY 10026",Heat,Unplanned,03/23/25,07:48 AM,03/23/25 12:18 PM,10,"1,379","2,566"
KING TOWERS - Entire Development,70 WEST 115TH STREET,"NEW YORK, NY 10026",Hot Water,Unplanned,03/23/25,02:12 PM,03/23/25 09:19 PM,10,"1,379","2,566"
KING TOWERS - Entire Development,70 WEST 115TH STREET,"NEW YORK, NY 10026",Heat,Unplanned,03/23/25,02:12 PM,03/23/25 09:16 PM,10,"1,379","2,566"
KING TOWERS - Entire Development,70 WEST 115TH STREET,"NEW YORK, NY 10026",Hot Water,Unplanned,03/23/25,07:48 AM,03/23/25 02:05 PM,10,"1,379","2,566"
KING TOWERS - Building 05,70 LENOX AVENUE,"NEW YORK, NY 10026",Hot Water,Unplanned,03/17/25,09:00 AM,03/17/25 08:43 PM,1,140,295
KING TOWERS - Building 06,1370 5TH AVENUE,"NEW YORK, NY 10026",Hot Water,Unplanned,03/16/25,08:18 AM,03/16/25 03:20 PM,1,154,275
KING TOWERS - Entire Development,70 WEST 115TH STREET,"NEW YORK, NY 10026",Hot Water,Unplanned,03/15/25,11:07 AM,03/15/25 08:19 PM,10,"1,379","2,566"
KING TOWERS - Entire Development,70 WEST 115TH STREET,"NEW YORK, NY 10026",Heat,Unplanned,03/15/25,11:07 AM,03/15/25 08:00 PM,10,"1,379","2,566"
KING TOWERS - Entire Development,70 WEST 115TH STREET,"NEW YORK, NY 10026",Hot Water,Planned,03/12/25,09:00 AM,03/12/25 07:58 PM,10,"1,379","2,566"
KING TOWERS - Building 02,40 WEST 115TH STREET,"NEW YORK, NY 10026",Hot Water,Unplanned,02/09/25,12:30 PM,02/09/25 11:39 PM,1,140,285
KINGSBOROUGH - Entire Development,154 KINGSBOROUGH 1ST WALK,"BROOKLYN, NY 11233",Heat,Unplanned,12/23/24,11:00 AM,12/23/24 06:05 PM,16,"1,165","2,172"
KINGSBOROUGH - Entire Development,154 KINGSBOROUGH 1ST WALK,"BROOKLYN, NY 11233",Hot Water,Unplanned,12/23/24,11:00 AM,12/23/24 06:04 PM,16,"1,165","2,172"
KINGSBOROUGH - Entire Development,154 KINGSBOROUGH 1ST WALK,"BROOKLYN, NY 11233",Heat,Unplanned,12/21/24,06:30 AM,12/21/24 11:10 AM,16,"1,165","2,172"
KINGSBOROUGH - Entire Development,154 KINGSBOROUGH 1ST WALK,"BROOKLYN, NY 11233",Hot Water,Unplanned,12/21/24,06:30 AM,12/21/24 11:07 AM,16,"1,165","2,172"
KINGSBOROUGH - Entire Development,154 KINGSBOROUGH 1ST WALK,"BROOKLYN, NY 11233",Heat,Planned,03/14/25,10:40 AM,03/14/25 01:54 PM,16,"1,165","2,172"
KINGSBOROUGH - Entire Development,154 KINGSBOROUGH 1ST WALK,"BROOKLYN, NY 11233",Hot Water,Planned,03/14/25,10:40 AM,03/14/25 01:52 PM,16,"1,165","2,172"
KINGSBOROUGH - Entire Development,154 KINGSBOROUGH 1ST WALK,"BROOKLYN, NY 11233",Heat,Unplanned,03/13/25,05:45 AM,03/13/25 04:21 PM,16,"1,165","2,172"
KINGSBOROUGH - Entire Development,154 KINGSBOROUGH 1ST WALK,"BROOKLYN, NY 11233",Hot Water,Unplanned,03/13/25,05:45 AM,03/13/25 02:06 PM,16,"1,165","2,172"
KINGSBOROUGH - Entire Development,154 KINGSBOROUGH 1ST WALK,"BROOKLYN, NY 11233",Hot Water,Unplanned,03/10/25,11:40 PM,03/11/25 05:11 AM,16,"1,165","2,172"
KINGSBOROUGH - Entire Development,154 KINGSBOROUGH 1ST WALK,"BROOKLYN, NY 11233",Hot Water,Unplanned,03/02/25,06:48 AM,03/02/25 12:17 PM,16,"1,165","2,172"
KINGSBOROUGH - Entire Development,154 KINGSBOROUGH 1ST WALK,"BROOKLYN, NY 11233",Heat,Unplanned,03/02/25,06:48 AM,03/02/25 12:14 PM,16,"1,165","2,172"
KINGSBOROUGH - Entire Development,154 KINGSBOROUGH 1ST WALK,"BROOKLYN, NY 11233",Hot Water,Unplanned,02/27/25,12:05 AM,02/27/25 06:57 AM,16,"1,165","2,172"
KINGSBOROUGH - Entire Development,154 KINGSBOROUGH 1ST WALK,"BROOKLYN, NY 11233",Heat,Unplanned,02/27/25,12:05 AM,02/27/25 06:48 AM,16,"1,165","2,172"
KINGSBOROUGH - Entire Development,154 KINGSBOROUGH 1ST WALK,"BROOKLYN, NY 11233",Hot Water,Unplanned,02/06/25,04:03 AM,02/06/25 01:24 PM,16,"1,165","2,172"
KINGSBOROUGH - Entire Development,154 KINGSBOROUGH 1ST WALK,"BROOKLYN, NY 11233",Heat,Unplanned,02/06/25,04:03 AM,02/06/25 01:23 PM,16,"1,165","2,172"
KINGSBOROUGH - Entire Development,154 KINGSBOROUGH 1ST WALK,"BROOKLYN, NY 11233",Hot Water,Unplanned,01/14/25,05:04 PM,01/14/25 10:09 PM,16,"1,165","2,172"
KINGSBOROUGH - Entire Development,154 KINGSBOROUGH 1ST WALK,"BROOKLYN, NY 11233",Heat,Unplanned,01/14/25,05:04 PM,01/14/25 09:56 PM,16,"1,165","2,172"
KINGSBOROUGH EXTENSION - Entire Development,447 KINGSBOROUGH 4TH WALK,"BROOKLYN, NY 11233",Hot Water,Unplanned,12/23/24,11:00 AM,12/23/24 06:08 PM,1,184,212
KINGSBOROUGH EXTENSION - Entire Development,447 KINGSBOROUGH 4TH WALK,"BROOKLYN, NY 11233",Heat,Unplanned,12/23/24,11:00 AM,12/23/24 06:06 PM,1,184,212
KINGSBOROUGH EXTENSION - Building 17,447 KINGSBOROUGH 4TH WALK,"BROOKLYN, NY 11233",Hot Water,Planned,04/28/25,10:00 AM,04/28/25 09:35 PM,1,184,212
KINGSBOROUGH EXTENSION - Entire Development,447 KINGSBOROUGH 4TH WALK,"BROOKLYN, NY 11233",Hot Water,Unplanned,01/14/25,05:04 PM,01/14/25 09:32 PM,1,184,212
KINGSBOROUGH EXTENSION - Entire Development,447 KINGSBOROUGH 4TH WALK,"BROOKLYN, NY 11233",Heat,Unplanned,01/14/25,05:04 PM,01/14/25 09:31 PM,1,184,212
LA GUARDIA - Building 01,45 RUTGERS STREET,"NEW YORK, NY 10002",Hot Water,Unplanned,12/09/24,05:05 PM,12/09/24 11:51 PM,1,124,241
LA GUARDIA - Entire Development,45 RUTGERS STREET,"NEW YORK, NY 10002",Hot Water,Unplanned,04/02/25,06:54 PM,04/02/25 11:17 PM,10,"1,094","2,153"
LA GUARDIA - Entire Development,45 RUTGERS STREET,"NEW YORK, NY 10002",Heat,Unplanned,04/02/25,06:54 PM,04/02/25 11:07 PM,10,"1,094","2,153"
LA GUARDIA - Building 07,230 CLINTON STREET,"NEW YORK, NY 10002",Hot Water,Planned,03/13/25,08:07 AM,03/13/25 03:55 PM,1,124,260
LA GUARDIA - Building 08,340 CHERRY STREET,"NEW YORK, NY 10002",Hot Water,Planned,03/13/25,08:28 AM,03/13/25 03:54 PM,1,124,257
LA GUARDIA - Building 09,280 MADISON STREET,"NEW YORK, NY 10002",Hot Water,Planned,03/13/25,08:17 AM,03/13/25 03:53 PM,1,120,246
LA GUARDIA - Building 04,300 CHERRY STREET,"NEW YORK, NY 10002",Hot Water,Planned,03/12/25,08:00 AM,03/12/25 03:42 PM,1,123,225
LA GUARDIA - Building 05,240 MADISON STREET,"NEW YORK, NY 10002",Hot Water,Planned,03/12/25,08:01 AM,03/12/25 03:40 PM,1,123,240
LA GUARDIA - Building 06,250 CLINTON STREET,"NEW YORK, NY 10002",Hot Water,Planned,03/12/25,08:00 AM,03/12/25 03:39 PM,1,124,232
LA GUARDIA - Building 01,45 RUTGERS STREET,"NEW YORK, NY 10002",Hot Water,Planned,03/11/25,08:00 AM,03/11/25 03:09 PM,1,124,241
LA GUARDIA - Building 02,55 RUTGERS STREET,"NEW YORK, NY 10002",Hot Water,Planned,03/11/25,08:00 AM,03/11/25 03:08 PM,1,124,231
LA GUARDIA - Building 03,65 JEFFERSON STREET,"NEW YORK, NY 10002",Hot Water,Planned,03/11/25,08:00 AM,03/11/25 03:06 PM,1,108,221
LA GUARDIA - Building 06,250 CLINTON STREET,"NEW YORK, NY 10002",Hot Water,Unplanned,03/07/25,06:00 PM,03/08/25 10:35 PM,1,124,232
LA GUARDIA - Building 06,250 CLINTON STREET,"NEW YORK, NY 10002",Hot Water,Unplanned,02/24/25,11:56 AM,02/24/25 10:18 PM,1,124,232
LA GUARDIA ADDITION - Building 10,282 CHERRY STREET,"NEW YORK, NY 10002",Hot Water,Planned,03/13/25,08:04 AM,03/13/25 03:53 PM,1,150,181
LAFAYETTE - Entire Development,325 CLASSON AVENUE,"BROOKLYN, NY 11205",Hot Water,Unplanned,12/18/24,02:15 AM,12/18/24 01:26 PM,7,882,"2,159"
LAFAYETTE - Entire Development,325 CLASSON AVENUE,"BROOKLYN, NY 11205",Heat,Unplanned,12/07/24,07:55 PM,12/07/24 11:49 PM,7,882,"2,159"
LAFAYETTE - Entire Development,325 CLASSON AVENUE,"BROOKLYN, NY 11205",Hot Water,Unplanned,12/07/24,07:55 PM,12/07/24 11:42 PM,7,882,"2,159"
LAFAYETTE - Entire Development,325 CLASSON AVENUE,"BROOKLYN, NY 11205",Hot Water,Planned,11/06/24,09:00 AM,11/06/24 04:18 PM,7,882,"2,159"
LAFAYETTE,Sectional,,Hot Water,Planned,05/08/25,01:20 PM,05/08/25 05:51 PM,,,
LAFAYETTE - Entire Development,325 CLASSON AVENUE,"BROOKLYN, NY 11205",Hot Water,Planned,04/03/25,09:53 AM,04/03/25 03:56 PM,7,882,"2,159"
LAFAYETTE - Building 06,415 LAFAYETTE AVENUE,"BROOKLYN, NY 11238",Hot Water,Unplanned,03/31/25,06:04 PM,03/31/25 10:58 PM,1,102,227
LAFAYETTE - Building 04,345 CLASSON AVENUE,"BROOKLYN, NY 11205",Hot Water,Unplanned,03/12/25,08:30 AM,03/12/25 05:46 PM,1,154,395
LAFAYETTE - Building 01,325 CLASSON AVENUE,"BROOKLYN, NY 11205",Hot Water,Planned,03/05/25,05:39 PM,03/05/25 07:27 PM,1,104,247
LAFAYETTE - Building 05,411 LAFAYETTE AVENUE,"BROOKLYN, NY 11238",Hot Water,Planned,03/05/25,09:00 AM,03/05/25 07:15 PM,1,102,237
LAFAYETTE - Building 03,470 DEKALB AVENUE,"BROOKLYN, NY 11205",Hot Water,Planned,03/05/25,12:26 PM,03/05/25 07:14 PM,1,110,248
LAFAYETTE - Entire Development,325 CLASSON AVENUE,"BROOKLYN, NY 11205",Heat,Unplanned,02/18/25,10:23 PM,02/19/25 03:32 AM,7,882,"2,159"
LAFAYETTE - Entire Development,325 CLASSON AVENUE,"BROOKLYN, NY 11205",Hot Water,Unplanned,02/18/25,10:23 PM,02/19/25 03:11 AM,7,882,"2,159"
LATIMER GARDENS - Entire Development,34-25 LINDEN PLACE,"FLUSHING, NY 11354",Hot Water,Unplanned,05/21/25,04:31 PM,05/21/25 09:20 PM,4,423,751
LATIMER GARDENS - Entire Development,34-25 LINDEN PLACE,"FLUSHING, NY 11354",Hot Water,Planned,05/13/25,09:30 AM,05/13/25 05:23 PM,4,423,751
LATIMER GARDENS - Entire Development,34-25 LINDEN PLACE,"FLUSHING, NY 11354",Hot Water,Unplanned,05/05/25,05:46 AM,05/05/25 11:51 AM,4,423,751
LATIMER GARDENS - Entire Development,34-25 LINDEN PLACE,"FLUSHING, NY 11354",Hot Water,Unplanned,05/02/25,05:46 AM,05/02/25 02:54 PM,4,423,751
LATIMER GARDENS - Entire Development,34-25 LINDEN PLACE,"FLUSHING, NY 11354",Hot Water,Unplanned,04/26/25,07:11 AM,04/26/25 05:20 PM,4,423,751
LATIMER GARDENS - Entire Development,34-25 LINDEN PLACE,"FLUSHING, NY 11354",Hot Water,Unplanned,04/14/25,05:46 PM,04/14/25 11:00 PM,4,423,751
LATIMER GARDENS - Building 04,34-41 LINDEN PLACE,"FLUSHING, NY 11354",Hot Water,Planned,04/09/25,09:00 AM,04/09/25 05:52 PM,1,104,172
LATIMER GARDENS - Entire Development,34-25 LINDEN PLACE,"FLUSHING, NY 11354",Hot Water,Unplanned,04/09/25,06:30 AM,04/09/25 05:45 PM,4,423,751
LATIMER GARDENS - Entire Development,34-25 LINDEN PLACE,"FLUSHING, NY 11354",Heat,Unplanned,04/09/25,06:30 AM,04/09/25 05:45 PM,4,423,751
LATIMER GARDENS - Building 03,34-20 137TH STREET,"FLUSHING, NY 11354",Hot Water,Planned,04/09/25,09:00 AM,04/09/25 05:39 PM,1,103,194
LATIMER GARDENS - Building 02,136-10 LATIMER PLACE,"FLUSHING, NY 11354",Hot Water,Unplanned,04/03/25,09:11 AM,04/03/25 10:54 PM,1,108,195
LATIMER GARDENS - Entire Development,34-25 LINDEN PLACE,"FLUSHING, NY 11354",Hot Water,Unplanned,03/31/25,11:51 AM,03/31/25 08:57 PM,4,423,751
LATIMER GARDENS - Building 02,136-10 LATIMER PLACE,"FLUSHING, NY 11354",Hot Water,Unplanned,03/29/25,02:29 PM,03/29/25 10:56 PM,1,108,195
LATIMER GARDENS - Building 02,136-10 LATIMER PLACE,"FLUSHING, NY 11354",Hot Water,Planned,03/27/25,09:00 AM,03/27/25 06:03 PM,1,108,195
LATIMER GARDENS - Building 01,34-25 LINDEN PLACE,"FLUSHING, NY 11354",Hot Water,Planned,03/27/25,09:00 AM,03/27/25 05:32 PM,1,108,190
LEHMAN - Entire Development,1641 MADISON AVENUE,"NEW YORK, NY 10029",Hot Water,Unplanned,10/27/24,12:03 PM,10/27/24 07:24 PM,5,622,"1,272"
LEHMAN - Building 02,80 EAST 110TH STREET,"NEW YORK, NY 10029",Hot Water,Planned,03/25/25,09:00 AM,03/25/25 07:33 PM,1,157,296
LEHMAN - Building 03,1595 MADISON AVENUE,"NEW YORK, NY 10029",Hot Water,Planned,03/25/25,09:00 AM,03/25/25 04:22 PM,1,154,319
LEHMAN - Entire Development,1641 MADISON AVENUE,"NEW YORK, NY 10029",Hot Water,Planned,03/12/25,08:00 AM,03/12/25 04:35 PM,5,622,"1,272"
LEHMAN - Entire Development,1641 MADISON AVENUE,"NEW YORK, NY 10029",Heat,Planned,03/12/25,08:00 AM,03/12/25 03:45 PM,5,622,"1,272"
LEXINGTON - Entire Development,110 EAST 99TH STREET,"NEW YORK, NY 10029",Heat,Unplanned,12/23/24,06:22 AM,12/23/24 03:25 PM,4,448,765
LEXINGTON - Entire Development,110 EAST 99TH STREET,"NEW YORK, NY 10029",Hot Water,Unplanned,12/23/24,08:00 AM,12/23/24 03:24 PM,4,448,765
LEXINGTON - Building 03,1539 LEXINGTON AVENUE,"NEW YORK, NY 10029",Hot Water,Unplanned,04/20/25,08:30 AM,04/20/25 09:31 PM,1,112,177
LEXINGTON - Building 03,1539 LEXINGTON AVENUE,"NEW YORK, NY 10029",Hot Water,Unplanned,04/19/25,08:25 PM,04/20/25 03:57 AM,1,112,177
LEXINGTON - Building 03,1539 LEXINGTON AVENUE,"NEW YORK, NY 10029",Hot Water,Unplanned,04/03/25,05:00 AM,04/03/25 02:22 PM,1,112,177
LEXINGTON - Entire Development,110 EAST 99TH STREET,"NEW YORK, NY 10029",Hot Water,Unplanned,03/02/25,07:56 PM,03/03/25 12:32 AM,4,448,765
LEXINGTON - Entire Development,110 EAST 99TH STREET,"NEW YORK, NY 10029",Heat,Unplanned,03/02/25,07:56 PM,03/02/25 11:59 PM,4,448,765
LINCOLN,Sectional,,Heat,Unplanned,12/27/24,12:00 PM,12/27/24 10:15 PM,,,
LINCOLN,Sectional,,Hot Water,Unplanned,12/27/24,12:00 PM,12/27/24 09:26 PM,,,
LINCOLN,Sectional,,Heat,Unplanned,12/26/24,12:00 PM,12/26/24 07:27 PM,,,
LINCOLN,Sectional,,Hot Water,Unplanned,12/26/24,12:00 PM,12/26/24 07:20 PM,,,
LINCOLN - Building 01,60 EAST 135TH STREET,"NEW YORK, NY 10037",Heat,Unplanned,12/26/24,11:00 AM,12/26/24 06:08 PM,1,126,229
LINCOLN - Entire Development,60 EAST 135TH STREET,"NEW YORK, NY 10037",Hot Water,Unplanned,12/20/24,07:07 PM,12/21/24 12:24 AM,14,"1,286","2,417"
LINCOLN - Entire Development,60 EAST 135TH STREET,"NEW YORK, NY 10037",Heat,Unplanned,12/20/24,07:07 PM,12/21/24 12:19 AM,14,"1,286","2,417"
LINCOLN,Sectional,,Hot Water,Planned,12/11/24,11:22 AM,12/11/24 03:12 PM,,,
LINCOLN,Sectional,,Hot Water,Unplanned,12/09/24,05:30 AM,12/09/24 11:35 AM,,,
LINCOLN,Sectional,,Heat,Unplanned,12/09/24,05:30 AM,12/09/24 10:31 AM,,,
LINCOLN - Entire Development,60 EAST 135TH STREET,"NEW YORK, NY 10037",Hot Water,Unplanned,11/28/24,04:21 AM,11/28/24 12:59 PM,14,"1,286","2,417"
LINCOLN - Building 11,2120 MADISON AVENUE,"NEW YORK, NY 10037",Hot Water,Unplanned,11/20/24,03:30 PM,11/21/24 12:19 AM,1,121,215
LINCOLN - Building 01,60 EAST 135TH STREET,"NEW YORK, NY 10037",Hot Water,Unplanned,11/19/24,04:00 PM,11/19/24 10:20 PM,1,126,229
LINCOLN,Sectional,,Hot Water,Unplanned,11/04/24,07:39 PM,11/04/24 10:31 PM,,,
LINCOLN,Sectional,,Heat,Unplanned,11/04/24,07:39 PM,11/04/24 10:10 PM,,,
LINCOLN,Sectional,,Hot Water,Planned,10/31/24,10:50 AM,10/31/24 02:54 PM,,,
LINCOLN - Building 11,2120 MADISON AVENUE,"NEW YORK, NY 10037",Hot Water,Unplanned,10/25/24,12:30 PM,10/25/24 06:47 PM,1,121,215
LINCOLN - Building 07,2155 MADISON AVENUE,"NEW YORK, NY 10037",Hot Water,Unplanned,10/21/24,04:00 PM,10/21/24 10:29 PM,1,126,227
LINCOLN,Sectional,,Hot Water,Unplanned,10/03/24,06:00 AM,10/03/24 03:20 PM,,,
LINCOLN,Sectional,,Hot Water,Unplanned,05/31/25,06:15 PM,05/31/25 11:17 PM,,,
LINCOLN - Building 04,2101 MADISON AVENUE,"NEW YORK, NY 10037",Heat,Planned,03/18/25,09:00 AM,03/18/25 05:28 PM,1,126,224
LINCOLN,Sectional,,Heat,Unplanned,03/04/25,02:00 AM,03/04/25 12:57 PM,,,
LINCOLN,Sectional,,Hot Water,Unplanned,03/04/25,02:00 AM,03/04/25 12:55 PM,,,
LINCOLN,Sectional,,Heat,Unplanned,03/02/25,03:58 PM,03/03/25 12:24 AM,,,
LINCOLN,Sectional,,Hot Water,Unplanned,03/02/25,03:58 PM,03/03/25 01:27 AM,,,
LINCOLN,Sectional,,Hot Water,Unplanned,02/03/25,10:00 PM,02/04/25 04:13 AM,,,
LINCOLN,Sectional,,Heat,Unplanned,02/03/25,10:15 PM,02/04/25 04:05 AM,,,
LINCOLN,Sectional,,Hot Water,Unplanned,02/04/25,11:00 AM,02/04/25 02:42 PM,,,
LINCOLN,Sectional,,Heat,Unplanned,02/04/25,11:00 AM,02/04/25 02:35 PM,,,
LINCOLN,Sectional,,Heat,Unplanned,01/18/25,05:00 AM,01/18/25 10:04 AM,,,
LINCOLN,Sectional,,Hot Water,Unplanned,01/18/25,05:00 AM,01/18/25 09:56 AM,,,
LONG ISLAND BAPTIST HOUSES - Entire Development,550 SUTTER AVENUE,"BROOKLYN, NY 11207",Hot Water,Unplanned,10/06/24,02:17 PM,10/07/24 04:33 AM,4,232,452
LONG ISLAND BAPTIST HOUSES - Entire Development,550 SUTTER AVENUE,"BROOKLYN, NY 11207",Hot Water,Planned,10/02/24,09:20 AM,10/02/24 08:02 PM,4,232,452
LONG ISLAND BAPTIST HOUSES - Entire Development,550 SUTTER AVENUE,"BROOKLYN, NY 11207",Hot Water,Planned,05/19/25,10:20 AM,05/19/25 05:57 PM,4,232,452
LONG ISLAND BAPTIST HOUSES - Entire Development,550 SUTTER AVENUE,"BROOKLYN, NY 11207",Hot Water,Planned,04/29/25,10:00 AM,04/29/25 08:14 PM,4,232,452
LOW HOUSES - Entire Development,180 POWELL STREET,"BROOKLYN, NY 11212",Heat,Unplanned,12/22/24,10:37 AM,12/22/24 06:39 PM,4,536,"1,206"
LOW HOUSES - Entire Development,180 POWELL STREET,"BROOKLYN, NY 11212",Hot Water,Unplanned,12/22/24,10:30 AM,12/22/24 06:33 PM,4,536,"1,206"
LOW HOUSES - Building 01,180 POWELL STREET,"BROOKLYN, NY 11212",Hot Water,Unplanned,03/25/25,01:00 PM,03/25/25 07:30 PM,1,131,307
LOWER EAST SIDE I INFILL - Building 04,200 ELDRIDGE STREET,"NEW YORK, NY 10002",Hot Water,Planned,04/10/25,08:03 AM,04/10/25 05:16 PM,1,33,62
LOWER EAST SIDE III - Building 01,722 EAST 9TH STREET,"NEW YORK, NY 10009",Hot Water,Unplanned,05/11/25,03:30 PM,05/11/25 09:18 PM,1,27,61
LOWER EAST SIDE REHAB (GROUP 5) - Entire Development,89 AVENUE C,"NEW YORK, NY 10009",Hot Water,Unplanned,11/28/24,06:30 PM,11/28/24 10:19 PM,2,55,105
LOWER EAST SIDE REHAB (GROUP 5) - Entire Development,89 AVENUE C,"NEW YORK, NY 10009",Heat,Unplanned,11/28/24,07:02 PM,11/28/24 10:14 PM,2,55,105
LOWER EAST SIDE REHAB (GROUP 5) - Building 01,89 AVENUE C,"NEW YORK, NY 10009",Hot Water,Unplanned,05/04/25,02:19 PM,05/04/25 07:22 PM,1,33,69
MANHATTANVILLE - Entire Development,545 WEST 126TH STREET,"NEW YORK, NY 10027",Hot Water,Unplanned,11/09/24,08:06 AM,11/09/24 03:16 PM,6,"1,272",0
MANHATTANVILLE - Entire Development,545 WEST 126TH STREET,"NEW YORK, NY 10027",Heat,Unplanned,11/09/24,08:11 AM,11/09/24 02:36 PM,6,"1,272",0
MARBLE HILL - Building 10,125 WEST 228TH STREET,"BRONX, NY 10463",Hot Water,Unplanned,12/14/24,10:05 AM,12/15/24 03:15 AM,1,153,265
MARBLE HILL - Building 02,69 WEST 225TH STREET,"BRONX, NY 10463",Hot Water,Unplanned,11/03/24,07:52 AM,11/03/24 12:49 PM,1,154,261
MARBLE HILL - Building 08,5360 BROADWAY,"BRONX, NY 10463",Hot Water,Unplanned,10/21/24,05:00 PM,10/21/24 10:05 PM,1,153,266
MARBLE HILL - Building 08,5360 BROADWAY,"BRONX, NY 10463",Hot Water,Unplanned,05/10/25,08:13 AM,05/10/25 05:21 PM,1,153,266
MARBLE HILL - Building 08,5360 BROADWAY,"BRONX, NY 10463",Heat,Unplanned,04/09/25,09:00 AM,04/09/25 09:30 PM,1,153,266
MARBLE HILL - Building 05,2831 EXTERIOR STREET,"BRONX, NY 10463",Hot Water,Unplanned,04/07/25,07:07 PM,04/08/25 03:03 AM,1,154,282
MARBLE HILL - Entire Development,5210 BROADWAY,"BRONX, NY 10463",Hot Water,Unplanned,04/04/25,02:48 AM,04/04/25 11:03 AM,12,"1,682","2,946"
MARBLE HILL - Building 08,5360 BROADWAY,"BRONX, NY 10463",Heat,Planned,03/24/25,01:00 PM,03/24/25 08:10 PM,1,153,266
MARBLE HILL - Building 03,49 WEST 225TH STREET,"BRONX, NY 10463",Hot Water,Unplanned,03/13/25,10:15 PM,03/14/25 02:38 AM,1,153,273
MARBLE HILL - Entire Development,5210 BROADWAY,"BRONX, NY 10463",Hot Water,Unplanned,03/10/25,05:05 AM,03/10/25 01:15 PM,12,"1,682","2,946"
MARBLE HILL - Entire Development,5210 BROADWAY,"BRONX, NY 10463",Heat,Unplanned,03/10/25,05:05 AM,03/10/25 01:08 PM,12,"1,682","2,946"
MARBLE HILL - Building 09,5240 BROADWAY,"BRONX, NY 10463",Hot Water,Unplanned,02/09/25,08:35 AM,02/09/25 01:37 PM,1,154,266
MARBLE HILL - Building 07,5480 BROADWAY,"BRONX, NY 10463",Hot Water,Unplanned,02/02/25,03:30 PM,02/02/25 09:46 PM,1,147,266
MARBLE HILL - Building 02,69 WEST 225TH STREET,"BRONX, NY 10463",Hot Water,Unplanned,02/02/25,07:38 AM,02/02/25 04:06 PM,1,154,261
MARCY - Entire Development,452 MARCY AVENUE,"BROOKLYN, NY 11206",Heat,Planned,11/12/24,08:00 AM,11/12/24 02:33 PM,28,"1,717","3,589"
MARCY - Entire Development,452 MARCY AVENUE,"BROOKLYN, NY 11206",Hot Water,Planned,11/12/24,08:00 AM,11/12/24 02:07 PM,28,"1,717","3,589"
MARCY - Building 25,101 NOSTRAND AVENUE,"BROOKLYN, NY 11206",Hot Water,Planned,05/29/25,10:16 AM,05/29/25 01:53 PM,1,72,150
MARCY - Building 16,71 NOSTRAND AVENUE,"BROOKLYN, NY 11206",Hot Water,Planned,05/28/25,10:02 AM,05/28/25 06:39 PM,1,48,85
MARCY - Building 22,602 PARK AVENUE,"BROOKLYN, NY 11206",Hot Water,Planned,05/28/25,10:01 AM,05/28/25 06:37 PM,1,48,120
MARCY - Building 12,41 NOSTRAND AVENUE,"BROOKLYN, NY 11206",Hot Water,Planned,05/27/25,10:00 AM,05/27/25 06:35 PM,1,48,97
MARCY - Building 22,602 PARK AVENUE,"BROOKLYN, NY 11206",Hot Water,Planned,05/22/25,10:15 AM,05/22/25 07:23 PM,1,48,120
MARCY - Building 08,542 FLUSHING AVENUE,"BROOKLYN, NY 11206",Hot Water,Planned,05/21/25,10:35 AM,05/21/25 07:50 PM,1,48,122
MARCY - Building 10,532 FLUSHING AVENUE,"BROOKLYN, NY 11206",Hot Water,Planned,05/19/25,10:00 AM,05/19/25 05:18 PM,1,72,156
MARCY - Building 21,552 MARCY AVENUE,"BROOKLYN, NY 11206",Hot Water,Unplanned,03/17/25,03:42 PM,03/17/25 10:45 PM,1,72,166
MARCY - Entire Development,452 MARCY AVENUE,"BROOKLYN, NY 11206",Hot Water,Unplanned,03/02/25,10:00 AM,03/02/25 09:18 PM,28,"1,717","3,589"
MARCY - Entire Development,452 MARCY AVENUE,"BROOKLYN, NY 11206",Heat,Unplanned,03/02/25,10:00 AM,03/02/25 08:44 PM,28,"1,717","3,589"
MARCY - Building 11,583 PARK AVENUE,"BROOKLYN, NY 11206",Hot Water,Unplanned,02/26/25,06:14 PM,02/26/25 11:39 PM,1,72,157
MARCY - Entire Development,452 MARCY AVENUE,"BROOKLYN, NY 11206",Heat,Unplanned,02/14/25,05:00 PM,02/14/25 10:09 PM,28,"1,717","3,589"
MARCY - Entire Development,452 MARCY AVENUE,"BROOKLYN, NY 11206",Hot Water,Unplanned,02/14/25,05:00 PM,02/14/25 10:08 PM,28,"1,717","3,589"
MARCY - Building 03,482 MARCY AVENUE,"BROOKLYN, NY 11206",Hot Water,Unplanned,02/14/25,01:22 PM,02/14/25 08:11 PM,1,66,130
MARCY - Entire Development,452 MARCY AVENUE,"BROOKLYN, NY 11206",Hot Water,Unplanned,02/06/25,06:36 PM,02/06/25 11:36 PM,28,"1,717","3,589"
MARCY - Entire Development,452 MARCY AVENUE,"BROOKLYN, NY 11206",Heat,Unplanned,02/06/25,06:36 PM,02/06/25 11:33 PM,28,"1,717","3,589"
MARINER'S HARBOR - Entire Development,311 GRANDVIEW AVENUE,"STATEN ISLAND, NY 10303",Hot Water,Unplanned,10/22/24,09:48 PM,10/23/24 01:29 AM,22,607,"1,305"
MARINER'S HARBOR - Entire Development,311 GRANDVIEW AVENUE,"STATEN ISLAND, NY 10303",Hot Water,Unplanned,03/15/25,06:53 AM,03/15/25 03:08 PM,22,607,"1,305"
MARINER'S HARBOR - Entire Development,311 GRANDVIEW AVENUE,"STATEN ISLAND, NY 10303",Heat,Unplanned,03/15/25,06:53 AM,03/15/25 02:39 PM,22,607,"1,305"
MARINER'S HARBOR - Building 19,161 CONTINENTAL PLACE,"STATEN ISLAND, NY 10303",Hot Water,Planned,02/07/25,09:00 AM,02/07/25 02:55 PM,1,18,53
MARINER'S HARBOR - Building 19,161 CONTINENTAL PLACE,"STATEN ISLAND, NY 10303",Heat,Planned,02/07/25,09:00 AM,02/07/25 02:51 PM,1,18,53
MARLBORO,Sectional,,Heat,Unplanned,12/04/24,04:00 PM,12/04/24 11:09 PM,,,
MARLBORO,Sectional,,Hot Water,Unplanned,12/04/24,04:00 PM,12/04/24 10:53 PM,,,
MARLBORO - Entire Development,29 AVENUE W,"BROOKLYN, NY 11223",Hot Water,Planned,05/12/25,09:00 AM,05/12/25 08:14 PM,30,"1,765","3,498"
MARLBORO - Entire Development,29 AVENUE W,"BROOKLYN, NY 11223",Hot Water,Planned,03/18/25,05:00 PM,03/18/25 07:39 PM,30,"1,765","3,498"
MARLBORO - Entire Development,29 AVENUE W,"BROOKLYN, NY 11223",Heat,Planned,03/18/25,06:12 PM,03/18/25 07:37 PM,30,"1,765","3,498"
MCKINLEY - Entire Development,731 EAST 161ST STREET,"BRONX, NY 10456",Hot Water,Unplanned,10/06/24,03:15 PM,10/06/24 08:02 PM,6,619,"1,293"
MCKINLEY - Building 07,905 TINTON AVENUE,"BRONX, NY 10456",Hot Water,Planned,04/02/25,04:16 PM,04/02/25 04:45 PM,1,124,267
MCKINLEY - Building 05,750 EAST 163RD STREET,"BRONX, NY 10456",Hot Water,Unplanned,03/13/25,10:00 AM,03/13/25 03:23 PM,1,125,248
MCKINLEY - Building 07,905 TINTON AVENUE,"BRONX, NY 10456",Hot Water,Planned,03/12/25,11:41 AM,03/12/25 12:46 PM,1,124,267
MCKINLEY - Building 06,751 EAST 161ST STREET,"BRONX, NY 10456",Hot Water,Planned,03/11/25,11:00 AM,03/11/25 04:12 PM,1,125,258
MCKINLEY - Building 04,731 EAST 161ST STREET,"BRONX, NY 10456",Hot Water,Unplanned,03/06/25,12:30 PM,03/07/25 02:02 PM,1,123,256
MCKINLEY - Entire Development,731 EAST 161ST STREET,"BRONX, NY 10456",Hot Water,Planned,03/05/25,11:45 AM,03/05/25 08:26 PM,6,619,"1,293"
MCKINLEY - Entire Development,731 EAST 161ST STREET,"BRONX, NY 10456",Heat,Planned,03/05/25,11:45 AM,03/05/25 08:24 PM,6,619,"1,293"
MCKINLEY - Entire Development,731 EAST 161ST STREET,"BRONX, NY 10456",Heat,Unplanned,01/05/25,04:10 AM,01/17/25 03:25 PM,6,619,"1,293"
MCKINLEY - Entire Development,731 EAST 161ST STREET,"BRONX, NY 10456",Heat,Unplanned,01/06/25,08:33 PM,01/06/25 11:36 PM,6,619,"1,293"
MCKINLEY - Entire Development,731 EAST 161ST STREET,"BRONX, NY 10456",Hot Water,Unplanned,01/06/25,08:33 PM,01/06/25 11:30 PM,6,619,"1,293"
MCKINLEY - Entire Development,731 EAST 161ST STREET,"BRONX, NY 10456",Hot Water,Unplanned,01/05/25,04:10 AM,01/05/25 02:01 PM,6,619,"1,293"
MELROSE - Entire Development,681 COURTLANDT AVENUE,"BRONX, NY 10451",Hot Water,Unplanned,10/20/24,05:29 PM,10/20/24 10:43 PM,9,"1,023","2,142"
MELROSE - Entire Development,681 COURTLANDT AVENUE,"BRONX, NY 10451",Hot Water,Unplanned,10/16/24,10:00 AM,10/16/24 05:58 PM,9,"1,023","2,142"
MELROSE - Entire Development,681 COURTLANDT AVENUE,"BRONX, NY 10451",Heat,Unplanned,10/16/24,10:00 AM,10/16/24 04:06 PM,9,"1,023","2,142"
MELROSE - Entire Development,681 COURTLANDT AVENUE,"BRONX, NY 10451",Hot Water,Planned,10/04/24,10:15 AM,10/04/24 08:18 PM,9,"1,023","2,142"
MELROSE - Entire Development,681 COURTLANDT AVENUE,"BRONX, NY 10451",Hot Water,Planned,10/03/24,04:09 PM,10/03/24 04:27 PM,9,"1,023","2,142"
MELROSE - Entire Development,681 COURTLANDT AVENUE,"BRONX, NY 10451",Hot Water,Planned,05/02/25,10:00 AM,05/02/25 03:33 PM,9,"1,023","2,142"
MELROSE - Entire Development,681 COURTLANDT AVENUE,"BRONX, NY 10451",Hot Water,Unplanned,04/13/25,08:03 AM,04/13/25 02:47 PM,9,"1,023","2,142"
MELROSE - Entire Development,681 COURTLANDT AVENUE,"BRONX, NY 10451",Heat,Unplanned,04/13/25,08:03 AM,04/13/25 02:08 PM,9,"1,023","2,142"
MELROSE - Building 04,320 EAST 156TH STREET,"BRONX, NY 10451",Hot Water,Planned,03/20/25,09:30 AM,03/20/25 04:05 PM,1,140,288
MELTZER TOWER - Building 01,94 EAST 1ST STREET,"NEW YORK, NY 10009",Hot Water,Planned,03/31/25,08:00 AM,03/31/25 03:58 PM,1,231,197
METRO NORTH PLAZA - Building 03,345 EAST 101ST STREET,"NEW YORK, NY 10029",Hot Water,Planned,11/29/24,09:00 AM,11/29/24 10:07 PM,1,111,0
METRO NORTH PLAZA - Building 03,345 EAST 101ST STREET,"NEW YORK, NY 10029",Heat,Planned,11/29/24,09:00 AM,11/29/24 10:05 PM,1,111,0
METRO NORTH PLAZA - Building 03,345 EAST 101ST STREET,"NEW YORK, NY 10029",Hot Water,Unplanned,11/19/24,11:00 AM,11/19/24 11:24 PM,1,111,0
METRO NORTH PLAZA - Building 01,307 EAST 101ST STREET,"NEW YORK, NY 10029",Hot Water,Planned,11/07/24,08:00 AM,11/07/24 02:01 PM,1,34,0
METRO NORTH PLAZA - Building 01,307 EAST 101ST STREET,"NEW YORK, NY 10029",Heat,Planned,02/10/25,11:00 AM,02/24/25 01:11 PM,1,34,0
METRO NORTH PLAZA - Entire Development,307 EAST 101ST STREET,"NEW YORK, NY 10029",Heat,Unplanned,02/14/25,10:30 AM,02/14/25 10:13 PM,3,275,3
METRO NORTH PLAZA - Entire Development,307 EAST 101ST STREET,"NEW YORK, NY 10029",Hot Water,Unplanned,02/14/25,10:30 AM,02/14/25 10:11 PM,3,275,3
METRO NORTH PLAZA - Entire Development,307 EAST 101ST STREET,"NEW YORK, NY 10029",Heat,Unplanned,02/13/25,03:17 PM,02/14/25 05:07 AM,3,275,3
METRO NORTH PLAZA - Entire Development,307 EAST 101ST STREET,"NEW YORK, NY 10029",Hot Water,Unplanned,02/13/25,03:15 PM,02/14/25 04:53 AM,3,275,3
METRO NORTH PLAZA - Building 01,307 EAST 101ST STREET,"NEW YORK, NY 10029",Hot Water,Planned,02/10/25,11:00 AM,02/10/25 03:50 PM,1,34,0
METRO NORTH PLAZA - Entire Development,307 EAST 101ST STREET,"NEW YORK, NY 10029",Hot Water,Unplanned,02/08/25,01:03 PM,02/08/25 09:34 PM,3,275,3
METRO NORTH PLAZA - Entire Development,307 EAST 101ST STREET,"NEW YORK, NY 10029",Heat,Unplanned,02/08/25,01:03 PM,02/08/25 07:04 PM,3,275,3
MILL BROOK - Building 08,620 EAST 137TH STREET,"BRONX, NY 10454",Heat,Planned,12/18/24,02:20 PM,12/18/24 09:12 PM,1,147,294
MILL BROOK - Building 08,620 EAST 137TH STREET,"BRONX, NY 10454",Hot Water,Unplanned,12/09/24,06:00 PM,12/09/24 11:04 PM,1,147,294
MILL BROOK - Building 08,620 EAST 137TH STREET,"BRONX, NY 10454",Hot Water,Unplanned,12/05/24,01:00 PM,12/07/24 04:57 AM,1,147,294
MILL BROOK,Sectional,,Hot Water,Planned,11/12/24,10:00 AM,11/12/24 08:26 PM,,,
MILL BROOK,Sectional,,Heat,Planned,11/12/24,10:00 AM,11/12/24 08:21 PM,,,
MILL BROOK - Entire Development,180 BROOK AVENUE,"BRONX, NY 10454",Hot Water,Unplanned,10/26/24,03:00 PM,10/26/24 08:34 PM,9,"1,255","2,438"
MILL BROOK - Building 03,165 SAINT ANNS AVENUE,"BRONX, NY 10454",Hot Water,Planned,05/30/25,10:00 AM,05/30/25 11:26 PM,1,140,288
MILL BROOK - Building 09,640 EAST 137TH STREET,"BRONX, NY 10454",Hot Water,Planned,05/20/25,11:30 AM,05/20/25 08:08 PM,1,128,248
MILL BROOK - Building 02,520 EAST 137TH STREET,"BRONX, NY 10454",Hot Water,Planned,05/20/25,09:15 AM,05/20/25 06:43 PM,1,145,299
MILL BROOK - Building 06,584 EAST 137TH STREET,"BRONX, NY 10454",Hot Water,Planned,05/20/25,09:30 AM,05/20/25 04:21 PM,1,145,258
MILL BROOK - Building 07,600 EAST 137TH STREET,"BRONX, NY 10454",Hot Water,Planned,05/19/25,11:30 AM,05/19/25 04:41 PM,1,148,289
MILL BROOK - Building 02,520 EAST 137TH STREET,"BRONX, NY 10454",Hot Water,Unplanned,05/10/25,09:45 AM,05/10/25 08:01 PM,1,145,299
MILL BROOK - Building 02,520 EAST 137TH STREET,"BRONX, NY 10454",Hot Water,Unplanned,04/30/25,09:30 AM,04/30/25 04:35 PM,1,145,299
MILL BROOK - Entire Development,180 BROOK AVENUE,"BRONX, NY 10454",Hot Water,Planned,04/24/25,10:01 AM,04/24/25 03:07 PM,9,"1,255","2,438"
MILL BROOK - Building 07,600 EAST 137TH STREET,"BRONX, NY 10454",Hot Water,Planned,04/23/25,02:00 PM,04/23/25 09:04 PM,1,148,289
MILL BROOK - Building 09,640 EAST 137TH STREET,"BRONX, NY 10454",Hot Water,Planned,04/10/25,09:01 AM,04/10/25 05:18 PM,1,128,248
MILL BROOK - Building 08,620 EAST 137TH STREET,"BRONX, NY 10454",Hot Water,Planned,04/09/25,10:01 AM,04/09/25 04:16 PM,1,147,294
MILL BROOK - Building 07,600 EAST 137TH STREET,"BRONX, NY 10454",Hot Water,Planned,04/09/25,10:01 AM,04/09/25 04:10 PM,1,148,289
MILL BROOK - Building 04,530 EAST 137TH STREET,"BRONX, NY 10454",Hot Water,Planned,04/08/25,10:01 AM,04/08/25 05:25 PM,1,135,279
MILL BROOK - Building 05,164 SAINT ANNS AVENUE,"BRONX, NY 10454",Hot Water,Planned,04/08/25,10:01 AM,04/08/25 05:13 PM,1,122,224
MILL BROOK - Building 01,180 BROOK AVENUE,"BRONX, NY 10454",Hot Water,Planned,04/07/25,10:40 AM,04/07/25 06:15 PM,1,145,259
MILL BROOK - Entire Development,180 BROOK AVENUE,"BRONX, NY 10454",Hot Water,Unplanned,04/06/25,08:14 AM,04/06/25 05:50 PM,9,"1,255","2,438"
MILL BROOK - Entire Development,180 BROOK AVENUE,"BRONX, NY 10454",Heat,Unplanned,04/06/25,08:14 AM,04/06/25 04:08 PM,9,"1,255","2,438"
MILL BROOK - Building 01,180 BROOK AVENUE,"BRONX, NY 10454",Hot Water,Planned,03/18/25,10:01 AM,03/18/25 05:17 PM,1,145,259
MILL BROOK EXTENSION - Building 10,169 CYPRESS AVENUE,"BRONX, NY 10454",Hot Water,Planned,11/12/24,10:00 AM,11/12/24 08:24 PM,1,125,246
MILL BROOK EXTENSION - Building 10,169 CYPRESS AVENUE,"BRONX, NY 10454",Heat,Planned,11/12/24,10:00 AM,11/12/24 08:22 PM,1,125,246
MILL BROOK EXTENSION - Entire Development,169 CYPRESS AVENUE,"BRONX, NY 10454",Hot Water,Unplanned,10/26/24,03:00 PM,10/26/24 09:03 PM,1,125,246
MILL BROOK EXTENSION - Entire Development,169 CYPRESS AVENUE,"BRONX, NY 10454",Hot Water,Planned,05/23/25,09:45 AM,05/23/25 06:06 PM,1,125,246
MILL BROOK EXTENSION - Entire Development,169 CYPRESS AVENUE,"BRONX, NY 10454",Hot Water,Planned,04/24/25,10:01 AM,04/24/25 03:09 PM,1,125,246
MILL BROOK EXTENSION - Building 10,169 CYPRESS AVENUE,"BRONX, NY 10454",Hot Water,Planned,04/10/25,12:45 PM,04/10/25 09:41 PM,1,125,246
MILL BROOK EXTENSION - Building 10,169 CYPRESS AVENUE,"BRONX, NY 10454",Hot Water,Unplanned,04/06/25,08:14 AM,04/06/25 06:06 PM,1,125,246
MITCHEL - Building 05,175 ALEXANDER AVENUE,"BRONX, NY 10454",Heat,Planned,12/18/24,11:30 AM,12/18/24 09:14 PM,1,173,365
MITCHEL - Building 05,175 ALEXANDER AVENUE,"BRONX, NY 10454",Hot Water,Planned,12/04/24,09:00 AM,12/04/24 06:28 PM,1,173,365
MITCHEL - Building 05,175 ALEXANDER AVENUE,"BRONX, NY 10454",Heat,Planned,12/04/24,07:30 AM,12/04/24 05:49 PM,1,173,365
MITCHEL - Entire Development,303 EAST 135TH STREET,"BRONX, NY 10454",Hot Water,Planned,12/03/24,10:00 AM,12/03/24 09:09 PM,11,"1,732","3,405"
MITCHEL - Entire Development,303 EAST 135TH STREET,"BRONX, NY 10454",Heat,Planned,12/03/24,10:00 AM,12/03/24 07:55 PM,11,"1,732","3,405"
MITCHEL - Building 03,215 ALEXANDER AVENUE,"BRONX, NY 10454",Hot Water,Planned,11/18/24,11:05 AM,11/18/24 09:01 PM,1,168,346
MITCHEL - Building 10,190 LINCOLN AVENUE,"BRONX, NY 10454",Hot Water,Planned,11/15/24,11:00 AM,11/15/24 05:19 PM,1,165,168
MITCHEL - Entire Development,303 EAST 135TH STREET,"BRONX, NY 10454",Hot Water,Planned,11/14/24,10:16 AM,11/14/24 10:09 PM,11,"1,732","3,405"
MITCHEL - Entire Development,303 EAST 135TH STREET,"BRONX, NY 10454",Heat,Planned,11/14/24,10:15 AM,11/14/24 09:56 PM,11,"1,732","3,405"
MITCHEL - Entire Development,303 EAST 135TH STREET,"BRONX, NY 10454",Hot Water,Planned,11/13/24,11:00 AM,11/13/24 10:03 PM,11,"1,732","3,405"
MITCHEL - Entire Development,303 EAST 135TH STREET,"BRONX, NY 10454",Heat,Planned,11/13/24,11:00 AM,11/13/24 09:16 PM,11,"1,732","3,405"
MITCHEL - Building 08,225 WILLIS AVENUE,"BRONX, NY 10454",Hot Water,Unplanned,11/07/24,12:00 AM,11/07/24 12:55 PM,1,183,353
MITCHEL,Sectional,,Hot Water,Unplanned,11/06/24,11:00 AM,11/07/24 01:33 AM,,,
MITCHEL - Building 09,177 WILLIS AVENUE,"BRONX, NY 10454",Hot Water,Unplanned,05/16/25,10:00 AM,05/16/25 06:10 PM,1,180,301
MITCHEL,Sectional,,Hot Water,Planned,05/05/25,10:01 AM,05/05/25 02:28 PM,,,
MITCHEL - Building 10,190 LINCOLN AVENUE,"BRONX, NY 10454",Hot Water,Unplanned,05/01/25,11:30 AM,05/01/25 08:43 PM,1,165,168
MITCHEL,Sectional,,Hot Water,Planned,05/01/25,10:15 AM,05/01/25 03:06 PM,,,
MITCHEL - Building 09,177 WILLIS AVENUE,"BRONX, NY 10454",Hot Water,Planned,04/22/25,10:15 AM,04/22/25 05:23 PM,1,180,301
MITCHEL - Building 05,175 ALEXANDER AVENUE,"BRONX, NY 10454",Hot Water,Unplanned,04/20/25,03:36 PM,04/21/25 01:52 AM,1,173,365
MITCHEL - Entire Development,303 EAST 135TH STREET,"BRONX, NY 10454",Hot Water,Unplanned,04/08/25,08:07 PM,04/09/25 01:46 PM,11,"1,732","3,405"
MITCHEL - Entire Development,303 EAST 135TH STREET,"BRONX, NY 10454",Heat,Unplanned,04/08/25,08:07 PM,04/09/25 01:19 PM,11,"1,732","3,405"
MITCHEL - Building 07,360 EAST 137TH STREET,"BRONX, NY 10454",Hot Water,Planned,04/04/25,10:01 AM,04/04/25 07:06 PM,1,173,418
MITCHEL - Building 09,177 WILLIS AVENUE,"BRONX, NY 10454",Hot Water,Planned,04/04/25,10:01 AM,04/04/25 06:03 PM,1,180,301
MITCHEL - Building 10,190 LINCOLN AVENUE,"BRONX, NY 10454",Hot Water,Planned,04/01/25,10:00 AM,04/01/25 05:43 PM,1,165,168
MITCHEL - Building 05,175 ALEXANDER AVENUE,"BRONX, NY 10454",Hot Water,Planned,03/25/25,10:00 AM,03/25/25 07:08 PM,1,173,365
MITCHEL - Building 08,225 WILLIS AVENUE,"BRONX, NY 10454",Hot Water,Planned,03/25/25,10:25 AM,03/25/25 04:23 PM,1,183,353
MITCHEL - Building 06,350 EAST 137TH STREET,"BRONX, NY 10454",Hot Water,Planned,03/17/25,01:00 PM,03/17/25 08:39 PM,1,173,364
MITCHEL - Entire Development,303 EAST 135TH STREET,"BRONX, NY 10454",Heat,Unplanned,03/12/25,06:00 AM,03/12/25 02:11 PM,11,"1,732","3,405"
MITCHEL - Entire Development,303 EAST 135TH STREET,"BRONX, NY 10454",Hot Water,Unplanned,03/12/25,06:00 AM,03/12/25 02:09 PM,11,"1,732","3,405"
MITCHEL - Building 06,350 EAST 137TH STREET,"BRONX, NY 10454",Hot Water,Planned,03/11/25,10:00 PM,03/11/25 10:40 PM,1,173,364
MITCHEL - Building 03,215 ALEXANDER AVENUE,"BRONX, NY 10454",Hot Water,Planned,03/11/25,10:00 AM,03/11/25 07:23 PM,1,168,346
MITCHEL - Building 04,205 ALEXANDER AVENUE,"BRONX, NY 10454",Hot Water,Planned,03/11/25,10:00 AM,03/11/25 07:16 PM,1,171,331
MITCHEL - Building 01,303 EAST 135TH STREET,"BRONX, NY 10454",Hot Water,Planned,03/06/25,10:00 AM,03/06/25 04:55 PM,1,173,406
MITCHEL - Building 02,300 EAST 138TH STREET,"BRONX, NY 10454",Hot Water,Planned,03/06/25,10:00 AM,03/06/25 03:50 PM,1,173,353
MITCHEL - Building 08,225 WILLIS AVENUE,"BRONX, NY 10454",Hot Water,Unplanned,03/05/25,05:04 AM,03/05/25 11:38 AM,1,183,353
MITCHEL,Sectional,,Hot Water,Unplanned,02/06/25,02:59 PM,02/06/25 09:48 PM,,,
MITCHEL,Sectional,,Heat,Unplanned,02/06/25,02:59 PM,02/06/25 09:46 PM,,,
MITCHEL - Entire Development,303 EAST 135TH STREET,"BRONX, NY 10454",Hot Water,Unplanned,02/05/25,02:00 AM,02/05/25 12:33 PM,11,"1,732","3,405"
MITCHEL - Entire Development,303 EAST 135TH STREET,"BRONX, NY 10454",Heat,Unplanned,02/05/25,02:00 AM,02/05/25 11:34 AM,11,"1,732","3,405"
MITCHEL - Building 08,225 WILLIS AVENUE,"BRONX, NY 10454",Hot Water,Planned,01/16/25,12:10 PM,01/16/25 06:40 PM,1,183,353
MONROE - Entire Development,1785 STORY AVENUE,"BRONX, NY 10473",Hot Water,Planned,12/17/24,09:00 AM,12/17/24 05:34 PM,13,"1,102","2,336"
MONROE - Entire Development,1785 STORY AVENUE,"BRONX, NY 10473",Heat,Planned,12/17/24,09:00 AM,12/17/24 05:26 PM,13,"1,102","2,336"
MONROE - Entire Development,1785 STORY AVENUE,"BRONX, NY 10473",Heat,Unplanned,11/12/24,01:47 PM,11/12/24 11:05 PM,13,"1,102","2,336"
MONROE - Entire Development,1785 STORY AVENUE,"BRONX, NY 10473",Hot Water,Planned,11/12/24,08:00 AM,11/12/24 09:50 PM,13,"1,102","2,336"
MONROE - Entire Development,1785 STORY AVENUE,"BRONX, NY 10473",Heat,Unplanned,11/03/24,05:42 PM,11/03/24 10:06 PM,13,"1,102","2,336"
MONROE - Entire Development,1785 STORY AVENUE,"BRONX, NY 10473",Hot Water,Unplanned,11/03/24,05:33 PM,11/03/24 09:58 PM,13,"1,102","2,336"
MONROE - Entire Development,1785 STORY AVENUE,"BRONX, NY 10473",Hot Water,Unplanned,10/22/24,10:00 PM,10/23/24 04:06 AM,13,"1,102","2,336"
MONROE - Entire Development,1785 STORY AVENUE,"BRONX, NY 10473",Hot Water,Unplanned,10/20/24,10:15 AM,10/20/24 06:07 PM,13,"1,102","2,336"
MONROE - Entire Development,1785 STORY AVENUE,"BRONX, NY 10473",Hot Water,Unplanned,03/23/25,04:19 PM,03/23/25 11:06 PM,13,"1,102","2,336"
MONROE - Entire Development,1785 STORY AVENUE,"BRONX, NY 10473",Heat,Unplanned,03/23/25,04:19 PM,03/23/25 10:55 PM,13,"1,102","2,336"
MONROE - Entire Development,1785 STORY AVENUE,"BRONX, NY 10473",Hot Water,Unplanned,03/23/25,08:27 AM,03/23/25 03:38 PM,13,"1,102","2,336"
MONROE - Entire Development,1785 STORY AVENUE,"BRONX, NY 10473",Heat,Unplanned,03/23/25,08:27 AM,03/23/25 03:26 PM,13,"1,102","2,336"
MONROE - Entire Development,1785 STORY AVENUE,"BRONX, NY 10473",Heat,Planned,03/19/25,09:00 AM,03/19/25 03:50 PM,13,"1,102","2,336"
MONROE - Entire Development,1785 STORY AVENUE,"BRONX, NY 10473",Hot Water,Planned,03/19/25,09:00 AM,03/19/25 03:09 PM,13,"1,102","2,336"
MONROE - Entire Development,1785 STORY AVENUE,"BRONX, NY 10473",Heat,Unplanned,03/15/25,08:37 AM,03/15/25 12:50 PM,13,"1,102","2,336"
MONROE - Entire Development,1785 STORY AVENUE,"BRONX, NY 10473",Hot Water,Unplanned,03/15/25,08:37 AM,03/15/25 12:17 PM,13,"1,102","2,336"
MONROE - Entire Development,1785 STORY AVENUE,"BRONX, NY 10473",Hot Water,Unplanned,03/13/25,06:18 PM,03/13/25 11:11 PM,13,"1,102","2,336"
MONROE - Entire Development,1785 STORY AVENUE,"BRONX, NY 10473",Heat,Unplanned,03/13/25,06:18 PM,03/13/25 11:04 PM,13,"1,102","2,336"
MONROE - Building 12,1815 STORY AVENUE,"BRONX, NY 10473",Hot Water,Planned,03/11/25,09:00 AM,03/11/25 03:12 PM,1,74,178
MONROE - Building 11,1755 STORY AVENUE,"BRONX, NY 10473",Hot Water,Planned,03/11/25,09:00 AM,03/11/25 02:57 PM,1,74,170
MONROE - Building 09,1760 STORY AVENUE,"BRONX, NY 10473",Hot Water,Planned,03/10/25,09:00 AM,03/10/25 02:54 PM,1,74,203
MONROE - Building 10,870 ROSEDALE AVENUE,"BRONX, NY 10473",Hot Water,Planned,03/10/25,09:00 AM,03/10/25 02:37 PM,1,74,193
MONROE - Entire Development,1785 STORY AVENUE,"BRONX, NY 10473",Heat,Unplanned,03/07/25,06:00 AM,03/07/25 12:37 PM,13,"1,102","2,336"
MONROE - Entire Development,1785 STORY AVENUE,"BRONX, NY 10473",Hot Water,Unplanned,03/07/25,06:00 AM,03/07/25 12:10 PM,13,"1,102","2,336"
MONROE - Building 06,805 TAYLOR AVENUE,"BRONX, NY 10473",Hot Water,Planned,03/07/25,09:00 AM,03/07/25 05:43 PM,1,110,200
MONROE - Building 08,1800 STORY AVENUE,"BRONX, NY 10473",Hot Water,Planned,03/07/25,09:00 AM,03/07/25 05:17 PM,1,74,178
MONROE - Building 05,800 SOUNDVIEW AVENUE,"BRONX, NY 10473",Hot Water,Planned,03/06/25,09:00 AM,03/06/25 04:39 PM,1,110,221
MONROE - Building 03,1770 STORY AVENUE,"BRONX, NY 10473",Hot Water,Planned,03/06/25,09:00 AM,03/06/25 04:30 PM,1,110,190
MONROE - Entire Development,1785 STORY AVENUE,"BRONX, NY 10473",Hot Water,Unplanned,03/05/25,04:15 PM,03/06/25 02:45 AM,13,"1,102","2,336"
MONROE - Entire Development,1785 STORY AVENUE,"BRONX, NY 10473",Heat,Unplanned,03/05/25,04:15 PM,03/06/25 02:12 AM,13,"1,102","2,336"
MONROE - Entire Development,1785 STORY AVENUE,"BRONX, NY 10473",Hot Water,Unplanned,03/05/25,12:00 AM,03/05/25 05:49 AM,13,"1,102","2,336"
MONROE - Entire Development,1785 STORY AVENUE,"BRONX, NY 10473",Heat,Unplanned,03/05/25,12:00 AM,03/05/25 05:43 AM,13,"1,102","2,336"
MONROE - Entire Development,1785 STORY AVENUE,"BRONX, NY 10473",Hot Water,Unplanned,03/04/25,06:27 PM,03/04/25 11:56 PM,13,"1,102","2,336"
MONROE - Entire Development,1785 STORY AVENUE,"BRONX, NY 10473",Heat,Unplanned,03/04/25,06:27 PM,03/04/25 11:24 PM,13,"1,102","2,336"
MONROE - Building 01,1785 STORY AVENUE,"BRONX, NY 10473",Hot Water,Unplanned,02/11/25,03:16 PM,02/11/25 09:05 PM,1,112,203
MONROE - Building 08,1800 STORY AVENUE,"BRONX, NY 10473",Hot Water,Unplanned,01/22/25,08:30 AM,01/22/25 09:12 PM,1,74,178
MOORE - Entire Development,674 EAST 149TH STREET,"BRONX, NY 10455",Hot Water,Unplanned,11/18/24,07:00 PM,11/19/24 05:26 AM,3,463,911
MOORE - Entire Development,674 EAST 149TH STREET,"BRONX, NY 10455",Hot Water,Planned,05/12/25,10:45 AM,05/12/25 10:21 PM,3,463,911
MOORE - Entire Development,674 EAST 149TH STREET,"BRONX, NY 10455",Hot Water,Unplanned,05/11/25,06:05 PM,05/12/25 02:26 AM,3,463,911
MOORE - Entire Development,674 EAST 149TH STREET,"BRONX, NY 10455",Hot Water,Unplanned,05/08/25,09:00 PM,05/09/25 05:00 AM,3,463,911
MOORE - Entire Development,674 EAST 149TH STREET,"BRONX, NY 10455",Hot Water,Unplanned,05/06/25,07:03 PM,05/07/25 12:08 AM,3,463,911
MOORE - Entire Development,674 EAST 149TH STREET,"BRONX, NY 10455",Hot Water,Unplanned,05/04/25,08:02 PM,05/05/25 01:54 AM,3,463,911
MOORE - Entire Development,674 EAST 149TH STREET,"BRONX, NY 10455",Hot Water,Unplanned,03/14/25,07:10 PM,03/14/25 11:42 PM,3,463,911
MOORE - Entire Development,674 EAST 149TH STREET,"BRONX, NY 10455",Heat,Unplanned,03/14/25,07:10 PM,03/14/25 11:36 PM,3,463,911
MOORE - Building 01,674 EAST 149TH STREET,"BRONX, NY 10455",Hot Water,Planned,03/13/25,09:30 AM,03/13/25 11:21 PM,1,231,468
MOORE - Building 02,525 JACKSON AVENUE,"BRONX, NY 10455",Hot Water,Planned,03/12/25,10:00 AM,03/12/25 05:27 PM,1,232,443
MOORE - Entire Development,674 EAST 149TH STREET,"BRONX, NY 10455",Hot Water,Unplanned,02/17/25,07:35 AM,02/17/25 05:29 PM,3,463,911
MOORE - Entire Development,674 EAST 149TH STREET,"BRONX, NY 10455",Heat,Unplanned,02/17/25,02:00 AM,02/17/25 01:34 PM,3,463,911
MOORE - Entire Development,674 EAST 149TH STREET,"BRONX, NY 10455",Hot Water,Unplanned,02/13/25,07:21 PM,02/14/25 01:28 AM,3,463,911
MOORE - Entire Development,674 EAST 149TH STREET,"BRONX, NY 10455",Heat,Unplanned,02/13/25,07:21 PM,02/14/25 01:24 AM,3,463,911
MOORE - Entire Development,674 EAST 149TH STREET,"BRONX, NY 10455",Hot Water,Unplanned,01/30/25,06:09 PM,01/31/25 05:30 AM,3,463,911
MOORE - Entire Development,674 EAST 149TH STREET,"BRONX, NY 10455",Heat,Unplanned,01/30/25,06:09 PM,01/31/25 03:27 AM,3,463,911
MOORE - Entire Development,674 EAST 149TH STREET,"BRONX, NY 10455",Hot Water,Unplanned,01/29/25,04:03 PM,01/29/25 11:51 PM,3,463,911
MOORE - Entire Development,674 EAST 149TH STREET,"BRONX, NY 10455",Heat,Unplanned,01/29/25,04:03 PM,01/29/25 10:59 PM,3,463,911
MOORE - Entire Development,674 EAST 149TH STREET,"BRONX, NY 10455",Hot Water,Unplanned,01/07/25,07:13 PM,01/08/25 03:21 AM,3,463,911
MOORE - Entire Development,674 EAST 149TH STREET,"BRONX, NY 10455",Heat,Unplanned,01/07/25,07:13 PM,01/07/25 11:21 PM,3,463,911
MOORE - Entire Development,674 EAST 149TH STREET,"BRONX, NY 10455",Heat,Unplanned,01/03/25,09:01 PM,01/04/25 03:53 AM,3,463,911
MOORE - Entire Development,674 EAST 149TH STREET,"BRONX, NY 10455",Hot Water,Unplanned,01/03/25,09:01 PM,01/04/25 03:45 AM,3,463,911
MORRIS - Building 02,1373 WASHINGTON AVENUE,"BRONX, NY 10456",Hot Water,Unplanned,12/23/24,08:00 AM,12/23/24 11:21 PM,1,98,211
MORRIS - Building 10,3673 3RD AVENUE,"BRONX, NY 10456",Hot Water,Unplanned,11/04/24,12:00 PM,11/04/24 10:48 PM,1,120,306
MORRIS - Building 01,1385 WASHINGTON AVENUE,"BRONX, NY 10456",Hot Water,Unplanned,02/16/25,11:11 AM,02/16/25 08:59 PM,1,126,294
MORRIS II - Building 16,1465 WASHINGTON AVENUE,"BRONX, NY 10456",Hot Water,Unplanned,05/26/25,04:28 PM,05/26/25 11:21 PM,1,130,228
MORRIS PARK SENIOR CITIZENS HOME - Entire Development,17 EAST 124TH STREET,"MANHATTAN, NY 10035",Hot Water,Planned,05/09/25,09:00 AM,05/09/25 04:23 PM,1,97,74
MORRIS PARK SENIOR CITIZENS HOME - Entire Development,17 EAST 124TH STREET,"MANHATTAN, NY 10035",Hot Water,Unplanned,04/29/25,04:00 PM,04/29/25 08:05 PM,1,97,74
MORRIS PARK SENIOR CITIZENS HOME - Entire Development,17 EAST 124TH STREET,"MANHATTAN, NY 10035",Hot Water,Unplanned,04/23/25,04:00 PM,04/24/25 08:53 PM,1,97,74
MORRISANIA - Building 01,450 EAST 169TH STREET,"BRONX, NY 10456",Heat,Unplanned,12/09/24,03:30 PM,12/09/24 10:24 PM,1,104,242
MORRISANIA - Entire Development,450 EAST 169TH STREET,"BRONX, NY 10456",Hot Water,Unplanned,01/29/25,05:30 AM,01/29/25 12:31 PM,2,206,448
MORRISANIA - Entire Development,450 EAST 169TH STREET,"BRONX, NY 10456",Heat,Unplanned,01/29/25,05:30 AM,01/29/25 12:31 PM,2,206,448
MORRISANIA AIR RIGHTS - Entire Development,3073 PARK AVENUE,"BRONX, NY 10451",Hot Water,Unplanned,05/08/25,02:30 PM,05/08/25 08:34 PM,4,843,"1,518"
MORRISANIA AIR RIGHTS - Entire Development,3073 PARK AVENUE,"BRONX, NY 10451",Hot Water,Unplanned,04/11/25,07:00 PM,04/11/25 09:42 PM,4,843,"1,518"
MORRISANIA AIR RIGHTS - Entire Development,3073 PARK AVENUE,"BRONX, NY 10451",Heat,Unplanned,04/11/25,07:00 PM,04/11/25 09:39 PM,4,843,"1,518"
MORRISANIA AIR RIGHTS - Building 02,3125 PARK AVENUE,"BRONX, NY 10451",Hot Water,Unplanned,03/24/25,09:00 AM,03/24/25 03:10 PM,1,477,818
MORRISANIA AIR RIGHTS - Entire Development,3073 PARK AVENUE,"BRONX, NY 10451",Hot Water,Unplanned,01/29/25,05:36 AM,01/29/25 12:58 PM,4,843,"1,518"
MORRISANIA AIR RIGHTS - Entire Development,3073 PARK AVENUE,"BRONX, NY 10451",Heat,Unplanned,01/29/25,05:36 AM,01/29/25 12:57 PM,4,843,"1,518"
MORRISANIA AIR RIGHTS - Building 01,3073 PARK AVENUE,"BRONX, NY 10451",Hot Water,Unplanned,01/28/25,07:13 PM,01/28/25 11:54 PM,1,222,437
MORRISANIA AIR RIGHTS - Building 01,3073 PARK AVENUE,"BRONX, NY 10451",Heat,Unplanned,01/28/25,07:13 PM,01/28/25 11:47 PM,1,222,437
MORRISANIA AIR RIGHTS - Entire Development,3073 PARK AVENUE,"BRONX, NY 10451",Hot Water,Unplanned,01/08/25,09:41 AM,01/08/25 02:25 PM,4,843,"1,518"
MORRISANIA AIR RIGHTS - Entire Development,3073 PARK AVENUE,"BRONX, NY 10451",Heat,Unplanned,01/08/25,09:40 AM,01/08/25 02:15 PM,4,843,"1,518"
MOTT HAVEN - Building 06,380 EAST 143RD STREET,"BRONX, NY 10454",Heat,Unplanned,12/03/24,10:00 AM,12/03/24 07:01 PM,1,130,243
MOTT HAVEN - Building 07,355 EAST 143RD STREET,"BRONX, NY 10454",Hot Water,Planned,05/19/25,11:22 AM,05/19/25 04:40 PM,1,117,245
MOTT HAVEN - Entire Development,388 EAST 141ST STREET,"BRONX, NY 10454",Hot Water,Planned,04/01/25,08:50 AM,04/01/25 05:04 PM,9,993,"2,127"
MOTT HAVEN - Entire Development,388 EAST 141ST STREET,"BRONX, NY 10454",Heat,Planned,04/01/25,08:50 AM,04/01/25 05:04 PM,9,993,"2,127"
MOTT HAVEN - Building 04,340 ALEXANDER AVENUE,"BRONX, NY 10454",Hot Water,Unplanned,01/14/25,10:30 AM,01/14/25 11:33 PM,1,122,344
MOTT HAVEN - Building 07,355 EAST 143RD STREET,"BRONX, NY 10454",Hot Water,Unplanned,01/07/25,04:22 PM,01/08/25 12:44 AM,1,117,245
NOSTRAND,Sectional,,Hot Water,Unplanned,05/08/25,03:00 PM,05/08/25 07:45 PM,,,
NOSTRAND - Entire Development,2241 BATCHELDER STREET,"BROOKLYN, NY 11229",Hot Water,Unplanned,05/04/25,08:32 PM,05/05/25 12:16 AM,17,"1,148","1,927"
NOSTRAND - Building 10,3040 AVENUE W,"BROOKLYN, NY 11229",Hot Water,Unplanned,04/29/25,03:45 PM,04/29/25 08:08 PM,1,72,120
NOSTRAND - Building 10,3040 AVENUE W,"BROOKLYN, NY 11229",Hot Water,Unplanned,04/28/25,08:09 PM,04/29/25 07:14 AM,1,72,120
NOSTRAND - Entire Development,2241 BATCHELDER STREET,"BROOKLYN, NY 11229",Heat,Unplanned,01/27/25,10:00 PM,01/28/25 06:31 AM,17,"1,148","1,927"
NOSTRAND - Entire Development,2241 BATCHELDER STREET,"BROOKLYN, NY 11229",Hot Water,Unplanned,01/27/25,10:00 PM,01/28/25 02:46 AM,17,"1,148","1,927"
NOSTRAND - Entire Development,2241 BATCHELDER STREET,"BROOKLYN, NY 11229",Hot Water,Unplanned,01/21/25,10:00 AM,01/21/25 10:32 PM,17,"1,148","1,927"
NOSTRAND - Entire Development,2241 BATCHELDER STREET,"BROOKLYN, NY 11229",Heat,Unplanned,01/21/25,10:00 AM,01/21/25 10:26 PM,17,"1,148","1,927"
OCEAN BAY APARTMENTS (OCEANSIDE) - Entire Development,306 BEACH 56TH STREET,"FAR ROCKAWAY, NY 11692",Hot Water,Unplanned,12/09/24,07:15 PM,12/09/24 11:57 PM,7,418,722
OCEAN BAY APARTMENTS (OCEANSIDE) - Entire Development,306 BEACH 56TH STREET,"FAR ROCKAWAY, NY 11692",Heat,Unplanned,02/16/25,07:11 AM,02/16/25 12:08 PM,7,418,722
OCEAN BAY APARTMENTS (OCEANSIDE) - Entire Development,306 BEACH 56TH STREET,"FAR ROCKAWAY, NY 11692",Hot Water,Unplanned,02/16/25,07:11 AM,02/16/25 01:08 PM,7,418,722
OCEAN HILL APARTMENTS - Entire Development,24 MOTHER GASTON BOULEVARD,"BROOKLYN, NY 11233",Hot Water,Unplanned,10/21/24,06:00 AM,10/21/24 07:38 PM,4,238,0
OCEAN HILL APARTMENTS - Building 02,15 MOTHER GASTON BOULEVARD,"BROOKLYN, NY 11233",Hot Water,Planned,05/30/25,09:00 AM,05/30/25 10:53 PM,1,81,0
OCEAN HILL APARTMENTS - Building 03,309 MACDOUGAL STREET,"BROOKLYN, NY 11233",Hot Water,Planned,05/30/25,09:00 AM,05/30/25 09:07 PM,1,79,0
OCEAN HILL APARTMENTS - Building 01,24 MOTHER GASTON BOULEVARD,"BROOKLYN, NY 11233",Hot Water,Planned,05/15/25,09:00 AM,05/15/25 04:23 PM,1,78,0
OCEAN HILL APARTMENTS - Entire Development,24 MOTHER GASTON BOULEVARD,"BROOKLYN, NY 11233",Hot Water,Unplanned,05/05/25,05:00 PM,05/05/25 10:15 PM,4,238,0
OCEAN HILL APARTMENTS - Entire Development,24 MOTHER GASTON BOULEVARD,"BROOKLYN, NY 11233",Hot Water,Planned,03/20/25,09:30 AM,03/20/25 11:54 AM,4,238,0
OCEAN HILL APARTMENTS - Entire Development,24 MOTHER GASTON BOULEVARD,"BROOKLYN, NY 11233",Heat,Planned,03/20/25,09:00 AM,03/20/25 11:49 AM,4,238,0
O'DWYER GARDENS - Building 03,2950 WEST 33RD STREET,"BROOKLYN, NY 11224",Heat,Unplanned,12/03/24,10:30 AM,12/03/24 09:44 PM,1,93,141
O'DWYER GARDENS - Building 01,2975 WEST 33RD STREET,"BROOKLYN, NY 11224",Hot Water,Planned,10/28/24,09:30 AM,10/28/24 08:34 PM,1,87,133
O'DWYER GARDENS - Building 01,2975 WEST 33RD STREET,"BROOKLYN, NY 11224",Hot Water,Planned,04/15/25,10:00 AM,04/15/25 05:18 PM,1,87,133
O'DWYER GARDENS - Building 02,3309 SURF AVENUE,"BROOKLYN, NY 11224",Hot Water,Planned,01/28/25,11:00 AM,01/28/25 09:55 PM,1,87,128
O'DWYER GARDENS - Building 01,2975 WEST 33RD STREET,"BROOKLYN, NY 11224",Hot Water,Unplanned,01/13/25,03:00 PM,01/13/25 08:54 PM,1,87,133
PARKSIDE - Entire Development,2910 BRONX PARK EAST,"BRONX, NY 10467",Hot Water,Unplanned,11/19/24,09:15 PM,11/20/24 03:40 AM,14,879,"1,598"
PARKSIDE - Entire Development,2910 BRONX PARK EAST,"BRONX, NY 10467",Heat,Unplanned,11/03/24,03:00 PM,11/04/24 12:07 AM,14,879,"1,598"
PARKSIDE - Entire Development,2910 BRONX PARK EAST,"BRONX, NY 10467",Hot Water,Unplanned,11/03/24,03:00 PM,11/04/24 12:01 AM,14,879,"1,598"
PARKSIDE - Entire Development,2910 BRONX PARK EAST,"BRONX, NY 10467",Hot Water,Unplanned,05/04/25,02:08 PM,05/04/25 09:48 PM,14,879,"1,598"
PARKSIDE - Building 05,660 ARNOW AVENUE,"BRONX, NY 10467",Hot Water,Planned,03/18/25,08:30 AM,03/18/25 03:22 PM,1,112,196
PARKSIDE - Building 14,2825 OLINVILLE AVENUE,"BRONX, NY 10467",Hot Water,Planned,03/18/25,08:30 AM,03/18/25 03:11 PM,1,56,103
PARKSIDE - Building 07,649 ARNOW AVENUE,"BRONX, NY 10467",Hot Water,Planned,03/17/25,08:30 AM,03/17/25 05:08 PM,1,56,111
PARKSIDE - Building 06,665 ARNOW AVENUE,"BRONX, NY 10467",Hot Water,Planned,03/17/25,08:30 AM,03/17/25 04:56 PM,1,56,101
PARKSIDE - Building 04,635 ARNOW AVENUE,"BRONX, NY 10467",Hot Water,Planned,03/14/25,08:30 AM,03/14/25 04:53 PM,1,108,167
PARKSIDE - Building 01,2910 BRONX PARK EAST,"BRONX, NY 10467",Hot Water,Planned,03/14/25,08:30 AM,03/14/25 04:42 PM,1,48,82
PARKSIDE - Building 13,2950 BRONX PARK EAST,"BRONX, NY 10467",Hot Water,Planned,03/13/25,08:30 AM,03/13/25 10:24 PM,1,28,65
PARKSIDE - Building 12,2945 WHITE PLAINS ROAD,"BRONX, NY 10467",Hot Water,Planned,03/13/25,08:30 AM,03/13/25 04:27 PM,1,28,59
PARKSIDE - Building 10,680 ADEE AVENUE,"BRONX, NY 10467",Hot Water,Planned,03/12/25,08:30 AM,03/12/25 03:51 PM,1,56,104
PARKSIDE - Building 11,2959 WHITE PLAINS ROAD,"BRONX, NY 10467",Hot Water,Planned,03/12/25,08:30 AM,03/12/25 03:49 PM,1,56,106
PARKSIDE - Building 09,666 ADEE AVENUE,"BRONX, NY 10467",Hot Water,Planned,03/11/25,08:30 AM,03/11/25 06:46 PM,1,56,111
PARKSIDE - Building 08,650 ADEE AVENUE,"BRONX, NY 10467",Hot Water,Planned,03/11/25,08:30 AM,03/11/25 05:53 PM,1,56,105
PARKSIDE - Building 02,2970 BRONX PARK EAST,"BRONX, NY 10467",Hot Water,Planned,03/10/25,08:30 AM,03/10/25 04:13 PM,1,48,77
PARKSIDE - Building 03,640 ADEE AVENUE,"BRONX, NY 10467",Hot Water,Planned,03/10/25,08:30 AM,03/10/25 04:08 PM,1,115,211
PARKSIDE - Entire Development,2910 BRONX PARK EAST,"BRONX, NY 10467",Hot Water,Unplanned,02/13/25,03:22 PM,02/14/25 01:42 AM,14,879,"1,598"
PARKSIDE - Entire Development,2910 BRONX PARK EAST,"BRONX, NY 10467",Heat,Unplanned,02/13/25,03:22 PM,02/14/25 01:40 AM,14,879,"1,598"
PARKSIDE - Entire Development,2910 BRONX PARK EAST,"BRONX, NY 10467",Hot Water,Unplanned,02/12/25,08:10 PM,02/13/25 01:11 AM,14,879,"1,598"
PARKSIDE - Entire Development,2910 BRONX PARK EAST,"BRONX, NY 10467",Heat,Unplanned,02/12/25,08:10 PM,02/13/25 01:06 AM,14,879,"1,598"
PARKSIDE - Building 05,660 ARNOW AVENUE,"BRONX, NY 10467",Hot Water,Unplanned,01/27/25,08:00 PM,01/28/25 12:05 AM,1,112,196
PATTERSON - Entire Development,2595 3RD AVENUE,"BRONX, NY 10451",Heat,Unplanned,12/21/24,12:14 PM,12/27/24 11:38 AM,15,"1,791","3,568"
PATTERSON - Entire Development,2595 3RD AVENUE,"BRONX, NY 10451",Hot Water,Unplanned,12/21/24,12:14 PM,12/21/24 09:50 PM,15,"1,791","3,568"
PATTERSON - Entire Development,2595 3RD AVENUE,"BRONX, NY 10451",Hot Water,Planned,11/06/24,09:10 AM,11/06/24 04:11 PM,15,"1,791","3,568"
PATTERSON - Entire Development,2595 3RD AVENUE,"BRONX, NY 10451",Hot Water,Planned,11/01/24,10:00 AM,11/01/24 04:03 PM,15,"1,791","3,568"
PATTERSON - Entire Development,2595 3RD AVENUE,"BRONX, NY 10451",Hot Water,Unplanned,10/08/24,11:15 AM,10/08/24 04:03 PM,15,"1,791","3,568"
PATTERSON - Entire Development,2595 3RD AVENUE,"BRONX, NY 10451",Hot Water,Unplanned,05/01/25,04:34 AM,05/01/25 01:54 PM,15,"1,791","3,568"
PATTERSON - Entire Development,2595 3RD AVENUE,"BRONX, NY 10451",Hot Water,Unplanned,04/20/25,08:11 AM,04/20/25 02:11 PM,15,"1,791","3,568"
PATTERSON - Entire Development,2595 3RD AVENUE,"BRONX, NY 10451",Hot Water,Unplanned,04/14/25,09:03 AM,04/14/25 11:12 PM,15,"1,791","3,568"
PATTERSON - Entire Development,2595 3RD AVENUE,"BRONX, NY 10451",Heat,Unplanned,04/09/25,04:00 PM,04/09/25 09:53 PM,15,"1,791","3,568"
PATTERSON - Entire Development,2595 3RD AVENUE,"BRONX, NY 10451",Heat,Unplanned,04/07/25,03:43 AM,04/07/25 01:54 PM,15,"1,791","3,568"
PATTERSON - Entire Development,2595 3RD AVENUE,"BRONX, NY 10451",Hot Water,Unplanned,04/07/25,03:43 AM,04/07/25 01:53 PM,15,"1,791","3,568"
PATTERSON - Building 13,314 EAST 143RD STREET,"BRONX, NY 10451",Heat,Planned,03/19/25,08:01 AM,03/19/25 01:49 PM,1,208,404
PATTERSON - Building 13,314 EAST 143RD STREET,"BRONX, NY 10451",Heat,Planned,02/27/25,08:00 AM,02/27/25 01:56 PM,1,208,404
PELHAM PARKWAY - Building 19,2250 WALLACE AVENUE,"BRONX, NY 10467",Hot Water,Unplanned,12/06/24,11:40 AM,12/06/24 10:15 PM,1,30,65
PELHAM PARKWAY,Sectional,,Hot Water,Planned,12/04/24,06:00 AM,12/04/24 08:28 PM,,,
PELHAM PARKWAY,Sectional,,Heat,Planned,12/04/24,06:00 AM,12/04/24 07:32 PM,,,
PELHAM PARKWAY,Sectional,,Hot Water,Planned,12/03/24,06:00 AM,12/03/24 09:23 PM,,,
PELHAM PARKWAY,Sectional,,Heat,Planned,12/03/24,06:00 AM,12/03/24 08:34 PM,,,
PELHAM PARKWAY,Sectional,,Heat,Planned,12/02/24,07:00 AM,12/02/24 07:45 PM,,,
PELHAM PARKWAY,Sectional,,Hot Water,Planned,12/02/24,07:00 AM,12/02/24 07:38 PM,,,
PELHAM PARKWAY,Sectional,,Heat,Unplanned,11/27/24,02:55 AM,11/27/24 09:31 PM,,,
PELHAM PARKWAY,Sectional,,Hot Water,Unplanned,11/27/24,02:23 AM,11/27/24 09:10 PM,,,
PELHAM PARKWAY,Sectional,,Hot Water,Unplanned,11/26/24,06:00 AM,11/26/24 08:54 PM,,,
PELHAM PARKWAY - Building 05,925 WARING AVENUE,"BRONX, NY 10469",Hot Water,Planned,05/06/25,09:00 AM,05/06/25 01:27 PM,1,60,113
PELHAM PARKWAY,Sectional,,Hot Water,Planned,05/05/25,09:00 AM,05/05/25 11:16 PM,,,
PELHAM PARKWAY - Building 16,780 ASTOR AVENUE,"BRONX, NY 10467",Hot Water,Planned,03/27/25,09:00 AM,03/27/25 04:09 PM,1,60,103
PELHAM PARKWAY - Building 22,805 PELHAM PARKWAY NORTH,"BRONX, NY 10467",Hot Water,Planned,03/20/25,10:00 AM,03/20/25 04:11 PM,1,60,111
PELHAM PARKWAY - Building 23,2215 BRONXWOOD AVENUE,"BRONX, NY 10469",Hot Water,Planned,03/20/25,03:25 PM,03/20/25 04:04 PM,1,60,133
PELHAM PARKWAY - Building 20,2245 BRONXWOOD AVENUE,"BRONX, NY 10469",Hot Water,Planned,03/19/25,03:39 PM,03/19/25 04:22 PM,1,60,141
PELHAM PARKWAY - Building 21,2220 WALLACE AVENUE,"BRONX, NY 10467",Hot Water,Planned,03/19/25,09:00 AM,03/19/25 04:10 PM,1,60,118
PELHAM PARKWAY - Building 19,2250 WALLACE AVENUE,"BRONX, NY 10467",Hot Water,Planned,03/18/25,09:00 AM,03/18/25 03:39 PM,1,30,65
PELHAM PARKWAY - Building 18,840 ASTOR AVENUE,"BRONX, NY 10467",Hot Water,Planned,03/18/25,09:00 AM,03/18/25 03:33 PM,1,60,123
PELHAM PARKWAY - Building 17,810 ASTOR AVENUE,"BRONX, NY 10467",Hot Water,Planned,03/17/25,09:00 AM,03/17/25 02:35 PM,1,60,105
PELHAM PARKWAY - Building 16,780 ASTOR AVENUE,"BRONX, NY 10467",Hot Water,Planned,03/17/25,09:00 AM,03/17/25 02:31 PM,1,60,103
PELHAM PARKWAY - Building 14,2324 PAULDING AVENUE,"BRONX, NY 10469",Hot Water,Planned,03/14/25,09:00 AM,03/14/25 03:39 PM,1,48,72
PELHAM PARKWAY - Building 15,2325 WILLIAMSBRIDGE ROAD,"BRONX, NY 10469",Hot Water,Planned,03/14/25,09:00 AM,03/14/25 02:40 PM,1,48,59
PELHAM PARKWAY - Building 12,2354 PAULDING AVENUE,"BRONX, NY 10469",Hot Water,Planned,03/13/25,09:00 AM,03/13/25 03:29 PM,1,48,59
PELHAM PARKWAY - Building 13,2355 WILLIAMSBRIDGE ROAD,"BRONX, NY 10469",Hot Water,Planned,03/13/25,09:00 AM,03/13/25 03:11 PM,1,48,62
PELHAM PARKWAY,Sectional,,Hot Water,Planned,03/12/25,09:00 AM,03/12/25 06:11 PM,,,
PELHAM PARKWAY,Sectional,,Heat,Planned,03/12/25,09:00 AM,03/12/25 06:10 PM,,,
PELHAM PARKWAY - Building 06,935 WARING AVENUE,"BRONX, NY 10469",Hot Water,Planned,03/11/25,09:00 AM,03/11/25 03:33 PM,1,60,122
PELHAM PARKWAY - Building 07,981 WARING AVENUE,"BRONX, NY 10469",Hot Water,Planned,03/11/25,09:00 AM,03/11/25 03:23 PM,1,60,112
PELHAM PARKWAY - Building 04,930 MACE AVENUE,"BRONX, NY 10469",Hot Water,Planned,03/10/25,09:00 AM,03/10/25 05:23 PM,1,60,114
PELHAM PARKWAY - Building 05,925 WARING AVENUE,"BRONX, NY 10469",Hot Water,Planned,03/10/25,09:00 AM,03/10/25 02:59 PM,1,60,113
PELHAM PARKWAY - Building 02,928 MACE AVENUE,"BRONX, NY 10469",Hot Water,Planned,03/06/25,01:00 PM,03/06/25 08:41 PM,1,60,114
PELHAM PARKWAY - Building 03,2460 BRONXWOOD AVENUE,"BRONX, NY 10469",Hot Water,Planned,03/06/25,01:15 PM,03/06/25 06:56 PM,1,48,57
PELHAM PARKWAY - Building 01,910 MACE AVENUE,"BRONX, NY 10469",Hot Water,Planned,03/06/25,01:00 PM,03/06/25 06:55 PM,1,60,116
PELHAM PARKWAY,Sectional,,Hot Water,Unplanned,01/18/25,07:01 AM,01/18/25 07:50 PM,,,
PELHAM PARKWAY,Sectional,,Heat,Unplanned,01/18/25,07:01 AM,01/18/25 07:41 PM,,,
PELHAM PARKWAY - Entire Development,910 MACE AVENUE,"BRONX, NY 10469",Heat,Unplanned,01/17/25,11:30 PM,01/18/25 04:57 AM,23,"1,266","2,249"
PELHAM PARKWAY - Building 11,2385 WILLIAMSBRIDGE ROAD,"BRONX, NY 10469",Hot Water,Unplanned,01/11/25,03:15 PM,01/12/25 02:58 PM,1,48,65
PINK - Entire Development,2628 LINDEN BOULEVARD,"BROOKLYN, NY 11208",Hot Water,Planned,10/22/24,09:30 AM,10/22/24 04:11 PM,24,"1,500","3,130"
PINK - Building 09,1257 LORING AVENUE,"BROOKLYN, NY 11208",Hot Water,Unplanned,10/08/24,07:18 PM,10/09/24 10:29 AM,1,75,147
PINK - Entire Development,2628 LINDEN BOULEVARD,"BROOKLYN, NY 11208",Hot Water,Planned,10/07/24,09:35 AM,10/07/24 05:25 PM,24,"1,500","3,130"
PINK - Building 02,2630 LINDEN BOULEVARD,"BROOKLYN, NY 11208",Hot Water,Unplanned,05/27/25,05:59 PM,05/28/25 02:04 AM,1,60,139
PINK,Sectional,,Hot Water,Planned,04/14/25,10:00 AM,04/14/25 01:37 PM,,,
PINK,Sectional,,Hot Water,Planned,03/17/25,10:26 AM,03/17/25 07:25 PM,,,
POLO GROUNDS TOWERS - Building 01,2931 F DOUGLASS BOULEVARD,"NEW YORK, NY 10039",Hot Water,Unplanned,12/27/24,01:30 PM,12/27/24 07:39 PM,1,418,840
POLO GROUNDS TOWERS - Building 04,2991 F DOUGLASS BOULEVARD,"NEW YORK, NY 10039",Hot Water,Planned,11/04/24,09:30 AM,11/04/24 05:19 PM,1,360,928
POLO GROUNDS TOWERS - Building 01,2931 F DOUGLASS BOULEVARD,"NEW YORK, NY 10039",Hot Water,Unplanned,03/25/25,03:00 PM,03/25/25 06:32 PM,1,418,840
POLO GROUNDS TOWERS - Building 04,2991 F DOUGLASS BOULEVARD,"NEW YORK, NY 10039",Heat,Unplanned,03/12/25,08:30 PM,03/13/25 03:47 AM,1,360,928
POLO GROUNDS TOWERS - Building 01,2931 F DOUGLASS BOULEVARD,"NEW YORK, NY 10039",Hot Water,Planned,03/05/25,08:30 AM,03/05/25 02:03 PM,1,418,840
POLO GROUNDS TOWERS - Building 04,2991 F DOUGLASS BOULEVARD,"NEW YORK, NY 10039",Hot Water,Planned,03/05/25,08:50 AM,03/05/25 02:02 PM,1,360,928
POLO GROUNDS TOWERS - Building 02,2971 F DOUGLASS BOULEVARD,"NEW YORK, NY 10039",Hot Water,Unplanned,02/15/25,12:30 PM,02/16/25 02:44 PM,1,418,800
POLO GROUNDS TOWERS - Entire Development,2975 F DOUGLASS BOULEVARD,"NEW YORK, NY 10039",Hot Water,Unplanned,02/07/25,08:00 AM,02/07/25 07:47 PM,8,"1,614","3,394"
POLO GROUNDS TOWERS - Entire Development,2975 F DOUGLASS BOULEVARD,"NEW YORK, NY 10039",Heat,Unplanned,02/07/25,08:00 AM,02/07/25 07:46 PM,8,"1,614","3,394"
POLO GROUNDS TOWERS,Sectional,,Heat,Planned,01/31/25,10:00 AM,01/31/25 06:51 PM,,,
POLO GROUNDS TOWERS - Entire Development,2975 F DOUGLASS BOULEVARD,"NEW YORK, NY 10039",Hot Water,Unplanned,01/21/25,05:20 PM,01/22/25 05:03 AM,8,"1,614","3,394"
POLO GROUNDS TOWERS - Entire Development,2975 F DOUGLASS BOULEVARD,"NEW YORK, NY 10039",Heat,Unplanned,01/21/25,05:20 PM,01/22/25 05:03 AM,8,"1,614","3,394"
POMONOK - Building 21,155-11 JEWEL AVENUE,"FLUSHING, NY 11367",Hot Water,Unplanned,12/23/24,08:00 AM,12/23/24 11:36 PM,1,55,100
POMONOK - Building 21,155-11 JEWEL AVENUE,"FLUSHING, NY 11367",Hot Water,Unplanned,12/22/24,06:30 PM,12/22/24 10:03 PM,1,55,100
POMONOK - Building 30,70-25 KISSENA BOULEVARD,"FLUSHING, NY 11367",Hot Water,Unplanned,12/05/24,10:00 AM,12/05/24 09:31 PM,1,84,139
POMONOK - Building 26,155-26 JEWEL AVENUE,"FLUSHING, NY 11367",Hot Water,Unplanned,11/13/24,11:30 AM,11/13/24 06:04 PM,1,56,91
POMONOK - Building 06,65-42 PARSONS BOULEVARD,"FLUSHING, NY 11365",Hot Water,Unplanned,11/07/24,02:30 PM,11/07/24 09:56 PM,1,30,74
POMONOK - Building 11,67-41 KISSENA BOULEVARD,"FLUSHING, NY 11367",Hot Water,Unplanned,10/22/24,11:00 AM,10/22/24 06:03 PM,1,57,104
POMONOK - Building 15,67-12 PARSONS BOULEVARD,"FLUSHING, NY 11365",Hot Water,Unplanned,05/20/25,10:47 AM,05/20/25 06:32 PM,1,52,91
POMONOK - Entire Development,65-10 PARSONS BOULEVARD,"FLUSHING, NY 11365",Hot Water,Unplanned,05/17/25,12:00 PM,05/17/25 07:20 PM,35,"2,071","3,853"
POMONOK - Building 30,70-25 KISSENA BOULEVARD,"FLUSHING, NY 11367",Hot Water,Planned,05/08/25,09:00 AM,05/08/25 07:50 PM,1,84,139
POMONOK - Building 32,155-11 71ST AVENUE,"FLUSHING, NY 11367",Hot Water,Planned,05/08/25,09:00 AM,05/08/25 05:59 PM,1,56,104
POMONOK - Building 34,156-15 71ST AVENUE,"FLUSHING, NY 11367",Hot Water,Planned,05/08/25,09:00 AM,05/08/25 05:21 PM,1,58,109
POMONOK - Building 33,156-03 71ST AVENUE,"FLUSHING, NY 11367",Hot Water,Planned,05/08/25,09:00 AM,05/08/25 05:20 PM,1,56,112
POMONOK - Building 29,70-05 KISSENA BOULEVARD,"FLUSHING, NY 11367",Hot Water,Planned,05/08/25,09:00 AM,05/08/25 05:18 PM,1,66,149
POMONOK - Building 31,155-01 71ST AVENUE,"FLUSHING, NY 11367",Hot Water,Planned,05/08/25,09:00 AM,05/08/25 04:44 PM,1,56,107
POMONOK - Building 13,67-29 KISSENA BOULEVARD,"FLUSHING, NY 11367",Hot Water,Unplanned,05/07/25,10:23 AM,05/07/25 09:37 PM,1,86,153
POMONOK - Building 22,155-01 JEWEL AVENUE,"FLUSHING, NY 11367",Hot Water,Unplanned,05/02/25,11:00 AM,05/02/25 09:12 PM,1,33,72
POMONOK - Building 28,155-10 JEWEL AVENUE,"FLUSHING, NY 11367",Hot Water,Planned,05/01/25,09:00 AM,05/01/25 04:56 PM,1,42,89
POMONOK - Building 06,65-42 PARSONS BOULEVARD,"FLUSHING, NY 11365",Hot Water,Unplanned,04/25/25,12:45 PM,04/25/25 10:35 PM,1,30,74
POMONOK - Entire Development,65-10 PARSONS BOULEVARD,"FLUSHING, NY 11365",Hot Water,Unplanned,04/24/25,08:00 PM,04/24/25 11:19 PM,35,"2,071","3,853"
POMONOK - Building 26,155-26 JEWEL AVENUE,"FLUSHING, NY 11367",Hot Water,Planned,04/17/25,09:00 AM,04/17/25 04:52 PM,1,56,91
POMONOK - Building 24,69-21 KISSENA BOULEVARD,"FLUSHING, NY 11367",Hot Water,Planned,04/17/25,09:30 AM,04/17/25 04:51 PM,1,42,91
POMONOK - Building 27,155-22 JEWEL AVENUE,"FLUSHING, NY 11367",Hot Water,Planned,04/17/25,10:00 AM,04/17/25 04:41 PM,1,56,109
POMONOK - Building 25,70-02 PARSONS BOULEVARD,"FLUSHING, NY 11365",Hot Water,Planned,04/17/25,09:00 AM,04/17/25 04:40 PM,1,84,129
POMONOK - Building 23,69-03 KISSENA BOULEVARD,"FLUSHING, NY 11367",Hot Water,Planned,04/10/25,09:00 AM,04/10/25 05:46 PM,1,51,94
POMONOK - Building 22,155-01 JEWEL AVENUE,"FLUSHING, NY 11367",Hot Water,Planned,04/10/25,09:00 AM,04/10/25 05:29 PM,1,33,72
POMONOK - Building 20,155-19 JEWEL AVENUE,"FLUSHING, NY 11367",Hot Water,Planned,04/10/25,09:00 AM,04/10/25 05:28 PM,1,84,132
POMONOK - Building 21,155-11 JEWEL AVENUE,"FLUSHING, NY 11367",Hot Water,Planned,04/10/25,09:00 AM,04/10/25 05:28 PM,1,55,100
POMONOK - Building 18,67-34 PARSONS BOULEVARD,"FLUSHING, NY 11365",Hot Water,Planned,04/03/25,09:00 AM,04/03/25 06:47 PM,1,42,84
POMONOK - Building 17,67-28 PARSONS BOULEVARD,"FLUSHING, NY 11365",Hot Water,Planned,04/03/25,09:00 AM,04/03/25 06:47 PM,1,24,53
POMONOK - Building 13,67-29 KISSENA BOULEVARD,"FLUSHING, NY 11367",Hot Water,Planned,04/03/25,09:00 AM,04/03/25 06:46 PM,1,86,153
POMONOK - Building 16,67-02 PARSONS BOULEVARD,"FLUSHING, NY 11365",Hot Water,Planned,04/03/25,09:00 AM,04/03/25 05:12 PM,1,84,138
POMONOK - Entire Development,65-10 PARSONS BOULEVARD,"FLUSHING, NY 11365",Heat,Unplanned,04/02/25,06:45 AM,04/02/25 03:56 PM,35,"2,071","3,853"
POMONOK - Entire Development,65-10 PARSONS BOULEVARD,"FLUSHING, NY 11365",Hot Water,Unplanned,04/02/25,06:45 AM,04/02/25 03:54 PM,35,"2,071","3,853"
POMONOK - Building 14,67-16 PARSONS BOULEVARD,"FLUSHING, NY 11365",Hot Water,Planned,03/25/25,09:00 AM,03/25/25 07:06 PM,1,84,136
POMONOK - Building 10,67-45 KISSENA BOULEVARD,"FLUSHING, NY 11367",Hot Water,Planned,03/25/25,09:00 AM,03/25/25 05:54 PM,1,59,105
POMONOK - Building 12,67-37 KISSENA BOULEVARD,"FLUSHING, NY 11367",Hot Water,Planned,03/25/25,09:00 AM,03/25/25 04:38 PM,1,57,108
POMONOK - Building 11,67-41 KISSENA BOULEVARD,"FLUSHING, NY 11367",Hot Water,Planned,03/25/25,09:00 AM,03/25/25 04:32 PM,1,57,104
POMONOK - Building 09,67-01 KISSENA BOULEVARD,"FLUSHING, NY 11367",Hot Water,Planned,03/13/25,09:00 AM,03/13/25 07:29 PM,1,33,82
POMONOK - Building 08,67-11 KISSENA BOULEVARD,"FLUSHING, NY 11367",Hot Water,Planned,03/13/25,09:00 AM,03/13/25 05:14 PM,1,66,153
POMONOK - Building 07,65-26 PARSONS BOULEVARD,"FLUSHING, NY 11365",Hot Water,Planned,03/13/25,09:00 AM,03/13/25 05:14 PM,1,84,164
POMONOK - Building 10,67-45 KISSENA BOULEVARD,"FLUSHING, NY 11367",Hot Water,Planned,03/13/25,09:00 AM,03/13/25 05:00 PM,1,59,105
POMONOK - Building 05,65-32 PARSONS BOULEVARD,"FLUSHING, NY 11365",Hot Water,Planned,03/13/25,09:00 AM,03/13/25 04:59 PM,1,39,79
POMONOK - Building 06,65-42 PARSONS BOULEVARD,"FLUSHING, NY 11365",Hot Water,Planned,03/13/25,09:00 AM,03/13/25 04:37 PM,1,30,74
POMONOK - Building 04,65-52 PARSONS BOULEVARD,"FLUSHING, NY 11365",Hot Water,Planned,03/06/25,09:00 AM,03/06/25 06:50 PM,1,60,126
POMONOK - Building 03,65-20 PARSONS BOULEVARD,"FLUSHING, NY 11365",Hot Water,Planned,03/06/25,09:00 AM,03/06/25 06:49 PM,1,84,143
POMONOK - Building 02,65-16 PARSONS BOULEVARD,"FLUSHING, NY 11365",Hot Water,Planned,03/06/25,09:00 AM,03/06/25 06:48 PM,1,56,116
POMONOK - Building 01,65-10 PARSONS BOULEVARD,"FLUSHING, NY 11365",Hot Water,Planned,03/06/25,09:00 AM,03/06/25 06:47 PM,1,84,119
POMONOK - Building 07,65-26 PARSONS BOULEVARD,"FLUSHING, NY 11365",Hot Water,Unplanned,02/26/25,03:00 PM,02/26/25 10:05 PM,1,84,164
POMONOK - Building 12,67-37 KISSENA BOULEVARD,"FLUSHING, NY 11367",Hot Water,Unplanned,01/28/25,10:38 AM,01/28/25 08:04 PM,1,57,108
QUEENSBRIDGE NORTH - Entire Development,40-01 12TH STREET,"LONG ISLAND CITY, NY 11101",Heat,Unplanned,12/28/24,02:14 PM,12/28/24 09:47 PM,14,"1,543","2,735"
QUEENSBRIDGE NORTH - Entire Development,40-01 12TH STREET,"LONG ISLAND CITY, NY 11101",Hot Water,Unplanned,12/28/24,02:14 PM,12/28/24 09:42 PM,14,"1,543","2,735"
QUEENSBRIDGE NORTH - Building 19,40-01 VERNON BOULEVARD,"LONG ISLAND CITY, NY 11101",Hot Water,Unplanned,11/08/24,03:00 PM,11/08/24 08:29 PM,1,180,300
QUEENSBRIDGE NORTH - Building 19,40-01 VERNON BOULEVARD,"LONG ISLAND CITY, NY 11101",Hot Water,Unplanned,10/10/24,05:23 PM,10/10/24 09:45 PM,1,180,300
QUEENSBRIDGE NORTH - Building 04,40-14 12TH STREET,"LONG ISLAND CITY, NY 11101",Hot Water,Planned,05/16/25,02:45 PM,05/16/25 03:05 PM,1,90,167
QUEENSBRIDGE NORTH - Building 03,40-09 12TH STREET,"LONG ISLAND CITY, NY 11101",Hot Water,Planned,05/16/25,09:22 AM,05/16/25 03:03 PM,1,180,279
QUEENSBRIDGE NORTH - Building 03,40-09 12TH STREET,"LONG ISLAND CITY, NY 11101",Hot Water,Unplanned,03/20/25,11:26 AM,03/20/25 10:55 PM,1,180,279
QUEENSBRIDGE NORTH,Sectional,,Hot Water,Unplanned,02/17/25,01:06 PM,02/17/25 08:05 PM,,,
QUEENSBRIDGE NORTH,Sectional,,Heat,Unplanned,02/17/25,01:06 PM,02/17/25 07:53 PM,,,
QUEENSBRIDGE NORTH,Sectional,,Hot Water,Unplanned,01/30/25,05:07 AM,01/30/25 12:53 PM,,,
QUEENSBRIDGE NORTH,Sectional,,Heat,Unplanned,01/30/25,05:07 AM,01/30/25 12:42 PM,,,
QUEENSBRIDGE SOUTH,Sectional,,Heat,Unplanned,12/22/24,12:15 PM,12/22/24 06:30 PM,,,
QUEENSBRIDGE SOUTH,Sectional,,Hot Water,Unplanned,12/22/24,11:56 AM,12/22/24 06:20 PM,,,
QUEENSBRIDGE SOUTH - Building 16,41-08 10TH STREET,"LONG ISLAND CITY, NY 11101",Hot Water,Unplanned,12/07/24,08:00 AM,12/07/24 09:46 PM,1,180,276
QUEENSBRIDGE SOUTH - Building 25,41-10 VERNON BOULEVARD,"LONG ISLAND CITY, NY 11101",Hot Water,Planned,05/16/25,09:00 AM,05/16/25 02:37 PM,1,180,294
QUEENSBRIDGE SOUTH,Sectional,,Hot Water,Unplanned,05/14/25,11:00 AM,05/14/25 02:35 PM,,,
QUEENSBRIDGE SOUTH - Building 05,41-01 12TH STREET,"LONG ISLAND CITY, NY 11101",Hot Water,Unplanned,02/04/25,04:44 PM,02/04/25 08:28 PM,1,168,302
QUEENSBRIDGE SOUTH - Building 17,41-13 10TH STREET,"LONG ISLAND CITY, NY 11101",Hot Water,Unplanned,02/02/25,08:20 PM,02/03/25 02:41 PM,1,90,179
QUEENSBRIDGE SOUTH - Building 05,41-01 12TH STREET,"LONG ISLAND CITY, NY 11101",Hot Water,Unplanned,02/02/25,03:25 PM,02/02/25 09:23 PM,1,168,302
RANDALL AVENUE-BALCOM AVENUE - Building 35,650 BUTTRICK AVENUE,"BRONX, NY 10465",Hot Water,Planned,05/09/25,09:00 AM,05/09/25 04:11 PM,1,80,70
RANDALL AVENUE-BALCOM AVENUE - Building 36,2705 SCHLEY AVENUE,"BRONX, NY 10465",Hot Water,Planned,05/09/25,09:00 AM,05/09/25 04:08 PM,1,92,91
RANDALL AVENUE-BALCOM AVENUE - Building 34,2700 RANDALL AVENUE,"BRONX, NY 10465",Hot Water,Planned,05/09/25,09:00 AM,05/09/25 03:29 PM,1,80,78
RANDALL AVENUE-BALCOM AVENUE - Building 35,650 BUTTRICK AVENUE,"BRONX, NY 10465",Heat,Planned,02/12/25,09:00 AM,02/12/25 09:03 PM,1,80,70
RANDALL AVENUE-BALCOM AVENUE - Entire Development,2705 SCHLEY AVENUE,"BRONX, NY 10465",Heat,Unplanned,01/21/25,03:53 PM,01/21/25 10:40 PM,4,252,239
RANDALL AVENUE-BALCOM AVENUE - Entire Development,2705 SCHLEY AVENUE,"BRONX, NY 10465",Hot Water,Unplanned,01/21/25,03:53 PM,01/21/25 10:26 PM,4,252,239
RANGEL - Entire Development,159-14 HARLEM RIVER DRIVE,"NEW YORK, NY 10039",Heat,Unplanned,12/22/24,10:05 AM,12/22/24 06:54 PM,8,984,"1,856"
RANGEL - Building 01,159-14 HARLEM RIVER DRIVE,"NEW YORK, NY 10039",Hot Water,Unplanned,03/18/25,06:32 PM,03/19/25 05:18 AM,1,104,183
RANGEL - Building 04,159-38 HARLEM RIVER DRIVE,"NEW YORK, NY 10039",Hot Water,Unplanned,02/12/25,04:19 PM,02/12/25 08:56 PM,1,112,213
RANGEL - Building 08,159-30 HARLEM RIVER DRIVE,"NEW YORK, NY 10039",Hot Water,Unplanned,01/18/25,06:06 PM,01/19/25 04:13 PM,1,208,395
RAVENSWOOD - Entire Development,34-03 21ST STREET,"ASTORIA, NY 11106",Heat,Unplanned,12/23/24,06:21 AM,12/23/24 10:03 PM,31,"2,166","3,896"
RAVENSWOOD - Building 27,12-21 35TH AVENUE,"ASTORIA, NY 11106",Hot Water,Unplanned,12/22/24,04:48 PM,12/23/24 06:00 AM,1,96,168
RAVENSWOOD - Entire Development,34-03 21ST STREET,"ASTORIA, NY 11106",Hot Water,Unplanned,12/23/24,06:21 AM,12/23/24 03:25 PM,31,"2,166","3,896"
RAVENSWOOD - Entire Development,34-03 21ST STREET,"ASTORIA, NY 11106",Hot Water,Unplanned,12/18/24,05:38 AM,12/18/24 03:18 PM,31,"2,166","3,896"
RAVENSWOOD - Entire Development,34-03 21ST STREET,"ASTORIA, NY 11106",Heat,Unplanned,12/18/24,05:37 AM,12/18/24 02:34 PM,31,"2,166","3,896"
RAVENSWOOD - Building 24,12-50 35TH AVENUE,"ASTORIA, NY 11106",Hot Water,Planned,11/08/24,09:00 AM,11/08/24 03:42 PM,1,96,189
RAVENSWOOD - Building 24,12-50 35TH AVENUE,"ASTORIA, NY 11106",Hot Water,Planned,11/04/24,09:39 AM,11/04/24 03:32 PM,1,96,189
RAVENSWOOD - Building 23,12-22 35TH AVENUE,"ASTORIA, NY 11106",Hot Water,Planned,11/01/24,09:30 AM,11/01/24 03:19 PM,1,48,78
RAVENSWOOD - Building 23,12-22 35TH AVENUE,"ASTORIA, NY 11106",Hot Water,Planned,10/29/24,09:54 AM,10/29/24 04:09 PM,1,48,78
RAVENSWOOD - Building 17,35-51 21ST STREET,"ASTORIA, NY 11106",Hot Water,Planned,10/22/24,09:00 AM,10/22/24 05:22 PM,1,48,97
RAVENSWOOD - Building 18,35-50 21ST STREET,"ASTORIA, NY 11106",Hot Water,Unplanned,05/16/25,04:22 PM,05/17/25 06:29 AM,1,99,197
RAVENSWOOD - Building 18,35-50 21ST STREET,"ASTORIA, NY 11106",Hot Water,Unplanned,04/30/25,07:49 AM,04/30/25 04:33 PM,1,99,197
RAVENSWOOD - Entire Development,34-03 21ST STREET,"ASTORIA, NY 11106",Hot Water,Planned,04/29/25,09:00 AM,04/29/25 09:54 PM,31,"2,166","3,896"
RAVENSWOOD - Building 01,34-03 21ST STREET,"ASTORIA, NY 11106",Hot Water,Unplanned,02/22/25,08:14 AM,02/22/25 02:33 PM,1,96,178
RED HOOK EAST,Sectional,,Hot Water,Unplanned,12/19/24,02:00 PM,12/19/24 08:56 PM,,,
RED HOOK EAST,Sectional,,Heat,Unplanned,12/19/24,02:00 PM,12/19/24 08:37 PM,,,
RED HOOK EAST,Sectional,,Hot Water,Unplanned,05/28/25,03:04 PM,05/28/25 10:00 PM,,,
RED HOOK EAST,Sectional,,Hot Water,Unplanned,05/13/25,07:12 PM,05/14/25 03:32 AM,,,
RED HOOK EAST - Entire Development,604 CLINTON STREET,"BROOKLYN, NY 11231",Hot Water,Unplanned,05/13/25,08:00 AM,05/13/25 06:38 PM,19,"1,411","2,333"
RED HOOK EAST - Building 13,31 CENTRE MALL,"BROOKLYN, NY 11231",Hot Water,Unplanned,05/03/25,09:16 AM,05/03/25 02:59 PM,1,90,150
RED HOOK EAST,Sectional,,Hot Water,Unplanned,04/15/25,08:00 AM,04/15/25 04:49 PM,,,
RED HOOK EAST,Sectional,,Hot Water,Unplanned,04/14/25,04:07 PM,04/14/25 09:04 PM,,,
RED HOOK EAST - Building 02,93 CENTRE MALL,"BROOKLYN, NY 11231",Hot Water,Unplanned,03/25/25,10:00 AM,03/25/25 07:28 PM,1,96,157
RED HOOK EAST - Building 02,93 CENTRE MALL,"BROOKLYN, NY 11231",Hot Water,Unplanned,02/07/25,01:00 PM,02/07/25 07:06 PM,1,96,157
RED HOOK EAST - Building 02,93 CENTRE MALL,"BROOKLYN, NY 11231",Hot Water,Unplanned,02/03/25,01:00 PM,02/03/25 11:36 PM,1,96,157
RED HOOK EAST - Building 13,31 CENTRE MALL,"BROOKLYN, NY 11231",Hot Water,Unplanned,02/01/25,12:00 PM,02/01/25 07:21 PM,1,90,150
RED HOOK EAST - Building 06,791 HICKS STREET,"BROOKLYN, NY 11231",Hot Water,Unplanned,01/30/25,12:00 PM,01/30/25 07:54 PM,1,91,152
RED HOOK WEST - Building 01,80 DWIGHT STREET,"BROOKLYN, NY 11231",Heat,Unplanned,12/05/24,03:30 PM,12/05/24 08:53 PM,1,298,588
RED HOOK WEST - Building 22,466 COLUMBIA STREET,"BROOKLYN, NY 11231",Heat,Unplanned,12/04/24,04:00 PM,12/04/24 08:53 PM,1,96,141
RED HOOK WEST - Entire Development,80 DWIGHT STREET,"BROOKLYN, NY 11231",Hot Water,Unplanned,11/24/24,01:04 PM,11/24/24 08:10 PM,15,"1,480","2,634"
RED HOOK WEST - Building 16,65 BUSH STREET,"BROOKLYN, NY 11231",Hot Water,Unplanned,11/24/24,01:28 PM,11/24/24 08:07 PM,1,114,212
RED HOOK WEST - Entire Development,80 DWIGHT STREET,"BROOKLYN, NY 11231",Heat,Unplanned,11/23/24,10:00 PM,11/24/24 04:56 AM,15,"1,480","2,634"
RED HOOK WEST - Entire Development,80 DWIGHT STREET,"BROOKLYN, NY 11231",Hot Water,Unplanned,11/23/24,10:00 PM,11/24/24 04:44 AM,15,"1,480","2,634"
RED HOOK WEST - Building 16,65 BUSH STREET,"BROOKLYN, NY 11231",Heat,Unplanned,11/12/24,10:00 AM,11/12/24 09:49 PM,1,114,212
RED HOOK WEST - Building 18,70 BUSH STREET,"BROOKLYN, NY 11231",Hot Water,Unplanned,11/04/24,03:00 PM,11/04/24 09:11 PM,1,114,199
RED HOOK WEST - Building 02,147 RICHARDS STREET,"BROOKLYN, NY 11231",Hot Water,Planned,10/29/24,10:00 AM,10/29/24 04:13 PM,1,24,64
RED HOOK WEST,Sectional,,Hot Water,Unplanned,10/22/24,04:00 PM,10/22/24 09:28 PM,,,
RED HOOK WEST,Sectional,,Hot Water,Unplanned,05/21/25,04:57 PM,05/21/25 10:42 PM,,,
RED HOOK WEST,Sectional,,Hot Water,Unplanned,05/13/25,03:00 PM,05/13/25 10:09 PM,,,
RED HOOK WEST,Sectional,,Hot Water,Unplanned,05/04/25,08:02 AM,05/04/25 07:40 PM,,,
RED HOOK WEST - Building 01,80 DWIGHT STREET,"BROOKLYN, NY 11231",Hot Water,Unplanned,05/02/25,09:00 AM,05/02/25 06:55 PM,1,298,588
RED HOOK WEST - Building 16,65 BUSH STREET,"BROOKLYN, NY 11231",Hot Water,Unplanned,03/02/25,09:24 AM,03/02/25 08:06 PM,1,114,212
RED HOOK WEST - Building 01,80 DWIGHT STREET,"BROOKLYN, NY 11231",Hot Water,Unplanned,02/26/25,08:07 AM,02/26/25 01:25 PM,1,298,588
RED HOOK WEST,Sectional,,Hot Water,Unplanned,02/01/25,10:00 AM,02/01/25 09:00 PM,,,
RED HOOK WEST,Sectional,,Heat,Unplanned,02/01/25,10:00 AM,02/01/25 07:58 PM,,,
RED HOOK WEST,Sectional,,Heat,Unplanned,01/26/25,02:22 PM,01/27/25 12:23 AM,,,
RED HOOK WEST - Building 19,35 DWIGHT STREET,"BROOKLYN, NY 11231",Hot Water,Unplanned,01/27/25,01:00 PM,01/27/25 10:37 PM,1,162,328
RED HOOK WEST,Sectional,,Hot Water,Unplanned,01/26/25,02:22 PM,01/27/25 01:51 AM,,,
RED HOOK WEST - Building 18,70 BUSH STREET,"BROOKLYN, NY 11231",Hot Water,Unplanned,01/20/25,04:16 PM,01/21/25 04:36 PM,1,114,199
RED HOOK WEST - Entire Development,80 DWIGHT STREET,"BROOKLYN, NY 11231",Heat,Unplanned,01/12/25,12:00 PM,01/12/25 06:04 PM,15,"1,480","2,634"
RED HOOK WEST - Entire Development,80 DWIGHT STREET,"BROOKLYN, NY 11231",Hot Water,Unplanned,01/12/25,12:00 PM,01/12/25 06:02 PM,15,"1,480","2,634"
REDFERN - Entire Development,14-60 BEACH CHANNEL DRIVE,"FAR ROCKAWAY, NY 11691",Hot Water,Unplanned,02/16/25,06:23 AM,02/16/25 02:32 PM,15,604,"1,395"
REDFERN - Entire Development,14-60 BEACH CHANNEL DRIVE,"FAR ROCKAWAY, NY 11691",Heat,Unplanned,02/16/25,06:23 AM,02/16/25 02:20 PM,15,604,"1,395"
REHAB PROGRAM (WISE REHAB) - Entire Development,54 WEST 94TH STREET,"NEW YORK, NY 10025",Hot Water,Planned,10/28/24,09:00 AM,10/28/24 03:50 PM,1,40,62
REHAB PROGRAM (WISE REHAB) - Building 01,54 WEST 94TH STREET,"NEW YORK, NY 10025",Hot Water,Planned,05/01/25,09:23 AM,05/01/25 04:45 PM,1,40,62
REHAB PROGRAM (WISE REHAB) - Entire Development,54 WEST 94TH STREET,"NEW YORK, NY 10025",Hot Water,Unplanned,03/30/25,08:01 AM,03/30/25 12:31 PM,1,40,62
REHAB PROGRAM (WISE REHAB) - Building 01,54 WEST 94TH STREET,"NEW YORK, NY 10025",Heat,Unplanned,03/02/25,07:11 AM,03/02/25 01:35 PM,1,40,62
REHAB PROGRAM (WISE REHAB) - Building 01,54 WEST 94TH STREET,"NEW YORK, NY 10025",Hot Water,Unplanned,03/02/25,07:11 AM,03/02/25 01:31 PM,1,40,62
RICHMOND TERRACE - Building 06,151 JERSEY STREET,"STATEN ISLAND, NY 10301",Hot Water,Unplanned,11/26/24,11:30 AM,11/26/24 09:14 PM,1,93,179
RICHMOND TERRACE - Building 05,131 JERSEY STREET,"STATEN ISLAND, NY 10301",Hot Water,Unplanned,11/26/24,11:30 AM,11/26/24 08:45 PM,1,81,176
RICHMOND TERRACE - Building 01,456 RICHMOND TERRACE,"STATEN ISLAND, NY 10301",Hot Water,Planned,03/20/25,09:00 AM,03/20/25 02:51 PM,1,84,185
RICHMOND TERRACE - Building 02,476 RICHMOND TERRACE,"STATEN ISLAND, NY 10301",Hot Water,Planned,03/20/25,09:00 AM,03/20/25 02:18 PM,1,80,171
RICHMOND TERRACE - Building 03,61 JERSEY STREET,"STATEN ISLAND, NY 10301",Hot Water,Planned,03/19/25,09:00 AM,03/19/25 01:34 PM,1,74,141
RICHMOND TERRACE - Building 04,81 JERSEY STREET,"STATEN ISLAND, NY 10301",Hot Water,Planned,03/19/25,09:00 AM,03/19/25 01:31 PM,1,77,163
RICHMOND TERRACE - Building 05,131 JERSEY STREET,"STATEN ISLAND, NY 10301",Hot Water,Planned,03/18/25,09:00 AM,03/18/25 04:00 PM,1,81,176
RICHMOND TERRACE - Building 06,151 JERSEY STREET,"STATEN ISLAND, NY 10301",Hot Water,Planned,03/18/25,09:00 AM,03/18/25 03:59 PM,1,93,179
RIIS - Building 03,178 AVENUE D,"NEW YORK, NY 10009",Hot Water,Unplanned,12/28/24,12:00 AM,12/28/24 09:22 PM,1,125,224
RIIS - Entire Development,152 AVENUE D,"NEW YORK, NY 10009",Hot Water,Unplanned,12/22/24,08:15 AM,12/22/24 04:57 PM,13,"1,191","2,367"
RIIS - Entire Development,152 AVENUE D,"NEW YORK, NY 10009",Heat,Unplanned,12/22/24,08:15 AM,12/22/24 04:43 PM,13,"1,191","2,367"
RIIS - Building 06,1115 FDR DRIVE,"NEW YORK, NY 10009",Hot Water,Unplanned,12/06/24,04:30 PM,12/06/24 10:21 PM,1,117,216
RIIS - Building 06,1115 FDR DRIVE,"NEW YORK, NY 10009",Hot Water,Unplanned,12/04/24,09:53 AM,12/04/24 07:42 PM,1,117,216
RIIS - Building 06,1115 FDR DRIVE,"NEW YORK, NY 10009",Hot Water,Unplanned,12/03/24,02:00 PM,12/03/24 11:05 PM,1,117,216
RIIS - Building 07,1023 FDR DRIVE,"NEW YORK, NY 10009",Hot Water,Planned,11/27/24,11:00 AM,11/27/24 06:22 PM,1,48,116
RIIS,Sectional,,Hot Water,Planned,11/01/24,09:00 AM,11/01/24 06:19 PM,,,
RIIS,Sectional,,Hot Water,Planned,10/30/24,09:05 AM,10/30/24 02:04 PM,,,
RIIS,Sectional,,Hot Water,Planned,10/29/24,09:00 AM,10/29/24 07:37 PM,,,
RIIS - Entire Development,152 AVENUE D,"NEW YORK, NY 10009",Hot Water,Unplanned,10/23/24,05:00 PM,10/23/24 08:59 PM,13,"1,191","2,367"
RIIS - Building 04,1223 FDR DRIVE,"NEW YORK, NY 10009",Hot Water,Planned,10/23/24,10:00 AM,10/23/24 05:37 PM,1,48,119
RIIS,Sectional,,Hot Water,Unplanned,04/20/25,07:32 AM,04/20/25 02:13 PM,,,
RIIS - Building 11,466 EAST 10TH STREET,"NEW YORK, NY 10009",Hot Water,Planned,04/09/25,09:00 AM,04/09/25 04:08 PM,1,117,218
RIIS - Building 03,178 AVENUE D,"NEW YORK, NY 10009",Hot Water,Planned,04/08/25,09:00 AM,04/08/25 02:58 PM,1,125,224
RIIS - Building 08,465 EAST 10TH STREET,"NEW YORK, NY 10009",Hot Water,Planned,04/08/25,09:00 AM,04/08/25 02:51 PM,1,117,228
RIIS - Building 05,1141 FDR DRIVE,"NEW YORK, NY 10009",Hot Water,Planned,04/07/25,09:00 AM,04/07/25 06:09 PM,1,124,230
RIIS - Building 06,1115 FDR DRIVE,"NEW YORK, NY 10009",Hot Water,Planned,04/07/25,04:58 PM,04/07/25 06:09 PM,1,117,216
RIIS,Sectional,,Heat,Unplanned,03/27/25,04:52 PM,03/27/25 10:31 PM,,,
RIIS,Sectional,,Hot Water,Unplanned,03/27/25,04:52 PM,03/27/25 10:29 PM,,,
RIIS - Building 01,152 AVENUE D,"NEW YORK, NY 10009",Hot Water,Unplanned,03/26/25,09:00 AM,03/26/25 08:57 PM,1,48,130
RIIS,Sectional,,Heat,Unplanned,03/23/25,11:13 AM,03/23/25 09:17 PM,,,
RIIS,Sectional,,Hot Water,Unplanned,03/23/25,11:13 AM,03/23/25 09:16 PM,,,
RIIS - Building 12,919 FDR DRIVE,"NEW YORK, NY 10009",Hot Water,Planned,03/14/25,09:00 AM,03/14/25 03:04 PM,1,48,126
RIIS - Building 09,134 AVENUE D,"NEW YORK, NY 10009",Hot Water,Planned,03/13/25,09:00 AM,03/13/25 03:07 PM,1,48,138
RIIS - Building 07,1023 FDR DRIVE,"NEW YORK, NY 10009",Hot Water,Planned,03/12/25,09:00 AM,03/12/25 05:54 PM,1,48,116
RIIS - Building 04,1223 FDR DRIVE,"NEW YORK, NY 10009",Hot Water,Planned,03/11/25,09:00 AM,03/11/25 03:58 PM,1,48,119
RIIS,Sectional,,Hot Water,Planned,03/10/25,06:58 PM,03/10/25 07:47 PM,,,
RIIS - Building 01,152 AVENUE D,"NEW YORK, NY 10009",Hot Water,Planned,03/10/25,09:10 AM,03/10/25 05:25 PM,1,48,130
RIIS,Sectional,,Hot Water,Planned,02/28/25,09:00 AM,02/28/25 07:34 PM,,,
RIIS,Sectional,,Heat,Planned,02/28/25,09:00 AM,02/28/25 07:33 PM,,,
RIIS,Sectional,,Heat,Planned,01/03/25,08:00 AM,01/03/25 02:22 PM,,,
RIIS,Sectional,,Hot Water,Planned,01/03/25,08:00 AM,01/03/25 02:21 PM,,,
RIIS II - Entire Development,765 FDR DRIVE,"NEW YORK, NY 10009",Hot Water,Unplanned,12/22/24,08:15 AM,12/22/24 05:04 PM,6,578,"1,152"
RIIS II - Entire Development,765 FDR DRIVE,"NEW YORK, NY 10009",Heat,Unplanned,12/22/24,08:15 AM,12/22/24 04:52 PM,6,578,"1,152"
RIIS II - Building 15,749 FDR DRIVE,"NEW YORK, NY 10009",Hot Water,Planned,12/11/24,09:30 AM,12/11/24 09:42 PM,1,124,236
RIIS II - Building 14,765 FDR DRIVE,"NEW YORK, NY 10009",Hot Water,Planned,11/26/24,09:00 AM,11/26/24 08:38 PM,1,117,225
RIIS II - Entire Development,765 FDR DRIVE,"NEW YORK, NY 10009",Hot Water,Unplanned,10/23/24,05:00 PM,10/23/24 08:59 PM,6,578,"1,152"
RIIS II - Entire Development,765 FDR DRIVE,"NEW YORK, NY 10009",Hot Water,Planned,05/22/25,09:09 AM,05/22/25 02:17 PM,6,578,"1,152"
RIIS II,Sectional,,Hot Water,Planned,05/14/25,09:00 AM,05/14/25 11:13 PM,,,
RIIS II - Building 15,749 FDR DRIVE,"NEW YORK, NY 10009",Hot Water,Planned,04/10/25,09:45 AM,04/10/25 02:55 PM,1,124,236
RIIS II - Building 19,108 AVENUE D,"NEW YORK, NY 10009",Hot Water,Planned,04/10/25,09:00 AM,04/10/25 01:15 PM,1,117,200
RIIS II - Building 17,807 EAST 6TH STREET,"NEW YORK, NY 10009",Hot Water,Planned,03/18/25,09:00 AM,03/18/25 06:12 PM,1,48,142
RIIS II - Building 16,903 EAST 6TH STREET,"NEW YORK, NY 10009",Hot Water,Planned,03/17/25,09:01 AM,03/17/25 03:24 PM,1,48,118
RIIS II - Building 17,807 EAST 6TH STREET,"NEW YORK, NY 10009",Hot Water,Unplanned,03/15/25,10:49 AM,03/15/25 09:58 PM,1,48,142
RIIS II - Building 17,807 EAST 6TH STREET,"NEW YORK, NY 10009",Hot Water,Unplanned,03/10/25,01:48 PM,03/10/25 08:17 PM,1,48,142
RIIS II - Building 18,90 AVENUE D,"NEW YORK, NY 10009",Hot Water,Unplanned,02/11/25,10:50 AM,02/11/25 07:37 PM,1,124,231
RIIS II - Building 18,90 AVENUE D,"NEW YORK, NY 10009",Heat,Unplanned,02/11/25,10:50 AM,02/11/25 07:33 PM,1,124,231
RIIS II - Building 15,749 FDR DRIVE,"NEW YORK, NY 10009",Hot Water,Planned,02/03/25,10:33 AM,02/03/25 04:20 PM,1,124,236
RIIS II - Building 15,749 FDR DRIVE,"NEW YORK, NY 10009",Heat,Planned,02/03/25,09:30 AM,02/03/25 04:20 PM,1,124,236
ROBBINS PLAZA - Entire Development,341 EAST 70TH STREET,"NEW YORK, NY 10021",Hot Water,Planned,10/07/24,11:01 PM,10/08/24 05:56 AM,1,150,162
ROBBINS PLAZA - Entire Development,341 EAST 70TH STREET,"NEW YORK, NY 10021",Hot Water,Unplanned,05/06/25,11:53 PM,05/07/25 06:33 AM,1,150,162
ROBBINS PLAZA - Entire Development,341 EAST 70TH STREET,"NEW YORK, NY 10021",Hot Water,Unplanned,02/16/25,06:51 AM,02/16/25 07:52 PM,1,150,162
ROBBINS PLAZA - Entire Development,341 EAST 70TH STREET,"NEW YORK, NY 10021",Heat,Unplanned,02/16/25,06:49 AM,02/16/25 06:37 PM,1,150,162
ROBBINS PLAZA - Entire Development,341 EAST 70TH STREET,"NEW YORK, NY 10021",Hot Water,Planned,12/28/24,10:15 PM,01/07/25 10:02 AM,1,150,162
ROBBINS PLAZA - Entire Development,341 EAST 70TH STREET,"NEW YORK, NY 10021",Heat,Planned,12/28/24,10:15 PM,01/07/25 10:01 AM,1,150,162
ROBINSON - Entire Development,111 EAST 128TH STREET,"NEW YORK, NY 10035",Hot Water,Unplanned,05/03/25,10:04 AM,05/03/25 06:30 PM,1,189,344
ROBINSON - Entire Development,111 EAST 128TH STREET,"NEW YORK, NY 10035",Hot Water,Unplanned,04/28/25,10:00 AM,04/28/25 03:00 PM,1,189,344
ROBINSON - Entire Development,111 EAST 128TH STREET,"NEW YORK, NY 10035",Hot Water,Unplanned,04/24/25,11:00 PM,04/25/25 12:05 PM,1,189,344
ROBINSON,110 EAST 129TH STREET,"NEW YORK, NY 10035",Heat,Planned,04/10/25,10:19 AM,04/10/25 04:50 PM,1,110,194
ROBINSON - Entire Development,111 EAST 128TH STREET,"NEW YORK, NY 10035",Heat,Planned,02/13/25,09:23 AM,02/13/25 08:59 PM,1,189,344
ROBINSON - Building 01,111 EAST 128TH STREET,"NEW YORK, NY 10035",Hot Water,Unplanned,02/08/25,11:04 AM,02/08/25 08:04 PM,1,189,344
ROBINSON - Entire Development,111 EAST 128TH STREET,"NEW YORK, NY 10035",Heat,Planned,01/29/25,09:00 AM,01/29/25 07:23 PM,1,189,344
ROBINSON - Entire Development,111 EAST 128TH STREET,"NEW YORK, NY 10035",Hot Water,Unplanned,01/05/25,03:26 PM,01/06/25 05:38 AM,1,189,344
ROOSEVELT I - Entire Development,153 MARCUS GARVEY BOULEVARD,"BROOKLYN, NY 11206",Hot Water,Unplanned,12/23/24,05:57 PM,12/23/24 10:09 PM,6,763,"1,629"
ROOSEVELT I - Entire Development,153 MARCUS GARVEY BOULEVARD,"BROOKLYN, NY 11206",Heat,Unplanned,12/23/24,05:57 PM,12/23/24 09:54 PM,6,763,"1,629"
ROOSEVELT I - Entire Development,153 MARCUS GARVEY BOULEVARD,"BROOKLYN, NY 11206",Hot Water,Unplanned,12/21/24,01:00 PM,12/21/24 10:03 PM,6,763,"1,629"
ROOSEVELT I - Entire Development,153 MARCUS GARVEY BOULEVARD,"BROOKLYN, NY 11206",Heat,Unplanned,12/21/24,01:00 PM,12/21/24 09:27 PM,6,763,"1,629"
ROOSEVELT I - Building 01,153 MARCUS GARVEY BOULEVARD,"BROOKLYN, NY 11206",Hot Water,Planned,12/18/24,09:00 AM,12/18/24 04:13 PM,1,117,284
ROOSEVELT I - Entire Development,153 MARCUS GARVEY BOULEVARD,"BROOKLYN, NY 11206",Hot Water,Unplanned,11/17/24,01:00 PM,11/17/24 10:04 PM,6,763,"1,629"
ROOSEVELT I - Entire Development,153 MARCUS GARVEY BOULEVARD,"BROOKLYN, NY 11206",Hot Water,Unplanned,10/30/24,07:00 PM,10/30/24 11:55 PM,6,763,"1,629"
ROOSEVELT I - Building 06,128 LEWIS AVENUE,"BROOKLYN, NY 11221",Hot Water,Planned,10/24/24,10:46 AM,10/24/24 12:07 PM,1,117,274
ROOSEVELT I - Entire Development,153 MARCUS GARVEY BOULEVARD,"BROOKLYN, NY 11206",Hot Water,Unplanned,10/21/24,05:00 PM,10/21/24 10:00 PM,6,763,"1,629"
ROOSEVELT I - Entire Development,153 MARCUS GARVEY BOULEVARD,"BROOKLYN, NY 11206",Hot Water,Planned,10/16/24,09:00 AM,10/16/24 05:47 PM,6,763,"1,629"
ROOSEVELT I - Entire Development,153 MARCUS GARVEY BOULEVARD,"BROOKLYN, NY 11206",Heat,Planned,10/16/24,09:00 AM,10/16/24 05:45 PM,6,763,"1,629"
ROOSEVELT I - Entire Development,153 MARCUS GARVEY BOULEVARD,"BROOKLYN, NY 11206",Hot Water,Unplanned,05/25/25,08:16 AM,05/25/25 02:27 PM,6,763,"1,629"
ROOSEVELT I - Building 03,953 DEKALB AVENUE,"BROOKLYN, NY 11221",Hot Water,Unplanned,04/15/25,10:00 AM,04/15/25 04:39 PM,1,139,355
ROOSEVELT I - Entire Development,153 MARCUS GARVEY BOULEVARD,"BROOKLYN, NY 11206",Heat,Unplanned,03/30/25,11:49 AM,03/30/25 09:23 PM,6,763,"1,629"
ROOSEVELT I - Entire Development,153 MARCUS GARVEY BOULEVARD,"BROOKLYN, NY 11206",Hot Water,Unplanned,03/30/25,11:49 AM,03/30/25 09:21 PM,6,763,"1,629"
ROOSEVELT I - Entire Development,153 MARCUS GARVEY BOULEVARD,"BROOKLYN, NY 11206",Hot Water,Unplanned,03/29/25,08:10 AM,03/29/25 02:29 PM,6,763,"1,629"
ROOSEVELT I - Building 01,153 MARCUS GARVEY BOULEVARD,"BROOKLYN, NY 11206",Heat,Planned,03/13/25,08:00 AM,03/13/25 05:12 PM,1,117,284
ROOSEVELT I - Building 02,927 DEKALB AVENUE,"BROOKLYN, NY 11221",Hot Water,Planned,03/13/25,08:00 AM,03/13/25 04:40 PM,1,116,273
ROOSEVELT I - Building 01,153 MARCUS GARVEY BOULEVARD,"BROOKLYN, NY 11206",Hot Water,Planned,03/13/25,08:00 AM,03/13/25 04:39 PM,1,117,284
ROOSEVELT I - Building 02,927 DEKALB AVENUE,"BROOKLYN, NY 11221",Heat,Planned,03/13/25,08:00 AM,03/13/25 04:11 PM,1,116,273
ROOSEVELT I - Entire Development,153 MARCUS GARVEY BOULEVARD,"BROOKLYN, NY 11206",Hot Water,Unplanned,02/17/25,07:00 PM,02/18/25 03:33 AM,6,763,"1,629"
ROOSEVELT I - Entire Development,153 MARCUS GARVEY BOULEVARD,"BROOKLYN, NY 11206",Heat,Unplanned,02/17/25,07:00 PM,02/18/25 02:15 AM,6,763,"1,629"
ROOSEVELT I - Entire Development,153 MARCUS GARVEY BOULEVARD,"BROOKLYN, NY 11206",Hot Water,Unplanned,02/12/25,04:00 AM,02/12/25 10:40 AM,6,763,"1,629"
ROOSEVELT I - Entire Development,153 MARCUS GARVEY BOULEVARD,"BROOKLYN, NY 11206",Heat,Unplanned,02/12/25,04:00 AM,02/12/25 10:39 AM,6,763,"1,629"
ROOSEVELT I - Entire Development,153 MARCUS GARVEY BOULEVARD,"BROOKLYN, NY 11206",Heat,Unplanned,02/08/25,05:15 AM,02/08/25 03:16 PM,6,763,"1,629"
ROOSEVELT I - Entire Development,153 MARCUS GARVEY BOULEVARD,"BROOKLYN, NY 11206",Hot Water,Unplanned,02/08/25,05:15 AM,02/08/25 03:07 PM,6,763,"1,629"
ROOSEVELT II - Entire Development,93 LEWIS AVENUE,"BROOKLYN, NY 11206",Hot Water,Unplanned,12/23/24,05:57 PM,12/23/24 10:13 PM,3,342,647
ROOSEVELT II - Entire Development,93 LEWIS AVENUE,"BROOKLYN, NY 11206",Heat,Unplanned,12/23/24,05:57 PM,12/23/24 10:04 PM,3,342,647
ROOSEVELT II - Entire Development,93 LEWIS AVENUE,"BROOKLYN, NY 11206",Hot Water,Unplanned,11/17/24,01:00 PM,11/17/24 10:20 PM,3,342,647
ROOSEVELT II - Entire Development,93 LEWIS AVENUE,"BROOKLYN, NY 11206",Hot Water,Unplanned,10/30/24,07:00 PM,10/30/24 11:59 PM,3,342,647
ROOSEVELT II - Entire Development,93 LEWIS AVENUE,"BROOKLYN, NY 11206",Hot Water,Unplanned,10/21/24,05:00 PM,10/21/24 09:52 PM,3,342,647
ROOSEVELT II - Entire Development,93 LEWIS AVENUE,"BROOKLYN, NY 11206",Hot Water,Planned,10/16/24,09:00 AM,10/16/24 04:17 PM,3,342,647
ROOSEVELT II - Entire Development,93 LEWIS AVENUE,"BROOKLYN, NY 11206",Heat,Planned,10/16/24,09:00 AM,10/16/24 04:08 PM,3,342,647
ROOSEVELT II - Entire Development,93 LEWIS AVENUE,"BROOKLYN, NY 11206",Hot Water,Unplanned,05/25/25,08:16 AM,05/25/25 02:29 PM,3,342,647
ROOSEVELT II - Building 08,383 PULASKI STREET,"BROOKLYN, NY 11206",Hot Water,Unplanned,05/05/25,06:13 PM,05/05/25 11:48 PM,1,119,219
ROOSEVELT II - Building 08,383 PULASKI STREET,"BROOKLYN, NY 11206",Heat,Planned,04/10/25,08:00 AM,04/10/25 04:13 PM,1,119,219
ROOSEVELT II - Building 09,50 STUYVESANT AVENUE,"BROOKLYN, NY 11221",Hot Water,Unplanned,04/07/25,09:00 AM,04/07/25 10:18 PM,1,112,215
ROOSEVELT II - Entire Development,93 LEWIS AVENUE,"BROOKLYN, NY 11206",Heat,Unplanned,03/30/25,11:49 AM,03/30/25 09:27 PM,3,342,647
ROOSEVELT II - Entire Development,93 LEWIS AVENUE,"BROOKLYN, NY 11206",Hot Water,Unplanned,03/30/25,11:49 AM,03/30/25 09:19 PM,3,342,647
ROOSEVELT II - Entire Development,93 LEWIS AVENUE,"BROOKLYN, NY 11206",Hot Water,Unplanned,03/29/25,08:10 AM,03/29/25 02:36 PM,3,342,647
ROOSEVELT II - Building 08,383 PULASKI STREET,"BROOKLYN, NY 11206",Heat,Planned,03/24/25,08:00 AM,03/24/25 04:04 PM,1,119,219
ROOSEVELT II - Building 08,383 PULASKI STREET,"BROOKLYN, NY 11206",Hot Water,Planned,03/24/25,08:00 AM,03/24/25 03:04 PM,1,119,219
ROOSEVELT II - Building 07,93 LEWIS AVENUE,"BROOKLYN, NY 11206",Hot Water,Planned,03/19/25,08:00 AM,03/19/25 01:58 PM,1,111,213
ROOSEVELT II - Entire Development,93 LEWIS AVENUE,"BROOKLYN, NY 11206",Hot Water,Unplanned,02/17/25,07:00 PM,02/18/25 03:38 AM,3,342,647
ROOSEVELT II - Entire Development,93 LEWIS AVENUE,"BROOKLYN, NY 11206",Heat,Unplanned,02/17/25,07:00 PM,02/18/25 02:19 AM,3,342,647
ROOSEVELT II - Entire Development,93 LEWIS AVENUE,"BROOKLYN, NY 11206",Hot Water,Unplanned,02/12/25,04:00 AM,02/12/25 11:46 AM,3,342,647
ROOSEVELT II - Entire Development,93 LEWIS AVENUE,"BROOKLYN, NY 11206",Heat,Unplanned,02/12/25,04:00 AM,02/12/25 11:45 AM,3,342,647
ROOSEVELT II - Entire Development,93 LEWIS AVENUE,"BROOKLYN, NY 11206",Heat,Unplanned,02/08/25,05:25 AM,02/08/25 03:32 PM,3,342,647
ROOSEVELT II - Entire Development,93 LEWIS AVENUE,"BROOKLYN, NY 11206",Hot Water,Unplanned,02/08/25,05:25 AM,02/08/25 03:22 PM,3,342,647
ROOSEVELT II - Building 09,50 STUYVESANT AVENUE,"BROOKLYN, NY 11221",Hot Water,Planned,02/07/25,09:00 AM,02/07/25 03:11 PM,1,112,215
ROOSEVELT II - Building 09,50 STUYVESANT AVENUE,"BROOKLYN, NY 11221",Heat,Planned,02/07/25,09:00 AM,02/07/25 03:10 PM,1,112,215
RUTGERS - Building 04,38 RUTGERS STREET,"NEW YORK, NY 10002",Heat,Unplanned,12/20/24,09:00 AM,12/20/24 04:07 PM,1,137,279
RUTGERS - Building 04,38 RUTGERS STREET,"NEW YORK, NY 10002",Hot Water,Unplanned,12/20/24,09:00 AM,12/20/24 04:06 PM,1,137,279
RUTGERS - Building 02,65 PIKE STREET,"NEW YORK, NY 10002",Heat,Unplanned,11/30/24,08:34 AM,11/30/24 08:34 PM,1,135,322
RUTGERS - Building 02,65 PIKE STREET,"NEW YORK, NY 10002",Hot Water,Unplanned,11/30/24,08:30 AM,11/30/24 08:15 PM,1,135,322
RUTGERS - Building 01,45 PIKE STREET,"NEW YORK, NY 10002",Hot Water,Unplanned,10/31/24,09:00 AM,10/31/24 01:08 PM,1,137,252
RUTGERS - Building 05,160 MADISON STREET,"NEW YORK, NY 10002",Hot Water,Planned,05/29/25,08:00 AM,05/29/25 06:09 PM,1,175,314
RUTGERS - Building 04,38 RUTGERS STREET,"NEW YORK, NY 10002",Hot Water,Planned,05/13/25,08:00 AM,05/13/25 05:33 PM,1,137,279
RUTGERS - Building 03,54 RUTGERS STREET,"NEW YORK, NY 10002",Hot Water,Planned,05/06/25,09:00 AM,05/06/25 05:03 PM,1,137,262
RUTGERS - Building 03,54 RUTGERS STREET,"NEW YORK, NY 10002",Hot Water,Unplanned,05/05/25,05:00 PM,05/05/25 09:36 PM,1,137,262
RUTGERS - Building 02,65 PIKE STREET,"NEW YORK, NY 10002",Hot Water,Planned,04/29/25,08:00 AM,04/29/25 04:29 PM,1,135,322
RUTGERS - Building 01,45 PIKE STREET,"NEW YORK, NY 10002",Hot Water,Planned,04/28/25,08:00 AM,04/28/25 06:11 PM,1,137,252
RUTGERS - Entire Development,45 PIKE STREET,"NEW YORK, NY 10002",Heat,Unplanned,04/27/25,02:06 AM,04/27/25 02:10 PM,5,721,"1,429"
RUTGERS - Entire Development,45 PIKE STREET,"NEW YORK, NY 10002",Hot Water,Unplanned,04/27/25,02:00 AM,04/27/25 02:09 PM,5,721,"1,429"
RUTGERS - Building 03,54 RUTGERS STREET,"NEW YORK, NY 10002",Hot Water,Planned,04/02/25,09:58 AM,04/02/25 01:46 PM,1,137,262
RUTGERS - Building 05,160 MADISON STREET,"NEW YORK, NY 10002",Heat,Planned,03/14/25,12:30 PM,03/14/25 08:07 PM,1,175,314
RUTGERS - Building 05,160 MADISON STREET,"NEW YORK, NY 10002",Hot Water,Planned,03/14/25,12:30 PM,03/14/25 08:06 PM,1,175,314
RUTGERS - Building 01,45 PIKE STREET,"NEW YORK, NY 10002",Heat,Planned,03/14/25,12:30 PM,03/14/25 06:59 PM,1,137,252
RUTGERS - Building 04,38 RUTGERS STREET,"NEW YORK, NY 10002",Hot Water,Planned,03/14/25,12:30 PM,03/14/25 06:42 PM,1,137,279
RUTGERS - Building 02,65 PIKE STREET,"NEW YORK, NY 10002",Heat,Planned,03/14/25,12:30 PM,03/14/25 05:53 PM,1,135,322
RUTGERS - Building 04,38 RUTGERS STREET,"NEW YORK, NY 10002",Heat,Planned,03/14/25,12:30 PM,03/14/25 05:53 PM,1,137,279
RUTGERS - Building 02,65 PIKE STREET,"NEW YORK, NY 10002",Hot Water,Planned,03/14/25,12:30 PM,03/14/25 05:17 PM,1,135,322
RUTGERS - Building 01,45 PIKE STREET,"NEW YORK, NY 10002",Hot Water,Planned,03/14/25,12:30 PM,03/14/25 05:16 PM,1,137,252
RUTGERS - Building 04,38 RUTGERS STREET,"NEW YORK, NY 10002",Hot Water,Planned,02/13/25,08:01 AM,02/13/25 06:26 PM,1,137,279
RUTGERS - Building 04,38 RUTGERS STREET,"NEW YORK, NY 10002",Heat,Planned,02/13/25,08:01 AM,02/13/25 06:24 PM,1,137,279
RUTGERS - Building 03,54 RUTGERS STREET,"NEW YORK, NY 10002",Hot Water,Unplanned,02/09/25,09:41 AM,02/09/25 09:53 PM,1,137,262
RUTGERS - Building 03,54 RUTGERS STREET,"NEW YORK, NY 10002",Heat,Unplanned,02/09/25,09:41 AM,02/09/25 06:01 PM,1,137,262
RUTGERS - Building 05,160 MADISON STREET,"NEW YORK, NY 10002",Heat,Unplanned,01/11/25,09:28 PM,01/12/25 01:40 AM,1,175,314
RUTGERS - Building 05,160 MADISON STREET,"NEW YORK, NY 10002",Hot Water,Unplanned,01/11/25,09:28 PM,01/12/25 01:30 AM,1,175,314
SAINT NICHOLAS - Building 02,240 WEST 129TH STREET,"NEW YORK, NY 10027",Hot Water,Unplanned,11/20/24,09:00 AM,11/20/24 08:48 PM,1,218,381
SAINT NICHOLAS - Building 02,240 WEST 129TH STREET,"NEW YORK, NY 10027",Hot Water,Planned,10/07/24,09:00 AM,10/07/24 03:15 PM,1,218,381
SAINT NICHOLAS,Sectional,,Hot Water,Planned,10/02/24,09:00 AM,10/02/24 07:45 PM,,,
SAINT NICHOLAS - Building 05,217 WEST 127TH STREET,"NEW YORK, NY 10027",Hot Water,Unplanned,05/15/25,10:30 AM,05/15/25 10:09 PM,1,109,198
SAINT NICHOLAS - Building 09,225 WEST 129TH STREET,"NEW YORK, NY 10027",Hot Water,Planned,04/11/25,09:00 AM,04/11/25 07:01 PM,1,110,282
SAINT NICHOLAS - Building 03,277 WEST 127TH STREET,"NEW YORK, NY 10027",Hot Water,Planned,04/02/25,09:00 AM,04/03/25 12:33 AM,1,108,233
SAINT NICHOLAS - Building 11,250 WEST 131ST STREET,"NEW YORK, NY 10027",Hot Water,Unplanned,03/20/25,08:30 AM,03/21/25 01:09 AM,1,108,209
SAINT NICHOLAS - Building 12,230 WEST 131ST STREET,"NEW YORK, NY 10027",Hot Water,Unplanned,03/07/25,12:00 PM,03/07/25 07:52 PM,1,105,9
SAINT NICHOLAS - Building 11,250 WEST 131ST STREET,"NEW YORK, NY 10027",Hot Water,Unplanned,03/07/25,12:00 PM,03/07/25 06:33 PM,1,108,209
SAINT NICHOLAS - Entire Development,215 WEST 127TH STREET,"NEW YORK, NY 10027",Hot Water,Planned,03/06/25,09:00 AM,03/06/25 10:28 PM,13,"1,526","2,570"
SAINT NICHOLAS - Entire Development,215 WEST 127TH STREET,"NEW YORK, NY 10027",Hot Water,Unplanned,01/30/25,06:38 PM,01/30/25 11:43 PM,13,"1,526","2,570"
SAINT NICHOLAS - Entire Development,215 WEST 127TH STREET,"NEW YORK, NY 10027",Heat,Unplanned,01/30/25,06:38 PM,01/30/25 11:40 PM,13,"1,526","2,570"
SARATOGA VILLAGE - Building 01,33 SARATOGA AVENUE,"BROOKLYN, NY 11233",Hot Water,Planned,05/15/25,09:00 AM,05/15/25 06:14 PM,1,125,0
SEDGWICK - Entire Development,140 WEST 174TH STREET,"BRONX, NY 10453",Hot Water,Unplanned,12/24/24,04:45 AM,12/24/24 07:48 PM,7,786,"1,440"
SEDGWICK - Entire Development,140 WEST 174TH STREET,"BRONX, NY 10453",Heat,Unplanned,12/24/24,04:45 AM,12/24/24 07:44 PM,7,786,"1,440"
SEDGWICK - Building 07,164 WEST 174TH STREET,"BRONX, NY 10453",Hot Water,Unplanned,11/15/24,06:00 PM,11/15/24 08:49 PM,1,112,205
SEDGWICK - Building 07,164 WEST 174TH STREET,"BRONX, NY 10453",Hot Water,Planned,04/09/25,04:28 PM,04/09/25 07:00 PM,1,112,205
SEDGWICK - Building 06,1535 UNIVERSITY AVENUE,"BRONX, NY 10453",Hot Water,Planned,04/09/25,06:35 PM,04/09/25 06:54 PM,1,108,199
SEDGWICK - Building 04,1551 UNIVERSITY AVENUE,"BRONX, NY 10453",Hot Water,Planned,04/08/25,07:00 PM,04/08/25 07:22 PM,1,112,194
SEDGWICK - Building 03,160 WEST 174TH STREET,"BRONX, NY 10453",Hot Water,Planned,04/08/25,06:30 PM,04/08/25 07:01 PM,1,116,209
SEDGWICK - Building 01,140 WEST 174TH STREET,"BRONX, NY 10453",Hot Water,Planned,04/07/25,10:00 AM,04/07/25 06:06 PM,1,114,214
SEDGWICK - Building 02,150 WEST 174TH STREET,"BRONX, NY 10453",Hot Water,Planned,04/07/25,10:00 AM,04/07/25 05:59 PM,1,112,201
SEDGWICK - Entire Development,140 WEST 174TH STREET,"BRONX, NY 10453",Heat,Unplanned,03/30/25,12:15 PM,03/30/25 07:01 PM,7,786,"1,440"
SEDGWICK - Entire Development,140 WEST 174TH STREET,"BRONX, NY 10453",Hot Water,Unplanned,03/30/25,12:15 PM,03/30/25 06:57 PM,7,786,"1,440"
SEDGWICK - Building 02,150 WEST 174TH STREET,"BRONX, NY 10453",Hot Water,Unplanned,03/21/25,01:00 PM,03/21/25 08:20 PM,1,112,201
SEDGWICK - Building 01,140 WEST 174TH STREET,"BRONX, NY 10453",Hot Water,Planned,02/03/25,01:00 PM,02/03/25 09:18 PM,1,114,214
SEDGWICK - Building 01,140 WEST 174TH STREET,"BRONX, NY 10453",Heat,Planned,02/03/25,01:00 PM,02/03/25 09:17 PM,1,114,214
SEWARD PARK EXTENSION - Building 01,64 ESSEX STREET,"NEW YORK, NY 10002",Hot Water,Planned,11/25/24,08:30 AM,11/25/24 05:56 PM,1,179,326
SEWARD PARK EXTENSION - Building 01,64 ESSEX STREET,"NEW YORK, NY 10002",Hot Water,Planned,11/22/24,08:00 AM,11/22/24 08:30 PM,1,179,326
SEWARD PARK EXTENSION - Building 01,64 ESSEX STREET,"NEW YORK, NY 10002",Hot Water,Planned,11/21/24,08:00 AM,11/21/24 06:07 PM,1,179,326
SEWARD PARK EXTENSION - Building 01,64 ESSEX STREET,"NEW YORK, NY 10002",Heat,Unplanned,11/14/24,05:58 PM,11/14/24 11:28 PM,1,179,326
SEWARD PARK EXTENSION - Building 01,64 ESSEX STREET,"NEW YORK, NY 10002",Hot Water,Unplanned,11/14/24,05:58 PM,11/14/24 11:22 PM,1,179,326
SEWARD PARK EXTENSION - Building 03,60 ESSEX STREET,"NEW YORK, NY 10002",Hot Water,Planned,03/28/25,08:00 AM,03/28/25 03:36 PM,1,0,0
SEWARD PARK EXTENSION - Building 01,64 ESSEX STREET,"NEW YORK, NY 10002",Hot Water,Planned,03/28/25,08:00 AM,03/28/25 02:47 PM,1,179,326
SEWARD PARK EXTENSION - Building 02,154 BROOME STREET,"NEW YORK, NY 10002",Hot Water,Planned,03/27/25,08:00 AM,03/27/25 02:24 PM,1,181,335
SEWARD PARK EXTENSION - Entire Development,154 BROOME STREET,"NEW YORK, NY 10002",Hot Water,Unplanned,01/28/25,10:00 PM,01/29/25 04:52 AM,5,360,661
SEWARD PARK EXTENSION - Entire Development,154 BROOME STREET,"NEW YORK, NY 10002",Heat,Unplanned,01/28/25,10:00 PM,01/29/25 02:00 AM,5,360,661
SHEEPSHEAD BAY - Entire Development,2985 AVENUE X,"BROOKLYN, NY 11235",Hot Water,Unplanned,05/04/25,07:38 PM,05/05/25 12:12 AM,18,"1,056","1,997"
SHEEPSHEAD BAY - Entire Development,2985 AVENUE X,"BROOKLYN, NY 11235",Heat,Unplanned,01/27/25,10:00 PM,01/28/25 06:36 AM,18,"1,056","1,997"
SHEEPSHEAD BAY - Entire Development,2985 AVENUE X,"BROOKLYN, NY 11235",Hot Water,Unplanned,01/27/25,10:00 PM,01/28/25 02:37 AM,18,"1,056","1,997"
SHEEPSHEAD BAY - Entire Development,2985 AVENUE X,"BROOKLYN, NY 11235",Hot Water,Unplanned,01/21/25,10:00 AM,01/21/25 08:48 PM,18,"1,056","1,997"
SHEEPSHEAD BAY - Entire Development,2985 AVENUE X,"BROOKLYN, NY 11235",Heat,Unplanned,01/21/25,10:00 AM,01/21/25 08:39 PM,18,"1,056","1,997"
SMITH - Entire Development,20 CATHERINE SLIP,"NEW YORK, NY 10038",Hot Water,Unplanned,12/20/24,08:56 PM,12/21/24 12:54 AM,12,"1,935","3,743"
SMITH - Entire Development,20 CATHERINE SLIP,"NEW YORK, NY 10038",Heat,Unplanned,12/20/24,08:56 PM,12/21/24 01:00 AM,12,"1,935","3,743"
SMITH - Entire Development,20 CATHERINE SLIP,"NEW YORK, NY 10038",Heat,Unplanned,12/13/24,08:20 PM,12/13/24 11:33 PM,12,"1,935","3,743"
SMITH - Entire Development,20 CATHERINE SLIP,"NEW YORK, NY 10038",Hot Water,Unplanned,12/13/24,08:20 PM,12/13/24 11:27 PM,12,"1,935","3,743"
SMITH - Building 08,26 MADISON STREET,"NEW YORK, NY 10038",Hot Water,Planned,11/07/24,09:30 AM,11/07/24 01:29 PM,1,160,317
SMITH - Entire Development,20 CATHERINE SLIP,"NEW YORK, NY 10038",Hot Water,Unplanned,10/22/24,12:27 PM,10/22/24 04:12 PM,12,"1,935","3,743"
SMITH - Entire Development,20 CATHERINE SLIP,"NEW YORK, NY 10038",Hot Water,Unplanned,10/15/24,06:30 AM,10/15/24 03:05 PM,12,"1,935","3,743"
SMITH - Entire Development,20 CATHERINE SLIP,"NEW YORK, NY 10038",Heat,Unplanned,10/15/24,07:15 AM,10/15/24 03:04 PM,12,"1,935","3,743"
SMITH,Sectional,,Hot Water,Planned,10/01/24,09:00 AM,10/01/24 07:45 PM,,,
SMITH - Building 08,26 MADISON STREET,"NEW YORK, NY 10038",Hot Water,Planned,05/14/25,09:00 AM,05/14/25 12:56 PM,1,160,317
SMITH - Building 02,10 CATHERINE SLIP,"NEW YORK, NY 10038",Hot Water,Planned,04/22/25,09:53 AM,04/22/25 02:46 PM,1,160,322
SMITH - Building 01,20 CATHERINE SLIP,"NEW YORK, NY 10038",Hot Water,Planned,04/22/25,09:00 AM,04/22/25 02:01 PM,1,170,368
SMITH - Building 04,180 SOUTH STREET,"NEW YORK, NY 10038",Heat,Planned,04/16/25,06:44 PM,04/16/25 07:01 PM,1,170,336
SMITH,Sectional,,Heat,Planned,04/01/25,12:03 PM,04/01/25 03:27 PM,,,
SMITH,Sectional,,Hot Water,Planned,04/01/25,12:07 PM,04/01/25 03:26 PM,,,
SMITH,Sectional,,Hot Water,Planned,02/27/25,09:15 AM,02/27/25 10:06 PM,,,
SMITH,Sectional,,Heat,Planned,02/27/25,09:00 AM,02/27/25 10:04 PM,,,
SMITH - Entire Development,20 CATHERINE SLIP,"NEW YORK, NY 10038",Hot Water,Unplanned,02/25/25,10:00 AM,02/25/25 04:12 PM,12,"1,935","3,743"
SMITH - Entire Development,20 CATHERINE SLIP,"NEW YORK, NY 10038",Heat,Unplanned,02/25/25,10:00 AM,02/25/25 02:24 PM,12,"1,935","3,743"
SMITH - Building 03,182 SOUTH STREET,"NEW YORK, NY 10038",Hot Water,Unplanned,01/26/25,12:07 PM,01/26/25 08:32 PM,1,160,302
SMITH - Entire Development,20 CATHERINE SLIP,"NEW YORK, NY 10038",Heat,Unplanned,01/21/25,07:00 AM,01/21/25 05:32 PM,12,"1,935","3,743"
SMITH - Entire Development,20 CATHERINE SLIP,"NEW YORK, NY 10038",Hot Water,Unplanned,01/21/25,07:00 AM,01/21/25 04:16 PM,12,"1,935","3,743"
SMITH - Building 04,180 SOUTH STREET,"NEW YORK, NY 10038",Hot Water,Planned,01/08/25,09:49 AM,01/08/25 02:26 PM,1,170,336
SMITH - Entire Development,20 CATHERINE SLIP,"NEW YORK, NY 10038",Hot Water,Unplanned,01/04/25,04:15 AM,01/04/25 02:32 PM,12,"1,935","3,743"
SMITH - Entire Development,20 CATHERINE SLIP,"NEW YORK, NY 10038",Heat,Unplanned,01/04/25,04:15 AM,01/04/25 02:29 PM,12,"1,935","3,743"
SOUNDVIEW - Entire Development,639 ROSEDALE AVENUE,"BRONX, NY 10473",Heat,Unplanned,12/19/24,05:00 PM,12/19/24 08:43 PM,15,"1,259","2,582"
SOUNDVIEW - Building 06,1685 RANDALL AVENUE,"BRONX, NY 10473",Hot Water,Planned,05/06/25,09:00 AM,05/06/25 03:35 PM,1,98,197
SOUNDVIEW - Entire Development,639 ROSEDALE AVENUE,"BRONX, NY 10473",Heat,Unplanned,01/21/25,06:37 AM,01/21/25 02:37 PM,15,"1,259","2,582"
SOUTH BEACH - Entire Development,160 LAMPORT BOULEVARD,"STATEN ISLAND, NY 10305",Hot Water,Unplanned,10/10/24,08:00 PM,10/11/24 12:53 PM,8,422,810
SOUTH BEACH - Entire Development,160 LAMPORT BOULEVARD,"STATEN ISLAND, NY 10305",Heat,Unplanned,10/10/24,08:00 PM,10/11/24 12:25 PM,8,422,810
SOUTH BEACH - Entire Development,160 LAMPORT BOULEVARD,"STATEN ISLAND, NY 10305",Hot Water,Unplanned,05/06/25,04:26 AM,05/06/25 01:22 PM,8,422,810
SOUTH JAMAICA I - Entire Development,106-24 159TH STREET,"JAMAICA, NY 11433",Hot Water,Unplanned,12/06/24,04:45 AM,12/06/24 01:32 PM,12,448,795
SOUTH JAMAICA I - Entire Development,106-24 159TH STREET,"JAMAICA, NY 11433",Heat,Unplanned,12/06/24,04:45 AM,12/06/24 01:29 PM,12,448,795
SOUTH JAMAICA I - Entire Development,106-24 159TH STREET,"JAMAICA, NY 11433",Hot Water,Unplanned,11/14/24,09:00 AM,11/14/24 05:27 PM,12,448,795
SOUTH JAMAICA I - Entire Development,106-24 159TH STREET,"JAMAICA, NY 11433",Heat,Unplanned,11/14/24,09:00 AM,11/14/24 05:23 PM,12,448,795
SOUTH JAMAICA I - Entire Development,106-24 159TH STREET,"JAMAICA, NY 11433",Hot Water,Planned,10/28/24,09:00 AM,10/28/24 06:19 PM,12,448,795
SOUTH JAMAICA I - Entire Development,106-24 159TH STREET,"JAMAICA, NY 11433",Hot Water,Unplanned,10/18/24,10:00 AM,10/18/24 04:06 PM,12,448,795
SOUTH JAMAICA I - Entire Development,106-24 159TH STREET,"JAMAICA, NY 11433",Hot Water,Planned,10/04/24,09:00 AM,10/04/24 07:57 PM,12,448,795
SOUTH JAMAICA I - Building 07,108-26 159TH STREET,"JAMAICA, NY 11433",Hot Water,Unplanned,05/12/25,11:00 AM,05/12/25 02:49 PM,1,48,84
SOUTH JAMAICA I - Building 07,108-26 159TH STREET,"JAMAICA, NY 11433",Hot Water,Unplanned,05/10/25,09:19 AM,05/10/25 04:05 PM,1,48,84
SOUTH JAMAICA II - Entire Development,106-05 159TH STREET,"JAMAICA, NY 11433",Hot Water,Unplanned,12/06/24,04:45 AM,12/06/24 01:30 PM,16,600,"1,278"
SOUTH JAMAICA II - Entire Development,106-05 159TH STREET,"JAMAICA, NY 11433",Heat,Unplanned,12/06/24,04:45 AM,12/06/24 01:26 PM,16,600,"1,278"
SOUTH JAMAICA II - Entire Development,106-05 159TH STREET,"JAMAICA, NY 11433",Hot Water,Unplanned,11/14/24,09:00 AM,11/14/24 05:28 PM,16,600,"1,278"
SOUTH JAMAICA II - Entire Development,106-05 159TH STREET,"JAMAICA, NY 11433",Heat,Unplanned,11/14/24,09:00 AM,11/14/24 05:25 PM,16,600,"1,278"
SOUTH JAMAICA II - Entire Development,106-05 159TH STREET,"JAMAICA, NY 11433",Hot Water,Unplanned,10/18/24,10:00 AM,10/18/24 03:11 PM,16,600,"1,278"
SOUTH JAMAICA II - Entire Development,106-05 159TH STREET,"JAMAICA, NY 11433",Hot Water,Planned,10/04/24,09:00 AM,10/04/24 07:56 PM,16,600,"1,278"
SOUTH JAMAICA II - Entire Development,106-05 159TH STREET,"JAMAICA, NY 11433",Hot Water,Unplanned,05/23/25,08:34 PM,05/24/25 02:10 AM,16,600,"1,278"
ST. MARY'S PARK - Building 04,665 WESTCHESTER AVENUE,"BRONX, NY 10455",Hot Water,Planned,04/29/25,10:00 AM,04/29/25 04:30 PM,1,168,302
ST. MARY'S PARK - Building 03,645 WESTCHESTER AVENUE,"BRONX, NY 10455",Heat,Unplanned,03/18/25,07:57 AM,03/18/25 02:21 PM,1,168,311
ST. MARY'S PARK - Building 01,550 CAULDWELL AVENUE,"BRONX, NY 10455",Hot Water,Planned,03/11/25,10:00 AM,03/11/25 04:01 PM,1,170,286
ST. MARY'S PARK - Building 05,700 EAST 156TH STREET,"BRONX, NY 10455",Hot Water,Planned,03/10/25,10:00 AM,03/10/25 10:51 PM,1,168,298
ST. MARY'S PARK - Building 03,645 WESTCHESTER AVENUE,"BRONX, NY 10455",Hot Water,Planned,03/06/25,10:30 AM,03/06/25 01:02 PM,1,168,311
STANTON STREET - Building 01,189 STANTON STREET,"NEW YORK, NY 10002",Heat,Unplanned,10/15/24,11:30 PM,10/16/24 06:05 PM,1,13,27
STAPLETON - Entire Development,181 GORDON STREET,"STATEN ISLAND, NY 10304",Hot Water,Unplanned,12/12/24,12:00 PM,12/12/24 04:57 PM,7,693,"1,740"
STAPLETON - Entire Development,181 GORDON STREET,"STATEN ISLAND, NY 10304",Heat,Unplanned,12/12/24,12:00 PM,12/12/24 04:55 PM,7,693,"1,740"
STAPLETON - Entire Development,181 GORDON STREET,"STATEN ISLAND, NY 10304",Heat,Unplanned,12/04/24,09:00 AM,12/04/24 02:24 PM,7,693,"1,740"
STAPLETON - Entire Development,181 GORDON STREET,"STATEN ISLAND, NY 10304",Hot Water,Unplanned,12/04/24,09:00 AM,12/04/24 02:22 PM,7,693,"1,740"
STAPLETON - Entire Development,181 GORDON STREET,"STATEN ISLAND, NY 10304",Hot Water,Planned,10/09/24,09:00 AM,10/09/24 05:17 PM,7,693,"1,740"
STAPLETON - Building 03,27 WARREN STREET,"STATEN ISLAND, NY 10304",Hot Water,Planned,04/03/25,09:25 AM,04/03/25 01:59 PM,1,120,303
STAPLETON - Building 02,212 BROAD STREET,"STATEN ISLAND, NY 10304",Hot Water,Planned,03/28/25,09:00 AM,03/28/25 03:51 PM,1,120,265
STAPLETON - Building 06,51 HILL STREET,"STATEN ISLAND, NY 10304",Hot Water,Planned,03/27/25,09:00 AM,03/27/25 03:17 PM,1,112,276
STAPLETON - Building 04,45 WARREN STREET,"STATEN ISLAND, NY 10304",Hot Water,Planned,03/25/25,09:00 AM,03/25/25 01:05 PM,1,109,303
STRAUS - Building 02,243 EAST 27TH STREET,"NEW YORK, NY 10016",Hot Water,Planned,02/27/25,09:12 AM,02/27/25 04:26 PM,1,111,187
STRAUS - Building 02,243 EAST 27TH STREET,"NEW YORK, NY 10016",Hot Water,Unplanned,01/15/25,08:00 AM,01/15/25 05:39 PM,1,111,187
STRAUS - Building 02,243 EAST 27TH STREET,"NEW YORK, NY 10016",Hot Water,Unplanned,01/14/25,12:33 PM,01/14/25 11:47 PM,1,111,187
STRAUS - Building 02,243 EAST 27TH STREET,"NEW YORK, NY 10016",Hot Water,Unplanned,01/13/25,02:11 PM,01/13/25 10:40 PM,1,111,187
STUYVESANT GARDENS I - Entire Development,714 GATES AVENUE,"BROOKLYN, NY 11221",Hot Water,Unplanned,10/21/24,07:00 PM,10/22/24 02:27 AM,5,331,0
STUYVESANT GARDENS I,Sectional,,Hot Water,Unplanned,05/31/25,01:52 PM,05/31/25 07:16 PM,,,
STUYVESANT GARDENS I - Entire Development,714 GATES AVENUE,"BROOKLYN, NY 11221",Hot Water,Unplanned,05/10/25,10:14 AM,05/10/25 07:49 PM,5,331,0
STUYVESANT GARDENS I - Building 01,714 GATES AVENUE,"BROOKLYN, NY 11221",Hot Water,Unplanned,04/27/25,08:12 AM,04/27/25 01:33 PM,1,132,0
STUYVESANT GARDENS I - Building 01,714 GATES AVENUE,"BROOKLYN, NY 11221",Hot Water,Unplanned,04/20/25,08:37 AM,04/20/25 03:52 PM,1,132,0
STUYVESANT GARDENS I - Entire Development,714 GATES AVENUE,"BROOKLYN, NY 11221",Hot Water,Unplanned,04/19/25,07:27 AM,04/19/25 03:01 PM,5,331,0
STUYVESANT GARDENS II - Building 01,150 MALCOLM X BOULEVARD,"BROOKLYN, NY 11221",Heat,Unplanned,01/06/25,08:50 AM,01/06/25 01:48 PM,1,150,0
SUMNER,Sectional,,Hot Water,Unplanned,12/24/24,03:45 PM,12/24/24 11:06 PM,,,
SUMNER,Sectional,,Heat,Unplanned,12/24/24,03:45 PM,12/24/24 11:05 PM,,,
SUMNER - Building 07,1031 MYRTLE AVENUE,"BROOKLYN, NY 11206",Heat,Planned,12/16/24,02:15 PM,12/16/24 04:15 PM,1,78,149
SUMNER - Building 03,896 PARK AVENUE,"BROOKLYN, NY 11206",Heat,Planned,12/10/24,09:00 AM,12/10/24 03:04 PM,1,78,146
SUMNER - Building 02,878 PARK AVENUE,"BROOKLYN, NY 11206",Heat,Planned,12/09/24,09:00 AM,12/09/24 05:58 PM,1,84,160
SUMNER - Building 06,1043 MYRTLE AVENUE,"BROOKLYN, NY 11206",Heat,Planned,12/09/24,09:00 AM,12/09/24 03:48 PM,1,84,165
SUMNER,Sectional,,Heat,Unplanned,12/05/24,09:27 AM,12/05/24 06:19 PM,,,
SUMNER,Sectional,,Hot Water,Unplanned,12/05/24,09:27 AM,12/05/24 06:18 PM,,,
SUMNER - Building 11,56 MARCUS GARVEY BOULEVARD,"BROOKLYN, NY 11206",Hot Water,Planned,05/28/25,09:00 AM,05/28/25 05:32 PM,1,106,152
SUMNER,Sectional,,Hot Water,Unplanned,05/22/25,07:16 PM,05/23/25 03:58 AM,,,
SUMNER - Building 11,56 MARCUS GARVEY BOULEVARD,"BROOKLYN, NY 11206",Hot Water,Planned,05/22/25,09:00 AM,05/22/25 04:35 PM,1,106,152
SUMNER,Sectional,,Hot Water,Unplanned,05/18/25,12:07 PM,05/18/25 07:56 PM,,,
SUMNER - Building 11,56 MARCUS GARVEY BOULEVARD,"BROOKLYN, NY 11206",Hot Water,Unplanned,05/03/25,11:00 AM,05/03/25 09:40 PM,1,106,152
SUMNER - Building 13,808 PARK AVENUE,"BROOKLYN, NY 11206",Hot Water,Planned,04/25/25,09:00 AM,04/25/25 02:07 PM,1,84,163
SUMNER - Building 01,868 PARK AVENUE,"BROOKLYN, NY 11206",Hot Water,Planned,04/15/25,09:00 AM,04/15/25 01:27 PM,1,74,150
SUMNER - Building 06,1043 MYRTLE AVENUE,"BROOKLYN, NY 11206",Hot Water,Planned,04/10/25,09:00 AM,04/10/25 01:08 PM,1,84,165
SUMNER - Building 06,1043 MYRTLE AVENUE,"BROOKLYN, NY 11206",Heat,Planned,04/10/25,09:00 AM,04/10/25 01:08 PM,1,84,165
SUMNER - Building 08,995 MYRTLE AVENUE,"BROOKLYN, NY 11206",Hot Water,Planned,04/03/25,09:00 AM,04/03/25 04:03 PM,1,84,143
SUMNER - Building 08,995 MYRTLE AVENUE,"BROOKLYN, NY 11206",Heat,Planned,04/03/25,09:00 AM,04/03/25 04:02 PM,1,84,143
SUMNER,Sectional,,Hot Water,Unplanned,03/28/25,09:00 AM,03/28/25 01:27 PM,,,
SUMNER,Sectional,,Hot Water,Unplanned,03/17/25,09:00 AM,03/17/25 04:43 PM,,,
SUMNER - Entire Development,868 PARK AVENUE,"BROOKLYN, NY 11206",Hot Water,Unplanned,03/02/25,11:53 AM,03/02/25 10:13 PM,13,"1,099","1,969"
SUMNER - Entire Development,868 PARK AVENUE,"BROOKLYN, NY 11206",Heat,Unplanned,03/02/25,11:53 AM,03/02/25 10:09 PM,13,"1,099","1,969"
SUMNER - Building 05,22 LEWIS AVENUE,"BROOKLYN, NY 11206",Heat,Planned,02/27/25,08:30 AM,02/27/25 07:25 PM,1,84,170
SUMNER - Building 05,22 LEWIS AVENUE,"BROOKLYN, NY 11206",Hot Water,Planned,02/27/25,08:30 AM,02/27/25 07:24 PM,1,84,170
SUMNER,Sectional,,Heat,Planned,02/25/25,08:30 AM,02/25/25 03:09 PM,,,
SUMNER,Sectional,,Hot Water,Planned,02/25/25,08:30 AM,02/25/25 03:06 PM,,,
SUMNER,Sectional,,Heat,Unplanned,02/15/25,01:21 PM,02/16/25 12:59 AM,,,
SUMNER,Sectional,,Hot Water,Unplanned,02/15/25,01:21 PM,02/16/25 12:55 AM,,,
SUMNER - Entire Development,868 PARK AVENUE,"BROOKLYN, NY 11206",Hot Water,Unplanned,02/16/25,06:00 AM,02/16/25 12:41 PM,13,"1,099","1,969"
SUMNER - Entire Development,868 PARK AVENUE,"BROOKLYN, NY 11206",Heat,Unplanned,02/16/25,06:00 AM,02/16/25 12:40 PM,13,"1,099","1,969"
SUMNER,Sectional,,Hot Water,Unplanned,01/23/25,07:00 AM,01/23/25 12:43 PM,,,
SUMNER,Sectional,,Heat,Unplanned,01/23/25,07:00 AM,01/23/25 12:41 PM,,,
SUMNER,Sectional,,Hot Water,Unplanned,01/15/25,10:00 AM,01/15/25 02:38 PM,,,
SUMNER,Sectional,,Heat,Unplanned,01/15/25,10:00 AM,01/15/25 02:32 PM,,,
SURFSIDE GARDENS - Building 01,2960 WEST 31ST STREET,"BROOKLYN, NY 11224",Hot Water,Unplanned,11/19/24,06:00 PM,11/20/24 07:17 PM,1,134,155
SURFSIDE GARDENS - Building 01,2960 WEST 31ST STREET,"BROOKLYN, NY 11224",Hot Water,Planned,11/13/24,10:01 AM,11/13/24 08:59 PM,1,134,155
SURFSIDE GARDENS - Building 01,2960 WEST 31ST STREET,"BROOKLYN, NY 11224",Heat,Planned,03/24/25,10:00 AM,03/24/25 03:49 PM,1,134,155
SURFSIDE GARDENS - Building 01,2960 WEST 31ST STREET,"BROOKLYN, NY 11224",Hot Water,Planned,03/24/25,10:00 AM,03/24/25 03:48 PM,1,134,155
SURFSIDE GARDENS - Building 05,2820 WEST 32ND STREET,"BROOKLYN, NY 11224",Heat,Unplanned,01/24/25,09:15 AM,01/24/25 04:06 PM,1,108,189
SURFSIDE GARDENS - Building 03,2940 WEST 31ST STREET,"BROOKLYN, NY 11224",Hot Water,Unplanned,01/12/25,09:42 AM,01/12/25 09:58 PM,1,115,326
SURFSIDE GARDENS,Sectional,,Hot Water,Unplanned,01/07/25,02:00 PM,01/07/25 09:47 PM,,,
SURFSIDE GARDENS,Sectional,,Heat,Unplanned,01/07/25,02:00 PM,01/07/25 09:35 PM,,,
TAFT - Building 02,1345 5TH AVENUE,"NEW YORK, NY 10029",Hot Water,Unplanned,12/18/24,04:15 PM,12/18/24 11:38 PM,1,150,315
TAFT - Building 09,1695 MADISON AVENUE,"NEW YORK, NY 10029",Hot Water,Unplanned,05/18/25,08:20 AM,05/18/25 07:11 PM,1,150,310
TAFT - Building 07,70 EAST 115TH STREET,"NEW YORK, NY 10029",Hot Water,Unplanned,05/06/25,08:07 PM,05/07/25 12:04 AM,1,186,300
TAFT - Building 08,65 EAST 112TH STREET,"NEW YORK, NY 10029",Hot Water,Planned,04/25/25,08:00 AM,04/25/25 11:44 AM,1,186,299
TAFT - Building 09,1695 MADISON AVENUE,"NEW YORK, NY 10029",Hot Water,Planned,04/25/25,12:10 PM,04/25/25 03:59 PM,1,150,310
TAFT - Building 07,70 EAST 115TH STREET,"NEW YORK, NY 10029",Hot Water,Planned,04/24/25,12:00 PM,04/24/25 05:53 PM,1,186,300
TAFT - Building 06,1735 MADISON AVENUE,"NEW YORK, NY 10029",Hot Water,Planned,04/24/25,08:04 AM,04/24/25 02:01 PM,1,150,300
TAFT - Building 05,1734 MADISON AVENUE,"NEW YORK, NY 10029",Hot Water,Planned,04/23/25,12:00 PM,04/23/25 04:02 PM,1,147,309
TAFT - Building 04,1385 5TH AVENUE,"NEW YORK, NY 10029",Hot Water,Planned,04/23/25,08:00 AM,04/23/25 02:13 PM,1,150,241
TAFT - Building 02,1345 5TH AVENUE,"NEW YORK, NY 10029",Hot Water,Planned,04/22/25,12:15 PM,04/22/25 04:17 PM,1,150,315
TAFT - Building 01,1694 MADISON AVENUE,"NEW YORK, NY 10029",Hot Water,Planned,04/22/25,08:15 AM,04/22/25 04:15 PM,1,150,233
TAFT - Building 02,1345 5TH AVENUE,"NEW YORK, NY 10029",Hot Water,Unplanned,04/15/25,06:11 PM,04/16/25 03:56 AM,1,150,315
TAFT - Building 07,70 EAST 115TH STREET,"NEW YORK, NY 10029",Hot Water,Unplanned,04/12/25,07:05 PM,04/12/25 11:27 PM,1,186,300
TAFT - Building 07,70 EAST 115TH STREET,"NEW YORK, NY 10029",Hot Water,Unplanned,04/12/25,08:25 AM,04/12/25 03:17 PM,1,186,300
TAFT - Building 09,1695 MADISON AVENUE,"NEW YORK, NY 10029",Hot Water,Unplanned,03/23/25,10:36 AM,03/23/25 11:49 PM,1,150,310
TAFT - Building 07,70 EAST 115TH STREET,"NEW YORK, NY 10029",Hot Water,Unplanned,03/08/25,09:30 AM,03/09/25 03:04 AM,1,186,300
TAYLOR STREET-WYTHE AVENUE - Entire Development,626 WYTHE PLACE,"BROOKLYN, NY 11249",Hot Water,Unplanned,05/12/25,08:00 AM,05/12/25 04:43 PM,6,525,"1,193"
TAYLOR STREET-WYTHE AVENUE - Entire Development,626 WYTHE PLACE,"BROOKLYN, NY 11249",Hot Water,Unplanned,05/11/25,01:32 AM,05/11/25 07:39 AM,6,525,"1,193"
TAYLOR STREET-WYTHE AVENUE - Building 02,51 ROSS STREET,"BROOKLYN, NY 11249",Hot Water,Planned,04/28/25,10:00 AM,04/28/25 08:47 PM,1,108,232
TAYLOR STREET-WYTHE AVENUE - Building 03,611 WYTHE AVENUE,"BROOKLYN, NY 11249",Hot Water,Planned,04/28/25,11:00 AM,04/28/25 07:53 PM,1,88,175
TAYLOR STREET-WYTHE AVENUE - Building 05,70 CLYMER STREET,"BROOKLYN, NY 11249",Hot Water,Planned,04/28/25,06:19 PM,04/28/25 07:51 PM,1,103,240
TAYLOR STREET-WYTHE AVENUE - Building 01,626 WYTHE PLACE,"BROOKLYN, NY 11249",Hot Water,Planned,04/28/25,10:00 AM,04/28/25 07:42 PM,1,138,372
TAYLOR STREET-WYTHE AVENUE - Building 04,571 WYTHE AVENUE,"BROOKLYN, NY 11249",Hot Water,Planned,04/28/25,11:00 AM,04/28/25 06:44 PM,1,88,174
TAYLOR STREET-WYTHE AVENUE - Entire Development,626 WYTHE PLACE,"BROOKLYN, NY 11249",Heat,Unplanned,03/08/25,07:19 PM,03/08/25 11:30 PM,6,525,"1,193"
TAYLOR STREET-WYTHE AVENUE - Entire Development,626 WYTHE PLACE,"BROOKLYN, NY 11249",Hot Water,Unplanned,03/08/25,07:19 PM,03/08/25 11:20 PM,6,525,"1,193"
TAYLOR STREET-WYTHE AVENUE - Entire Development,626 WYTHE PLACE,"BROOKLYN, NY 11249",Heat,Unplanned,03/02/25,08:41 AM,03/02/25 02:22 PM,6,525,"1,193"
TAYLOR STREET-WYTHE AVENUE - Entire Development,626 WYTHE PLACE,"BROOKLYN, NY 11249",Hot Water,Unplanned,03/02/25,08:41 AM,03/02/25 02:13 PM,6,525,"1,193"
TAYLOR STREET-WYTHE AVENUE - Building 05,70 CLYMER STREET,"BROOKLYN, NY 11249",Hot Water,Planned,01/09/25,10:00 AM,01/09/25 06:41 PM,1,103,240
TELLER AVENUE-EAST 166TH STREET - Building 01,1100 TELLER AVENUE,"BRONX, NY 10456",Hot Water,Planned,03/25/25,02:00 PM,03/25/25 07:38 PM,1,90,161
TELLER AVENUE-EAST 166TH STREET - Entire Development,1100 TELLER AVENUE,"BRONX, NY 10456",Hot Water,Unplanned,01/21/25,05:15 AM,01/21/25 05:20 PM,1,90,161
THOMAS APARTMENTS - Entire Development,102 WEST 91ST STREET,"MANHATTAN, NY 10024",Hot Water,Unplanned,11/15/24,08:00 PM,11/16/24 05:13 PM,1,87,89
THOMAS APARTMENTS - Entire Development,102 WEST 91ST STREET,"MANHATTAN, NY 10024",Heat,Unplanned,11/15/24,08:00 PM,11/16/24 04:40 PM,1,87,89
THROGGS NECK - Entire Development,2731 SAMPSON AVENUE,"BRONX, NY 10465",Hot Water,Unplanned,12/31/24,01:08 PM,12/31/24 08:48 PM,34,"1,185","2,311"
THROGGS NECK - Entire Development,2731 SAMPSON AVENUE,"BRONX, NY 10465",Heat,Unplanned,12/31/24,01:08 PM,12/31/24 08:40 PM,34,"1,185","2,311"
THROGGS NECK - Entire Development,2731 SAMPSON AVENUE,"BRONX, NY 10465",Hot Water,Unplanned,12/16/24,04:15 AM,12/16/24 11:36 AM,34,"1,185","2,311"
THROGGS NECK - Entire Development,2731 SAMPSON AVENUE,"BRONX, NY 10465",Heat,Unplanned,12/16/24,04:15 AM,12/16/24 11:15 AM,34,"1,185","2,311"
THROGGS NECK - Entire Development,2731 SAMPSON AVENUE,"BRONX, NY 10465",Hot Water,Unplanned,12/11/24,07:26 PM,12/12/24 04:05 AM,34,"1,185","2,311"
THROGGS NECK - Entire Development,2731 SAMPSON AVENUE,"BRONX, NY 10465",Hot Water,Unplanned,11/28/24,07:30 AM,11/28/24 02:00 PM,34,"1,185","2,311"
THROGGS NECK - Entire Development,2731 SAMPSON AVENUE,"BRONX, NY 10465",Heat,Unplanned,11/28/24,07:30 AM,11/28/24 01:43 PM,34,"1,185","2,311"
THROGGS NECK - Entire Development,2731 SAMPSON AVENUE,"BRONX, NY 10465",Hot Water,Unplanned,11/07/24,04:59 PM,11/08/24 12:00 AM,34,"1,185","2,311"
THROGGS NECK - Entire Development,2731 SAMPSON AVENUE,"BRONX, NY 10465",Hot Water,Planned,11/07/24,08:00 AM,11/07/24 04:14 PM,34,"1,185","2,311"
THROGGS NECK - Entire Development,2731 SAMPSON AVENUE,"BRONX, NY 10465",Hot Water,Unplanned,11/05/24,07:01 PM,11/05/24 11:40 PM,34,"1,185","2,311"
THROGGS NECK - Entire Development,2731 SAMPSON AVENUE,"BRONX, NY 10465",Hot Water,Unplanned,10/29/24,08:30 PM,10/29/24 11:12 PM,34,"1,185","2,311"
THROGGS NECK - Entire Development,2731 SAMPSON AVENUE,"BRONX, NY 10465",Hot Water,Planned,10/28/24,10:00 AM,10/28/24 08:14 PM,34,"1,185","2,311"
THROGGS NECK - Entire Development,2731 SAMPSON AVENUE,"BRONX, NY 10465",Hot Water,Planned,10/23/24,10:00 AM,10/23/24 05:29 PM,34,"1,185","2,311"
THROGGS NECK - Entire Development,2731 SAMPSON AVENUE,"BRONX, NY 10465",Hot Water,Unplanned,10/20/24,05:02 PM,10/20/24 11:02 PM,34,"1,185","2,311"
THROGGS NECK - Entire Development,2731 SAMPSON AVENUE,"BRONX, NY 10465",Hot Water,Planned,10/16/24,11:30 AM,10/16/24 07:56 PM,34,"1,185","2,311"
THROGGS NECK - Entire Development,2731 SAMPSON AVENUE,"BRONX, NY 10465",Heat,Planned,10/16/24,02:24 PM,10/16/24 05:18 PM,34,"1,185","2,311"
THROGGS NECK - Entire Development,2731 SAMPSON AVENUE,"BRONX, NY 10465",Hot Water,Unplanned,10/13/24,07:00 PM,10/13/24 11:47 PM,34,"1,185","2,311"
THROGGS NECK - Entire Development,2731 SAMPSON AVENUE,"BRONX, NY 10465",Hot Water,Unplanned,10/09/24,08:29 PM,10/09/24 11:39 PM,34,"1,185","2,311"
THROGGS NECK - Entire Development,2731 SAMPSON AVENUE,"BRONX, NY 10465",Hot Water,Unplanned,10/06/24,10:11 AM,10/06/24 06:26 PM,34,"1,185","2,311"
THROGGS NECK - Building 01,2731 SAMPSON AVENUE,"BRONX, NY 10465",Hot Water,Planned,05/30/25,12:45 PM,05/30/25 04:22 PM,1,27,59
THROGGS NECK - Building 05,2775 SAMPSON AVENUE,"BRONX, NY 10465",Hot Water,Planned,05/30/25,01:00 PM,05/30/25 04:21 PM,1,18,44
THROGGS NECK - Building 08,2742 DEWEY AVENUE,"BRONX, NY 10465",Hot Water,Planned,05/30/25,02:30 PM,05/30/25 04:21 PM,1,18,44
THROGGS NECK - Building 06,2785 SAMPSON AVENUE,"BRONX, NY 10465",Hot Water,Planned,05/30/25,11:00 AM,05/30/25 03:54 PM,1,18,64
THROGGS NECK - Building 28,2780 RANDALL AVENUE,"BRONX, NY 10465",Hot Water,Planned,05/22/25,09:00 AM,05/22/25 07:40 PM,1,18,42
THROGGS NECK - Building 29,2790 RANDALL AVENUE,"BRONX, NY 10465",Hot Water,Planned,05/22/25,09:00 AM,05/22/25 04:28 PM,1,65,108
THROGGS NECK - Building 18,545 CALHOUN AVENUE,"BRONX, NY 10465",Hot Water,Planned,05/16/25,09:00 AM,05/16/25 07:26 PM,1,70,112
THROGGS NECK - Building 17,505 CALHOUN AVENUE,"BRONX, NY 10465",Hot Water,Planned,05/16/25,09:00 AM,05/16/25 03:44 PM,1,18,39
THROGGS NECK - Building 15,2815 DEWEY AVENUE,"BRONX, NY 10465",Hot Water,Planned,05/15/25,09:00 AM,05/15/25 04:19 PM,1,70,134
THROGGS NECK - Building 12,2773 DEWEY AVENUE,"BRONX, NY 10465",Hot Water,Planned,05/15/25,09:00 AM,05/15/25 04:11 PM,1,27,77
THROGGS NECK - Building 07,2730 DEWEY AVENUE,"BRONX, NY 10465",Hot Water,Planned,05/14/25,09:00 AM,05/14/25 05:15 PM,1,27,62
THROGGS NECK - Building 10,2770 DEWEY AVENUE,"BRONX, NY 10465",Hot Water,Planned,05/14/25,09:00 AM,05/14/25 05:02 PM,1,70,125
THROGGS NECK - Building 04,2761 SAMPSON AVENUE,"BRONX, NY 10465",Hot Water,Planned,05/13/25,09:00 AM,05/13/25 06:30 PM,1,70,114
THROGGS NECK - Building 03,2751 SAMPSON AVENUE,"BRONX, NY 10465",Hot Water,Planned,05/13/25,09:00 AM,05/13/25 06:04 PM,1,70,110
THROGGS NECK - Building 02,2743 SAMPSON AVENUE,"BRONX, NY 10465",Hot Water,Planned,05/12/25,09:00 AM,05/12/25 05:34 PM,1,18,43
THROGGS NECK - Entire Development,2731 SAMPSON AVENUE,"BRONX, NY 10465",Hot Water,Planned,05/06/25,09:00 AM,05/06/25 08:09 PM,34,"1,185","2,311"
THROGGS NECK - Entire Development,2731 SAMPSON AVENUE,"BRONX, NY 10465",Hot Water,Planned,05/05/25,09:00 AM,05/05/25 06:52 PM,34,"1,185","2,311"
THROGGS NECK - Entire Development,2731 SAMPSON AVENUE,"BRONX, NY 10465",Heat,Unplanned,04/11/25,10:38 AM,04/12/25 04:45 AM,34,"1,185","2,311"
THROGGS NECK - Entire Development,2731 SAMPSON AVENUE,"BRONX, NY 10465",Hot Water,Unplanned,04/11/25,10:38 AM,04/12/25 04:37 AM,34,"1,185","2,311"
THROGGS NECK,Sectional,,Hot Water,Unplanned,03/20/25,10:00 AM,03/20/25 03:56 PM,,,
THROGGS NECK,Sectional,,Heat,Unplanned,03/20/25,10:00 AM,03/20/25 03:12 PM,,,
THROGGS NECK - Entire Development,2731 SAMPSON AVENUE,"BRONX, NY 10465",Heat,Planned,03/19/25,09:00 AM,03/19/25 12:59 PM,34,"1,185","2,311"
THROGGS NECK - Entire Development,2731 SAMPSON AVENUE,"BRONX, NY 10465",Hot Water,Planned,03/19/25,09:00 AM,03/19/25 07:16 PM,34,"1,185","2,311"
THROGGS NECK - Building 29,2790 RANDALL AVENUE,"BRONX, NY 10465",Hot Water,Planned,03/14/25,09:00 AM,03/14/25 05:15 PM,1,65,108
THROGGS NECK,Sectional,,Heat,Unplanned,02/10/25,01:07 PM,02/10/25 08:52 PM,,,
THROGGS NECK,Sectional,,Hot Water,Unplanned,02/10/25,01:07 PM,02/10/25 08:41 PM,,,
THROGGS NECK ADDITION - Entire Development,680 BALCOM AVENUE,"BRONX, NY 10465",Hot Water,Unplanned,12/11/24,08:00 AM,12/11/24 08:04 PM,4,287,627
THROGGS NECK ADDITION - Building 30,680 BALCOM AVENUE,"BRONX, NY 10465",Hot Water,Planned,11/18/24,01:45 PM,11/18/24 11:48 PM,1,56,122
THROGGS NECK ADDITION - Entire Development,680 BALCOM AVENUE,"BRONX, NY 10465",Hot Water,Unplanned,10/25/24,09:00 AM,10/25/24 08:24 PM,4,287,627
THROGGS NECK ADDITION - Building 30,680 BALCOM AVENUE,"BRONX, NY 10465",Hot Water,Planned,05/06/25,09:30 AM,05/06/25 10:31 PM,1,56,122
THROGGS NECK ADDITION - Building 30,680 BALCOM AVENUE,"BRONX, NY 10465",Hot Water,Unplanned,04/21/25,11:00 AM,04/21/25 09:05 PM,1,56,122
THROGGS NECK ADDITION - Building 30,680 BALCOM AVENUE,"BRONX, NY 10465",Hot Water,Planned,04/18/25,09:00 AM,04/19/25 01:32 AM,1,56,122
THROGGS NECK ADDITION - Building 32,560 BALCOM AVENUE,"BRONX, NY 10465",Hot Water,Planned,04/17/25,09:00 AM,04/17/25 04:26 PM,1,119,268
THROGGS NECK ADDITION - Building 31,2745 SCHLEY AVENUE,"BRONX, NY 10465",Hot Water,Planned,03/10/25,09:00 AM,03/10/25 10:55 PM,1,56,112
THROGGS NECK ADDITION - Building 33,2755 DEWEY AVENUE,"BRONX, NY 10465",Hot Water,Planned,03/10/25,09:00 AM,03/10/25 10:50 PM,1,56,125
THROGGS NECK ADDITION - Building 30,680 BALCOM AVENUE,"BRONX, NY 10465",Hot Water,Planned,03/06/25,09:00 AM,03/06/25 03:53 PM,1,56,122
THROGGS NECK ADDITION - Entire Development,680 BALCOM AVENUE,"BRONX, NY 10465",Hot Water,Unplanned,01/15/25,05:40 PM,01/15/25 09:42 PM,4,287,627
THROGGS NECK ADDITION - Entire Development,680 BALCOM AVENUE,"BRONX, NY 10465",Heat,Unplanned,01/15/25,05:40 PM,01/15/25 09:35 PM,4,287,627
TILDEN - Building 02,330 DUMONT AVENUE,"BROOKLYN, NY 11212",Hot Water,Unplanned,12/31/24,04:26 PM,12/31/24 10:11 PM,1,125,287
TILDEN - Entire Development,300 DUMONT AVENUE,"BROOKLYN, NY 11212",Heat,Unplanned,12/21/24,07:50 AM,12/21/24 02:23 PM,9,998,"2,285"
TILDEN - Entire Development,300 DUMONT AVENUE,"BROOKLYN, NY 11212",Hot Water,Unplanned,12/21/24,07:50 AM,12/21/24 02:21 PM,9,998,"2,285"
TILDEN - Entire Development,300 DUMONT AVENUE,"BROOKLYN, NY 11212",Heat,Unplanned,11/29/24,04:25 PM,11/29/24 10:30 PM,9,998,"2,285"
TILDEN - Entire Development,300 DUMONT AVENUE,"BROOKLYN, NY 11212",Hot Water,Unplanned,11/29/24,04:25 PM,11/29/24 10:24 PM,9,998,"2,285"
TILDEN - Entire Development,300 DUMONT AVENUE,"BROOKLYN, NY 11212",Heat,Unplanned,11/22/24,10:00 AM,11/22/24 04:20 PM,9,998,"2,285"
TILDEN - Entire Development,300 DUMONT AVENUE,"BROOKLYN, NY 11212",Hot Water,Unplanned,11/21/24,12:00 PM,11/21/24 10:03 PM,9,998,"2,285"
TILDEN - Entire Development,300 DUMONT AVENUE,"BROOKLYN, NY 11212",Heat,Unplanned,11/21/24,12:00 PM,11/21/24 09:56 PM,9,998,"2,285"
TILDEN - Building 01,300 DUMONT AVENUE,"BROOKLYN, NY 11212",Hot Water,Unplanned,11/17/24,08:30 AM,11/17/24 05:06 PM,1,123,278
TILDEN - Building 07,305 LIVONIA AVENUE,"BROOKLYN, NY 11212",Hot Water,Unplanned,10/22/24,09:00 AM,10/22/24 03:25 PM,1,126,275
TILDEN - Entire Development,300 DUMONT AVENUE,"BROOKLYN, NY 11212",Hot Water,Unplanned,10/12/24,12:07 AM,10/12/24 03:07 AM,9,998,"2,285"
TILDEN - Entire Development,300 DUMONT AVENUE,"BROOKLYN, NY 11212",Hot Water,Unplanned,04/22/25,06:36 PM,04/23/25 12:18 AM,9,998,"2,285"
TILDEN - Entire Development,300 DUMONT AVENUE,"BROOKLYN, NY 11212",Heat,Unplanned,03/13/25,09:00 PM,03/14/25 02:18 AM,9,998,"2,285"
TILDEN - Entire Development,300 DUMONT AVENUE,"BROOKLYN, NY 11212",Hot Water,Unplanned,03/13/25,09:00 PM,03/14/25 02:09 AM,9,998,"2,285"
TILDEN - Entire Development,300 DUMONT AVENUE,"BROOKLYN, NY 11212",Heat,Unplanned,02/18/25,04:30 PM,02/18/25 09:33 PM,9,998,"2,285"
TILDEN - Entire Development,300 DUMONT AVENUE,"BROOKLYN, NY 11212",Hot Water,Unplanned,02/04/25,08:12 PM,02/05/25 12:40 AM,9,998,"2,285"
TILDEN - Entire Development,300 DUMONT AVENUE,"BROOKLYN, NY 11212",Heat,Unplanned,02/04/25,08:12 PM,02/05/25 12:25 AM,9,998,"2,285"
TILDEN - Entire Development,300 DUMONT AVENUE,"BROOKLYN, NY 11212",Hot Water,Unplanned,01/11/25,07:28 AM,01/11/25 12:53 PM,9,998,"2,285"
TILDEN - Entire Development,300 DUMONT AVENUE,"BROOKLYN, NY 11212",Heat,Unplanned,01/11/25,07:34 AM,01/11/25 12:50 PM,9,998,"2,285"
TODT HILL - Building 07,176 SCHMIDTS LANE,"STATEN ISLAND, NY 10314",Hot Water,Planned,03/27/25,09:00 AM,03/27/25 12:35 PM,1,72,142
TODT HILL - Building 06,34 LAGUARDIA AVE,"STATEN ISLAND, NY 10314",Hot Water,Planned,03/24/25,09:00 AM,03/24/25 01:50 PM,1,72,141
TODT HILL - Building 03,275 WESTWOOD AVENUE,"STATEN ISLAND, NY 10314",Hot Water,Planned,03/21/25,09:00 AM,03/21/25 02:15 PM,1,72,133
TODT HILL - Building 02,791 MANOR ROAD,"STATEN ISLAND, NY 10314",Hot Water,Planned,03/19/25,09:00 AM,03/19/25 01:47 PM,1,72,123
TODT HILL - Building 01,761 MANOR ROAD,"STATEN ISLAND, NY 10314",Hot Water,Planned,03/17/25,09:00 AM,03/17/25 01:48 PM,1,72,126
TOMPKINS - Entire Development,65 TOMPKINS AVENUE,"BROOKLYN, NY 11206",Hot Water,Planned,11/07/24,09:40 AM,11/07/24 02:05 PM,9,"1,046","2,395"
TOMPKINS - Entire Development,65 TOMPKINS AVENUE,"BROOKLYN, NY 11206",Heat,Unplanned,11/03/24,08:46 AM,11/03/24 04:10 PM,9,"1,046","2,395"
TOMPKINS - Entire Development,65 TOMPKINS AVENUE,"BROOKLYN, NY 11206",Hot Water,Unplanned,11/03/24,08:45 AM,11/03/24 03:48 PM,9,"1,046","2,395"
TOMPKINS - Entire Development,65 TOMPKINS AVENUE,"BROOKLYN, NY 11206",Hot Water,Unplanned,10/30/24,02:30 AM,10/30/24 12:02 PM,9,"1,046","2,395"
TOMPKINS - Entire Development,65 TOMPKINS AVENUE,"BROOKLYN, NY 11206",Hot Water,Unplanned,10/29/24,07:00 PM,10/29/24 10:54 PM,9,"1,046","2,395"
TOMPKINS - Entire Development,65 TOMPKINS AVENUE,"BROOKLYN, NY 11206",Heat,Unplanned,01/15/25,07:26 PM,01/16/25 04:42 AM,9,"1,046","2,395"
TOMPKINS - Entire Development,65 TOMPKINS AVENUE,"BROOKLYN, NY 11206",Hot Water,Unplanned,01/15/25,07:26 PM,01/16/25 04:36 AM,9,"1,046","2,395"
TOMPKINS - Building 04,200 THROOP AVENUE,"BROOKLYN, NY 11206",Hot Water,Unplanned,01/06/25,10:00 PM,01/07/25 04:11 AM,1,202,449
TWIN PARKS EAST (SITE 9) - Entire Development,2070 CLINTON AVENUE,"BRONX, NY 10457",Heat,Unplanned,04/08/25,01:30 PM,04/08/25 11:37 PM,1,219,0
TWIN PARKS EAST (SITE 9) - Entire Development,2070 CLINTON AVENUE,"BRONX, NY 10457",Heat,Planned,02/11/25,02:00 PM,02/12/25 02:20 AM,1,219,0
UNITY PLAZA (SITES 17-24-25A)2 - Entire Development,340 GEORGIA AVENUE,"BROOKLYN, NY 11207",Hot Water,Unplanned,10/06/24,02:17 PM,10/07/24 04:22 AM,3,167,366
UNITY PLAZA (SITES 17-24-25A)2 - Entire Development,340 GEORGIA AVENUE,"BROOKLYN, NY 11207",Hot Water,Planned,10/02/24,09:20 AM,10/02/24 07:31 PM,3,167,366
UNITY PLAZA (SITES 17-24-25A)2 - Entire Development,340 GEORGIA AVENUE,"BROOKLYN, NY 11207",Hot Water,Planned,05/19/25,10:20 AM,05/19/25 05:53 PM,3,167,366
UNITY PLAZA (SITES 17-24-25A)2 - Entire Development,340 GEORGIA AVENUE,"BROOKLYN, NY 11207",Hot Water,Planned,04/29/25,10:00 AM,04/29/25 08:00 PM,3,167,366
UNITY PLAZA (SITES 17-24-25A)2 - Building 03,611 BLAKE AVENUE,"BROOKLYN, NY 11207",Hot Water,Planned,04/03/25,09:00 AM,04/03/25 04:04 PM,1,55,139
UNITY PLAZA (SITES 4-27) - Entire Development,360 WILLIAMS AVENUE,"BROOKLYN, NY 11207",Hot Water,Unplanned,12/15/24,07:38 AM,12/15/24 06:41 PM,5,462,900
UNITY PLAZA (SITES 4-27) - Entire Development,360 WILLIAMS AVENUE,"BROOKLYN, NY 11207",Heat,Unplanned,12/15/24,07:38 AM,12/15/24 02:12 PM,5,462,900
UNITY PLAZA (SITES 4-27) - Entire Development,360 WILLIAMS AVENUE,"BROOKLYN, NY 11207",Hot Water,Unplanned,10/06/24,02:17 PM,10/07/24 04:29 AM,5,462,900
UNITY PLAZA (SITES 4-27) - Entire Development,360 WILLIAMS AVENUE,"BROOKLYN, NY 11207",Hot Water,Planned,10/02/24,09:20 AM,10/02/24 07:57 PM,5,462,900
UNITY PLAZA (SITES 4-27) - Building 02,400 WILLIAMS AVENUE,"BROOKLYN, NY 11207",Hot Water,Unplanned,05/22/25,02:00 PM,05/22/25 07:56 PM,1,104,197
UNITY PLAZA (SITES 4-27) - Entire Development,360 WILLIAMS AVENUE,"BROOKLYN, NY 11207",Hot Water,Planned,05/19/25,10:20 AM,05/19/25 05:53 PM,5,462,900
UNITY PLAZA (SITES 4-27) - Entire Development,360 WILLIAMS AVENUE,"BROOKLYN, NY 11207",Hot Water,Planned,04/29/25,10:00 AM,04/29/25 08:00 PM,5,462,900
UNITY PLAZA (SITES 4-27) - Building 05,391 GEORGIA AVENUE,"BROOKLYN, NY 11207",Hot Water,Unplanned,04/27/25,10:44 AM,04/27/25 09:51 PM,1,82,182
UNITY PLAZA (SITES 4-27) - Building 02,400 WILLIAMS AVENUE,"BROOKLYN, NY 11207",Hot Water,Unplanned,04/24/25,12:30 PM,04/24/25 07:43 PM,1,104,197
UNITY PLAZA (SITES 4-27) - Building 03,375 WILLIAMS AVENUE,"BROOKLYN, NY 11207",Hot Water,Planned,04/01/25,08:00 AM,04/01/25 05:37 PM,1,86,157
UNITY PLAZA (SITES 4-27) - Building 05,391 GEORGIA AVENUE,"BROOKLYN, NY 11207",Hot Water,Planned,03/04/25,10:15 AM,03/04/25 04:05 PM,1,82,182
UNITY PLAZA (SITES 4-27) - Building 05,391 GEORGIA AVENUE,"BROOKLYN, NY 11207",Hot Water,Planned,01/30/25,09:40 AM,01/30/25 03:34 PM,1,82,182
UNITY PLAZA (SITES 4-27) - Building 04,390 GEORGIA AVENUE,"BROOKLYN, NY 11207",Hot Water,Unplanned,01/05/25,09:23 AM,01/05/25 10:05 PM,1,108,213
UNITY PLAZA (SITES 4-27) - Building 03,375 WILLIAMS AVENUE,"BROOKLYN, NY 11207",Hot Water,Unplanned,01/02/25,02:00 PM,01/02/25 09:04 PM,1,86,157
UNIVERSITY AVENUE REHAB - Building 02,1875 UNIVERSITY AVENUE,"BRONX, NY 10453",Hot Water,Planned,04/28/25,09:00 AM,04/28/25 05:22 PM,1,53,0
UPACA (SITE 5) - Entire Development,1980 LEXINGTON AVENUE,"MANHATTAN, NY 10035",Heat,Unplanned,12/26/24,09:00 AM,12/26/24 06:10 PM,1,200,171
UPACA (SITE 5) - Entire Development,1980 LEXINGTON AVENUE,"MANHATTAN, NY 10035",Heat,Planned,02/27/25,09:00 AM,02/27/25 03:14 PM,1,200,171
UPACA (SITE 5) - Entire Development,1980 LEXINGTON AVENUE,"MANHATTAN, NY 10035",Heat,Unplanned,01/30/25,05:00 PM,01/31/25 03:12 AM,1,200,171
UPACA (SITE 5) - Entire Development,1980 LEXINGTON AVENUE,"MANHATTAN, NY 10035",Heat,Planned,01/29/25,09:00 AM,01/29/25 05:30 PM,1,200,171
UPACA (SITE 5) - Entire Development,1980 LEXINGTON AVENUE,"MANHATTAN, NY 10035",Hot Water,Unplanned,01/28/25,11:30 AM,01/28/25 09:35 PM,1,200,171
UPACA (SITE 5) - Building 01,1980 LEXINGTON AVENUE,"NEW YORK, NY 10035",Heat,Unplanned,01/09/25,03:00 PM,01/09/25 08:01 PM,1,200,171
UPACA (SITE 5) - Entire Development,1980 LEXINGTON AVENUE,"MANHATTAN, NY 10035",Hot Water,Unplanned,01/06/25,02:00 PM,01/06/25 10:56 PM,1,200,171
UPACA (SITE 5) - Entire Development,1980 LEXINGTON AVENUE,"MANHATTAN, NY 10035",Heat,Unplanned,01/06/25,02:00 PM,01/06/25 10:30 PM,1,200,171
VAN DYKE I,Sectional,,Hot Water,Planned,12/17/24,08:32 AM,12/17/24 03:06 PM,,,
VAN DYKE I,Sectional,,Heat,Planned,12/17/24,08:32 AM,12/17/24 02:09 PM,,,
VAN DYKE I - Entire Development,414 SUTTER AVENUE,"BROOKLYN, NY 11212",Hot Water,Planned,05/28/25,09:30 AM,05/28/25 04:17 PM,23,"1,603","3,254"
VAN DYKE I - Entire Development,414 SUTTER AVENUE,"BROOKLYN, NY 11212",Heat,Planned,04/16/25,08:30 AM,04/16/25 05:39 PM,23,"1,603","3,254"
VAN DYKE I - Entire Development,414 SUTTER AVENUE,"BROOKLYN, NY 11212",Hot Water,Planned,04/16/25,08:30 AM,04/16/25 05:38 PM,23,"1,603","3,254"
VAN DYKE I - Entire Development,414 SUTTER AVENUE,"BROOKLYN, NY 11212",Hot Water,Unplanned,04/14/25,09:00 AM,04/14/25 03:40 PM,23,"1,603","3,254"
VAN DYKE I,Sectional,,Hot Water,Planned,04/07/25,10:00 AM,04/07/25 01:10 PM,,,
VAN DYKE I,Sectional,,Heat,Planned,04/07/25,10:00 AM,04/07/25 01:09 PM,,,
VAN DYKE I - Entire Development,414 SUTTER AVENUE,"BROOKLYN, NY 11212",Hot Water,Planned,04/03/25,09:00 AM,04/03/25 02:49 PM,23,"1,603","3,254"
VAN DYKE I - Entire Development,414 SUTTER AVENUE,"BROOKLYN, NY 11212",Heat,Planned,04/03/25,09:00 AM,04/03/25 02:47 PM,23,"1,603","3,254"
VAN DYKE I - Entire Development,414 SUTTER AVENUE,"BROOKLYN, NY 11212",Hot Water,Unplanned,03/23/25,01:26 PM,03/23/25 07:37 PM,23,"1,603","3,254"
VAN DYKE I - Entire Development,414 SUTTER AVENUE,"BROOKLYN, NY 11212",Heat,Unplanned,03/23/25,01:26 PM,03/23/25 07:35 PM,23,"1,603","3,254"
VAN DYKE I,Sectional,,Hot Water,Planned,03/17/25,10:40 AM,03/17/25 07:08 PM,,,
VAN DYKE I - Entire Development,414 SUTTER AVENUE,"BROOKLYN, NY 11212",Hot Water,Unplanned,03/11/25,07:00 AM,03/11/25 04:06 PM,23,"1,603","3,254"
VAN DYKE I - Entire Development,414 SUTTER AVENUE,"BROOKLYN, NY 11212",Hot Water,Unplanned,03/10/25,07:00 PM,03/10/25 09:57 PM,23,"1,603","3,254"
VAN DYKE I - Entire Development,414 SUTTER AVENUE,"BROOKLYN, NY 11212",Heat,Planned,03/04/25,10:30 AM,03/04/25 10:21 PM,23,"1,603","3,254"
VAN DYKE I - Building 01,414 SUTTER AVENUE,"BROOKLYN, NY 11212",Hot Water,Planned,02/27/25,10:00 AM,02/27/25 01:09 PM,1,112,212
VAN DYKE I - Entire Development,414 SUTTER AVENUE,"BROOKLYN, NY 11212",Hot Water,Unplanned,01/07/25,06:15 AM,01/07/25 12:20 PM,23,"1,603","3,254"
VAN DYKE I - Entire Development,414 SUTTER AVENUE,"BROOKLYN, NY 11212",Heat,Unplanned,01/07/25,06:15 AM,01/07/25 12:12 PM,23,"1,603","3,254"
VAN DYKE II - Entire Development,430 DUMONT AVENUE,"BROOKLYN, NY 11212",Hot Water,Planned,05/28/25,09:30 AM,05/28/25 04:18 PM,1,112,126
VAN DYKE II - Entire Development,430 DUMONT AVENUE,"BROOKLYN, NY 11212",Heat,Planned,04/16/25,08:30 AM,04/16/25 05:50 PM,1,112,126
VAN DYKE II - Entire Development,430 DUMONT AVENUE,"BROOKLYN, NY 11212",Hot Water,Planned,04/16/25,08:30 AM,04/16/25 05:43 PM,1,112,126
VAN DYKE II - Entire Development,430 DUMONT AVENUE,"BROOKLYN, NY 11212",Hot Water,Unplanned,04/14/25,09:00 AM,04/14/25 03:40 PM,1,112,126
VAN DYKE II - Entire Development,430 DUMONT AVENUE,"BROOKLYN, NY 11212",Hot Water,Planned,04/03/25,09:00 AM,04/03/25 02:48 PM,1,112,126
VAN DYKE II - Entire Development,430 DUMONT AVENUE,"BROOKLYN, NY 11212",Heat,Planned,04/03/25,09:00 AM,04/03/25 02:47 PM,1,112,126
VAN DYKE II - Entire Development,430 DUMONT AVENUE,"BROOKLYN, NY 11212",Heat,Planned,03/18/25,10:36 AM,03/18/25 02:24 PM,1,112,126
VAN DYKE II - Entire Development,430 DUMONT AVENUE,"BROOKLYN, NY 11212",Hot Water,Planned,03/18/25,10:36 AM,03/18/25 02:23 PM,1,112,126
VAN DYKE II - Entire Development,430 DUMONT AVENUE,"BROOKLYN, NY 11212",Heat,Planned,03/04/25,10:30 AM,03/04/25 09:54 PM,1,112,126
VANDALIA AVENUE - Building 02,77 VANDALIA AVENUE,"BROOKLYN, NY 11239",Heat,Unplanned,12/13/24,03:30 PM,12/13/24 07:30 PM,1,147,161
VANDALIA AVENUE - Entire Development,17 VANDALIA AVENUE,"BROOKLYN, NY 11239",Heat,Planned,03/19/25,08:30 AM,03/19/25 03:51 PM,3,293,320
VANDALIA AVENUE - Entire Development,17 VANDALIA AVENUE,"BROOKLYN, NY 11239",Hot Water,Planned,01/02/25,08:15 AM,01/02/25 10:26 PM,3,293,320
VLADECK - Building 20,367 MADISON STREET,"NEW YORK, NY 10002",Hot Water,Planned,04/24/25,08:57 AM,04/24/25 04:03 PM,1,60,105
VLADECK - Building 09,636 WATER STREET,"NEW YORK, NY 10002",Hot Water,Unplanned,04/21/25,06:11 PM,04/21/25 11:19 PM,1,60,99
VLADECK - Building 08,650 WATER STREET,"NEW YORK, NY 10002",Hot Water,Planned,04/18/25,08:00 AM,04/18/25 02:49 PM,1,60,116
VLADECK - Building 11,662 WATER STREET,"NEW YORK, NY 10002",Hot Water,Planned,04/18/25,08:00 AM,04/18/25 02:01 PM,1,60,111
VLADECK,Sectional,,Hot Water,Planned,02/26/25,09:00 AM,02/26/25 05:52 PM,,,
VLADECK,Sectional,,Heat,Planned,02/26/25,09:00 AM,02/26/25 03:01 PM,,,
VLADECK - Building 15,372 MADISON STREET,"NEW YORK, NY 10002",Hot Water,Unplanned,02/10/25,11:00 AM,02/10/25 08:01 PM,1,108,148
VLADECK - Entire Development,70 GOUVERNEUR STREET,"NEW YORK, NY 10002",Heat,Unplanned,01/08/25,06:01 PM,01/09/25 12:19 AM,20,"1,531","2,525"
VLADECK - Entire Development,70 GOUVERNEUR STREET,"NEW YORK, NY 10002",Hot Water,Unplanned,01/08/25,06:01 PM,01/09/25 12:16 AM,20,"1,531","2,525"
VLADECK II - Building 21,28 JACKSON STREET,"NEW YORK, NY 10002",Hot Water,Planned,04/24/25,11:00 AM,04/24/25 04:33 PM,1,60,124
VLADECK II - Building 23,40 JACKSON STREET,"NEW YORK, NY 10002",Hot Water,Unplanned,02/11/25,10:24 AM,02/11/25 07:29 PM,1,60,113
WAGNER - Entire Development,90 PALADINO AVENUE,"NEW YORK, NY 10035",Heat,Unplanned,12/29/24,03:14 PM,12/30/24 12:01 AM,23,"2,162","4,077"
WAGNER - Building 17,2385 1ST AVENUE,"NEW YORK, NY 10035",Hot Water,Unplanned,12/30/24,03:30 PM,12/30/24 11:13 PM,1,55,85
WAGNER - Entire Development,90 PALADINO AVENUE,"NEW YORK, NY 10035",Hot Water,Unplanned,12/29/24,03:14 PM,12/30/24 04:19 AM,23,"2,162","4,077"
WAGNER - Building 07,50 PALADINO AVENUE,"NEW YORK, NY 10035",Hot Water,Planned,12/09/24,09:15 AM,12/09/24 07:20 PM,1,121,253
WAGNER - Building 15,2375 1ST AVENUE,"NEW YORK, NY 10035",Hot Water,Unplanned,11/29/24,07:00 AM,11/29/24 05:28 PM,1,125,226
WAGNER - Building 22,2400 2ND AVENUE,"NEW YORK, NY 10035",Hot Water,Unplanned,11/13/24,05:00 PM,11/13/24 11:30 PM,1,125,236
WAGNER - Building 06,60 PALADINO AVENUE,"NEW YORK, NY 10035",Hot Water,Unplanned,11/09/24,07:10 PM,11/10/24 03:15 AM,1,52,93
WAGNER - Building 06,60 PALADINO AVENUE,"NEW YORK, NY 10035",Hot Water,Unplanned,10/29/24,09:30 AM,10/29/24 08:37 PM,1,52,93
WAGNER - Building 10,40 PALADINO AVENUE,"NEW YORK, NY 10035",Hot Water,Unplanned,10/06/24,10:11 AM,10/06/24 09:40 PM,1,54,86
WAGNER - Building 04,445 EAST 120TH STREET,"NEW YORK, NY 10035",Hot Water,Unplanned,10/01/24,10:00 AM,10/01/24 09:45 PM,1,122,259
WAGNER - Entire Development,90 PALADINO AVENUE,"NEW YORK, NY 10035",Hot Water,Planned,04/15/25,08:15 AM,04/15/25 04:54 PM,23,"2,162","4,077"
WAGNER - Building 22,2400 2ND AVENUE,"NEW YORK, NY 10035",Hot Water,Unplanned,03/15/25,09:00 AM,03/15/25 11:00 PM,1,125,236
WAGNER - Building 20,2405 1ST AVENUE,"NEW YORK, NY 10035",Hot Water,Unplanned,03/15/25,08:01 AM,03/15/25 09:54 PM,1,125,251
WAGNER,Sectional,,Hot Water,Planned,03/14/25,08:00 AM,03/14/25 07:23 PM,,,
WAGNER,Sectional,,Hot Water,Planned,03/11/25,08:15 AM,03/11/25 06:11 PM,,,
WAGNER - Entire Development,90 PALADINO AVENUE,"NEW YORK, NY 10035",Heat,Unplanned,01/09/25,02:45 AM,01/09/25 05:47 AM,23,"2,162","4,077"
WAGNER - Entire Development,90 PALADINO AVENUE,"NEW YORK, NY 10035",Hot Water,Unplanned,01/04/25,12:03 PM,01/04/25 07:12 PM,23,"2,162","4,077"
WAGNER - Entire Development,90 PALADINO AVENUE,"NEW YORK, NY 10035",Heat,Unplanned,01/04/25,12:03 PM,01/04/25 06:50 PM,23,"2,162","4,077"
WALD - Building 14,691 FDR DRIVE,"NEW YORK, NY 10009",Hot Water,Planned,11/13/24,11:00 AM,11/13/24 06:05 PM,1,125,228
WALD - Building 10,920 EAST 6TH STREET,"NEW YORK, NY 10009",Hot Water,Planned,10/22/24,09:00 AM,10/22/24 03:22 PM,1,117,206
WALD - Building 11,484 EAST HOUSTON STREET,"NEW YORK, NY 10002",Hot Water,Unplanned,10/20/24,10:00 AM,10/20/24 03:52 PM,1,125,255
WALD - Building 12,950 EAST 4TH WALK,"NEW YORK, NY 10009",Hot Water,Planned,04/18/25,09:00 AM,04/18/25 03:25 PM,1,126,247
WALD - Building 04,50 AVENUE D,"NEW YORK, NY 10009",Hot Water,Planned,04/10/25,09:00 AM,04/10/25 06:59 PM,1,130,234
WALD - Building 04,50 AVENUE D,"NEW YORK, NY 10009",Hot Water,Planned,03/17/25,05:32 PM,03/17/25 06:06 PM,1,130,234
WALD - Building 15,709 FDR DRIVE,"NEW YORK, NY 10009",Hot Water,Planned,03/17/25,05:11 PM,03/17/25 05:32 PM,1,125,248
WALD - Building 16,725 FDR DRIVE,"NEW YORK, NY 10009",Hot Water,Planned,03/17/25,09:25 AM,03/17/25 05:19 PM,1,98,181
WALD - Building 07,890 EAST 6TH STREET,"NEW YORK, NY 10009",Hot Water,Planned,03/14/25,09:19 AM,03/14/25 03:46 PM,1,117,236
WALD - Building 08,930 EAST 4TH WALK,"NEW YORK, NY 10009",Hot Water,Planned,03/13/25,09:00 AM,03/13/25 05:38 PM,1,130,225
WALD - Building 14,691 FDR DRIVE,"NEW YORK, NY 10009",Hot Water,Planned,03/11/25,09:00 AM,03/11/25 03:32 PM,1,125,228
WALD - Building 12,950 EAST 4TH WALK,"NEW YORK, NY 10009",Hot Water,Planned,03/10/25,10:16 AM,03/10/25 05:24 PM,1,126,247
WASHINGTON - Building 10,230 EAST 102ND STREET,"NEW YORK, NY 10029",Hot Water,Unplanned,11/24/24,05:06 PM,11/25/24 01:36 AM,1,110,243
WASHINGTON - Building 10,230 EAST 102ND STREET,"NEW YORK, NY 10029",Hot Water,Unplanned,05/16/25,10:00 AM,05/16/25 12:05 PM,1,110,243
WASHINGTON - Building 10,230 EAST 102ND STREET,"NEW YORK, NY 10029",Hot Water,Unplanned,05/12/25,08:00 AM,05/12/25 07:00 PM,1,110,243
WASHINGTON - Entire Development,1761 3RD AVENUE,"NEW YORK, NY 10029",Hot Water,Unplanned,05/09/25,06:40 AM,05/09/25 04:46 PM,15,"1,515","3,078"
WASHINGTON,Sectional,,Hot Water,Planned,05/05/25,09:00 AM,05/05/25 08:02 PM,,,
WASHINGTON - Entire Development,1761 3RD AVENUE,"NEW YORK, NY 10029",Hot Water,Unplanned,04/22/25,08:15 AM,04/22/25 07:53 PM,15,"1,515","3,078"
WASHINGTON - Entire Development,1761 3RD AVENUE,"NEW YORK, NY 10029",Hot Water,Unplanned,04/06/25,08:54 AM,04/06/25 03:32 PM,15,"1,515","3,078"
WASHINGTON - Entire Development,1761 3RD AVENUE,"NEW YORK, NY 10029",Heat,Unplanned,04/06/25,08:54 AM,04/06/25 03:19 PM,15,"1,515","3,078"
WASHINGTON - Building 05,225 EAST 99TH STREET,"NEW YORK, NY 10029",Hot Water,Unplanned,03/19/25,09:00 AM,03/19/25 09:46 PM,1,110,221
WASHINGTON - Building 05,225 EAST 99TH STREET,"NEW YORK, NY 10029",Hot Water,Unplanned,03/18/25,05:21 PM,03/18/25 09:28 PM,1,110,221
WASHINGTON - Building 13,1875 3RD AVENUE,"NEW YORK, NY 10029",Hot Water,Planned,03/17/25,09:00 AM,03/17/25 05:26 PM,1,110,231
WASHINGTON - Entire Development,1761 3RD AVENUE,"NEW YORK, NY 10029",Hot Water,Unplanned,03/03/25,08:01 PM,03/04/25 03:33 AM,15,"1,515","3,078"
WASHINGTON - Entire Development,1761 3RD AVENUE,"NEW YORK, NY 10029",Heat,Unplanned,03/03/25,08:01 PM,03/04/25 03:15 AM,15,"1,515","3,078"
WASHINGTON - Entire Development,1761 3RD AVENUE,"NEW YORK, NY 10029",Hot Water,Unplanned,03/02/25,08:04 PM,03/03/25 12:30 AM,15,"1,515","3,078"
WASHINGTON - Entire Development,1761 3RD AVENUE,"NEW YORK, NY 10029",Heat,Unplanned,03/02/25,08:04 PM,03/03/25 12:26 AM,15,"1,515","3,078"
WASHINGTON - Entire Development,1761 3RD AVENUE,"NEW YORK, NY 10029",Hot Water,Unplanned,03/03/25,02:18 AM,03/03/25 07:59 AM,15,"1,515","3,078"
WASHINGTON - Entire Development,1761 3RD AVENUE,"NEW YORK, NY 10029",Heat,Unplanned,03/03/25,02:18 AM,03/03/25 07:52 AM,15,"1,515","3,078"
WASHINGTON - Building 03,1895 2ND AVENUE,"NEW YORK, NY 10029",Hot Water,Unplanned,02/09/25,03:42 PM,02/10/25 02:38 AM,1,109,193
WASHINGTON - Building 13,1875 3RD AVENUE,"NEW YORK, NY 10029",Hot Water,Unplanned,01/07/25,03:30 PM,01/07/25 06:40 PM,1,110,231
WASHINGTON - Building 07,1809 3RD AVENUE,"NEW YORK, NY 10029",Hot Water,Unplanned,01/04/25,04:00 PM,01/05/25 06:39 AM,1,110,254
WEBSTER - Building 02,420 EAST 169TH STREET,"BRONX, NY 10456",Hot Water,Unplanned,10/08/24,06:15 PM,10/09/24 01:54 AM,1,122,224
WEBSTER - Entire Development,1270 WEBSTER AVENUE,"BRONX, NY 10456",Hot Water,Unplanned,05/11/25,05:04 PM,05/11/25 10:53 PM,6,606,"1,396"
WEBSTER - Building 04,421 EAST 168TH STREET,"BRONX, NY 10456",Hot Water,Planned,03/20/25,09:15 AM,03/20/25 01:37 PM,1,121,313
WEBSTER - Building 01,1270 WEBSTER AVENUE,"BRONX, NY 10456",Hot Water,Planned,03/19/25,09:15 AM,03/19/25 04:08 PM,1,120,226
WEBSTER - Building 05,1230 WEBSTER AVENUE,"BRONX, NY 10456",Hot Water,Planned,03/19/25,09:15 AM,03/19/25 04:07 PM,1,120,242
WEBSTER - Building 02,420 EAST 169TH STREET,"BRONX, NY 10456",Hot Water,Planned,03/18/25,09:19 AM,03/18/25 03:49 PM,1,122,224
WEBSTER - Building 03,1260 WEBSTER AVENUE,"BRONX, NY 10456",Hot Water,Planned,03/18/25,09:20 AM,03/18/25 02:55 PM,1,123,391
WEBSTER - Entire Development,1270 WEBSTER AVENUE,"BRONX, NY 10456",Hot Water,Unplanned,03/17/25,04:30 PM,03/17/25 11:09 PM,6,606,"1,396"
WEBSTER - Entire Development,1270 WEBSTER AVENUE,"BRONX, NY 10456",Hot Water,Unplanned,01/09/25,05:47 PM,01/10/25 03:39 AM,6,606,"1,396"
WEBSTER - Entire Development,1270 WEBSTER AVENUE,"BRONX, NY 10456",Heat,Unplanned,01/09/25,05:47 PM,01/10/25 02:13 AM,6,606,"1,396"
WEBSTER - Entire Development,1270 WEBSTER AVENUE,"BRONX, NY 10456",Hot Water,Unplanned,01/05/25,04:18 PM,01/05/25 09:55 PM,6,606,"1,396"
WEBSTER - Entire Development,1270 WEBSTER AVENUE,"BRONX, NY 10456",Heat,Unplanned,01/05/25,04:18 PM,01/05/25 09:50 PM,6,606,"1,396"
WEST TREMONT AVENUE-SEDGWICK AVENUE AREA - Entire Development,228 WEST TREMONT AVENUE,"BRONX, NY 10453",Heat,Unplanned,12/05/24,09:00 AM,12/05/24 03:39 PM,1,148,31
WEST TREMONT AVENUE-SEDGWICK AVENUE AREA - Entire Development,228 WEST TREMONT AVENUE,"BRONX, NY 10453",Hot Water,Planned,03/31/25,09:00 AM,03/31/25 09:45 PM,1,148,31
WEST TREMONT AVENUE-SEDGWICK AVENUE AREA - Entire Development,228 WEST TREMONT AVENUE,"BRONX, NY 10453",Hot Water,Planned,03/06/25,09:00 AM,03/06/25 03:19 PM,1,148,31
WHITE - Entire Development,2029 2ND AVENUE,"NEW YORK, NY 10029",Hot Water,Planned,03/26/25,08:00 AM,03/26/25 09:00 PM,1,248,0
WHITMAN - Entire Development,131 CUMBERLAND WALK,"BROOKLYN, NY 11205",Hot Water,Unplanned,05/22/25,08:20 PM,05/23/25 02:42 AM,18,"1,659","3,300"
WHITMAN - Entire Development,131 CUMBERLAND WALK,"BROOKLYN, NY 11205",Hot Water,Planned,05/21/25,09:24 AM,05/21/25 02:45 PM,18,"1,659","3,300"
WHITMAN - Entire Development,131 CUMBERLAND WALK,"BROOKLYN, NY 11205",Hot Water,Unplanned,05/14/25,06:06 AM,05/14/25 01:53 PM,18,"1,659","3,300"
WHITMAN - Entire Development,131 CUMBERLAND WALK,"BROOKLYN, NY 11205",Hot Water,Unplanned,05/10/25,07:16 AM,05/10/25 03:20 PM,18,"1,659","3,300"
WHITMAN - Entire Development,131 CUMBERLAND WALK,"BROOKLYN, NY 11205",Hot Water,Unplanned,04/30/25,05:02 AM,04/30/25 11:32 AM,18,"1,659","3,300"
WHITMAN - Entire Development,131 CUMBERLAND WALK,"BROOKLYN, NY 11205",Hot Water,Unplanned,04/15/25,06:25 AM,04/15/25 01:21 PM,18,"1,659","3,300"
WHITMAN - Entire Development,131 CUMBERLAND WALK,"BROOKLYN, NY 11205",Heat,Unplanned,03/20/25,05:00 AM,03/20/25 12:57 PM,18,"1,659","3,300"
WHITMAN,Sectional,,Hot Water,Unplanned,03/20/25,06:12 PM,03/20/25 11:18 PM,,,
WHITMAN,Sectional,,Heat,Unplanned,03/20/25,06:12 PM,03/20/25 11:13 PM,,,
WHITMAN - Entire Development,131 CUMBERLAND WALK,"BROOKLYN, NY 11205",Hot Water,Unplanned,03/20/25,05:00 AM,03/20/25 03:14 PM,18,"1,659","3,300"
WILSON - Entire Development,405 EAST 105TH STREET,"NEW YORK, NY 10029",Heat,Unplanned,12/14/24,09:32 AM,12/14/24 10:39 PM,3,398,"1,018"
WILSON - Entire Development,405 EAST 105TH STREET,"NEW YORK, NY 10029",Hot Water,Unplanned,12/14/24,08:30 AM,12/14/24 10:37 PM,3,398,"1,018"
WILSON - Entire Development,405 EAST 105TH STREET,"NEW YORK, NY 10029",Heat,Unplanned,12/11/24,08:25 PM,12/12/24 01:56 AM,3,398,"1,018"
WILSON - Entire Development,405 EAST 105TH STREET,"NEW YORK, NY 10029",Hot Water,Unplanned,12/11/24,08:25 PM,12/12/24 01:40 AM,3,398,"1,018"
WILSON - Entire Development,405 EAST 105TH STREET,"NEW YORK, NY 10029",Hot Water,Unplanned,05/18/25,02:24 PM,05/19/25 02:30 AM,3,398,"1,018"
WILSON - Entire Development,405 EAST 105TH STREET,"NEW YORK, NY 10029",Hot Water,Unplanned,05/17/25,04:40 PM,05/17/25 09:17 PM,3,398,"1,018"
WILSON - Entire Development,405 EAST 105TH STREET,"NEW YORK, NY 10029",Hot Water,Planned,03/26/25,08:00 AM,03/26/25 09:09 PM,3,398,"1,018"
WILSON - Entire Development,405 EAST 105TH STREET,"NEW YORK, NY 10029",Hot Water,Unplanned,03/02/25,05:42 AM,03/02/25 12:21 PM,3,398,"1,018"
WILSON - Entire Development,405 EAST 105TH STREET,"NEW YORK, NY 10029",Heat,Unplanned,03/02/25,05:42 AM,03/02/25 10:58 AM,3,398,"1,018"
WILSON - Entire Development,405 EAST 105TH STREET,"NEW YORK, NY 10029",Heat,Unplanned,02/19/25,01:45 PM,02/20/25 02:32 AM,3,398,"1,018"
WILSON - Entire Development,405 EAST 105TH STREET,"NEW YORK, NY 10029",Hot Water,Unplanned,02/19/25,01:45 PM,02/19/25 11:31 PM,3,398,"1,018"
WILSON - Building 01,405 EAST 105TH STREET,"NEW YORK, NY 10029",Heat,Planned,02/04/25,11:15 AM,02/04/25 02:32 PM,1,152,382
WILSON - Entire Development,405 EAST 105TH STREET,"NEW YORK, NY 10029",Hot Water,Unplanned,02/01/25,11:56 AM,02/01/25 09:42 PM,3,398,"1,018"
WILSON - Entire Development,405 EAST 105TH STREET,"NEW YORK, NY 10029",Heat,Unplanned,02/01/25,11:56 AM,02/01/25 09:11 PM,3,398,"1,018"
WILSON - Entire Development,405 EAST 105TH STREET,"NEW YORK, NY 10029",Hot Water,Unplanned,01/18/25,05:16 PM,01/18/25 11:56 PM,3,398,"1,018"
WILSON - Entire Development,405 EAST 105TH STREET,"NEW YORK, NY 10029",Heat,Unplanned,01/18/25,05:16 PM,01/18/25 11:52 PM,3,398,"1,018"
WILSON - Entire Development,405 EAST 105TH STREET,"NEW YORK, NY 10029",Hot Water,Unplanned,01/18/25,07:28 AM,01/18/25 04:06 PM,3,398,"1,018"
WILSON - Entire Development,405 EAST 105TH STREET,"NEW YORK, NY 10029",Heat,Unplanned,01/18/25,07:28 AM,01/18/25 02:41 PM,3,398,"1,018"
WOODSIDE - Building 17,50-30 BROADWAY,"WOODSIDE, NY 11377",Hot Water,Unplanned,12/08/24,11:00 AM,12/09/24 02:05 AM,1,96,134
WOODSIDE - Entire Development,31-05 49TH STREET,"WOODSIDE, NY 11377",Hot Water,Unplanned,12/02/24,08:15 AM,12/02/24 04:59 PM,20,"1,357","2,614"
WOODSIDE - Entire Development,31-05 49TH STREET,"WOODSIDE, NY 11377",Heat,Unplanned,12/02/24,08:15 AM,12/02/24 04:49 PM,20,"1,357","2,614"
WOODSIDE - Building 18,50-50 BROADWAY,"WOODSIDE, NY 11377",Hot Water,Planned,04/03/25,09:00 AM,04/03/25 04:09 PM,1,72,149
WOODSIDE - Building 20,50-41 NEWTOWN ROAD,"WOODSIDE, NY 11377",Hot Water,Planned,04/03/25,09:00 AM,04/03/25 04:08 PM,1,69,139
WOODSIDE - Building 19,50-25 NEWTOWN ROAD,"WOODSIDE, NY 11377",Hot Water,Planned,04/03/25,09:00 AM,04/03/25 04:07 PM,1,72,146
WOODSIDE - Building 17,50-30 BROADWAY,"WOODSIDE, NY 11377",Hot Water,Planned,04/03/25,09:00 AM,04/03/25 04:06 PM,1,96,134
WOODSIDE - Building 16,50-14 BROADWAY,"WOODSIDE, NY 11377",Hot Water,Planned,04/03/25,09:00 AM,04/03/25 04:05 PM,1,72,114
WOODSIDE - Building 13,50-17 BROADWAY,"WOODSIDE, NY 11377",Hot Water,Unplanned,03/31/25,09:00 AM,03/31/25 09:41 PM,1,72,151
WOODSIDE - Building 15,31-76 51ST STREET,"WOODSIDE, NY 11377",Hot Water,Unplanned,03/29/25,07:34 AM,03/29/25 03:25 PM,1,68,145
WOODSIDE - Building 14,50-29 BROADWAY,"WOODSIDE, NY 11377",Hot Water,Planned,03/27/25,09:00 AM,03/27/25 03:52 PM,1,44,84
WOODSIDE - Building 13,50-17 BROADWAY,"WOODSIDE, NY 11377",Hot Water,Planned,03/27/25,09:00 AM,03/27/25 03:52 PM,1,72,151
WOODSIDE - Building 12,49-15 BROADWAY,"WOODSIDE, NY 11377",Hot Water,Planned,03/27/25,09:00 AM,03/27/25 03:52 PM,1,48,91
WOODSIDE - Building 11,31-58 51ST STREET,"WOODSIDE, NY 11377",Hot Water,Planned,03/27/25,09:00 AM,03/27/25 03:51 PM,1,72,142
WOODSIDE - Building 10,50-03 BROADWAY,"WOODSIDE, NY 11377",Hot Water,Planned,03/27/25,09:00 AM,03/27/25 03:50 PM,1,72,137
WOODSIDE - Building 07,31-49 49TH STREET,"WOODSIDE, NY 11377",Hot Water,Planned,03/13/25,09:00 AM,03/13/25 08:17 PM,1,48,78
WOODSIDE - Building 08,31-50 51ST STREET,"WOODSIDE, NY 11377",Hot Water,Planned,03/13/25,09:00 AM,03/13/25 08:07 PM,1,48,120
WOODSIDE - Building 06,31-34 51ST STREET,"WOODSIDE, NY 11377",Hot Water,Planned,03/13/25,09:00 AM,03/13/25 08:05 PM,1,72,125
WOODSIDE - Building 05,50-14 31ST AVENUE,"WOODSIDE, NY 11377",Hot Water,Planned,03/13/25,09:15 AM,03/13/25 08:05 PM,1,72,142
WOODSIDE - Building 04,31-23 49TH STREET,"WOODSIDE, NY 11377",Hot Water,Planned,03/12/25,09:00 AM,03/12/25 04:07 PM,1,72,147
WOODSIDE - Building 02,50-10 31ST AVENUE,"WOODSIDE, NY 11377",Hot Water,Planned,03/12/25,09:00 AM,03/12/25 04:04 PM,1,72,133
WOODSIDE - Building 01,31-05 49TH STREET,"WOODSIDE, NY 11377",Hot Water,Planned,03/12/25,09:00 AM,03/12/25 04:00 PM,1,72,128
WOODSIDE - Building 03,50-28 31ST AVENUE,"WOODSIDE, NY 11377",Hot Water,Planned,03/12/25,09:00 AM,03/12/25 03:29 PM,1,72,155
WOODSIDE - Building 15,31-76 51ST STREET,"WOODSIDE, NY 11377",Hot Water,Unplanned,03/06/25,10:30 AM,03/06/25 08:42 PM,1,68,145
WOODSIDE - Building 15,31-76 51ST STREET,"WOODSIDE, NY 11377",Heat,Unplanned,03/06/25,10:30 AM,03/06/25 06:57 PM,1,68,145
WOODSIDE - Building 14,50-29 BROADWAY,"WOODSIDE, NY 11377",Hot Water,Unplanned,03/05/25,09:00 AM,03/05/25 11:47 PM,1,44,84
WOODSIDE - Building 14,50-29 BROADWAY,"WOODSIDE, NY 11377",Hot Water,Unplanned,03/04/25,02:43 PM,03/04/25 09:35 PM,1,44,84
WOODSIDE - Building 14,50-29 BROADWAY,"WOODSIDE, NY 11377",Hot Water,Unplanned,02/25/25,03:03 PM,02/25/25 09:19 PM,1,44,84
WOODSIDE - Building 16,50-14 BROADWAY,"WOODSIDE, NY 11377",Hot Water,Planned,02/14/25,11:15 AM,02/14/25 10:26 PM,1,72,114
WOODSON - Entire Development,393 POWELL STREET,"BROOKLYN, NY 11212",Hot Water,Unplanned,10/07/24,03:30 PM,10/07/24 07:29 PM,2,407,453
WSUR (BROWNSTONES),Sectional,,Hot Water,Planned,12/30/24,09:00 AM,12/30/24 12:56 PM,,,
WSUR (BROWNSTONES),Sectional,,Heat,Unplanned,12/20/24,05:30 PM,12/21/24 06:05 AM,,,
WSUR (BROWNSTONES),Sectional,,Hot Water,Unplanned,12/20/24,05:30 PM,12/21/24 05:58 AM,,,
WSUR (BROWNSTONES) - Building 25,70 WEST 91ST STREET,"NEW YORK, NY 10024",Hot Water,Unplanned,11/15/24,08:00 PM,11/16/24 06:19 PM,1,6,6
WSUR (BROWNSTONES) - Building 16,32 WEST 91ST STREET,"NEW YORK, NY 10024",Hot Water,Unplanned,11/16/24,12:00 AM,11/16/24 06:18 PM,1,6,3
WSUR (BROWNSTONES) - Building 16,32 WEST 91ST STREET,"NEW YORK, NY 10024",Heat,Unplanned,11/16/24,12:00 AM,11/16/24 04:59 PM,1,6,3
WSUR (BROWNSTONES) - Building 25,70 WEST 91ST STREET,"NEW YORK, NY 10024",Heat,Unplanned,11/15/24,08:00 PM,11/16/24 04:12 PM,1,6,6
WSUR (BROWNSTONES),Sectional,,Hot Water,Planned,10/30/24,09:45 AM,10/30/24 09:41 PM,,,
WSUR (BROWNSTONES),Sectional,,Hot Water,Planned,10/29/24,09:05 AM,10/29/24 05:56 PM,,,
WSUR (BROWNSTONES),Sectional,,Hot Water,Unplanned,10/08/24,09:00 AM,10/08/24 02:31 PM,,,
WSUR (BROWNSTONES) - Building 35,49 WEST 89TH STREET,"NEW YORK, NY 10024",Hot Water,Planned,05/06/25,09:00 AM,05/06/25 07:01 PM,1,10,10
WSUR (BROWNSTONES),Sectional,,Heat,Unplanned,03/24/25,07:00 AM,03/24/25 09:39 PM,,,
WSUR (BROWNSTONES),Sectional,,Hot Water,Planned,03/04/25,09:00 AM,03/04/25 02:47 PM,,,
WSUR (SITE A) 120 WEST 94TH STREET - Building 03,120 WEST 94TH STREET,"NEW YORK, NY 10025",Hot Water,Planned,12/31/24,11:30 AM,12/31/24 03:32 PM,1,70,137
WSUR (SITE A) 120 WEST 94TH STREET - Building 03,120 WEST 94TH STREET,"NEW YORK, NY 10025",Heat,Planned,12/31/24,11:30 AM,12/31/24 03:05 PM,1,70,137
WSUR (SITE A) 120 WEST 94TH STREET - Entire Development,120 WEST 94TH STREET,"NEW YORK, NY 10025",Heat,Unplanned,11/15/24,08:00 PM,11/16/24 04:23 PM,1,70,137
WSUR (SITE A) 120 WEST 94TH STREET - Entire Development,120 WEST 94TH STREET,"NEW YORK, NY 10025",Hot Water,Unplanned,11/16/24,12:00 AM,11/16/24 04:16 PM,1,70,137
WSUR (SITE B) 74 WEST 92ND STREET - Entire Development,74 WEST 92ND STREET,"NEW YORK, NY 10025",Heat,Unplanned,11/16/24,12:00 AM,11/16/24 04:50 PM,1,168,305
WSUR (SITE B) 74 WEST 92ND STREET - Entire Development,74 WEST 92ND STREET,"NEW YORK, NY 10025",Hot Water,Unplanned,11/15/24,08:00 PM,11/16/24 04:44 PM,1,168,305
WSUR (SITE C) 589 AMSTERDAM AVENUE - Building 01,589 AMSTERDAM AVENUE,"NEW YORK, NY 10024",Hot Water,Planned,12/30/24,09:00 AM,12/30/24 05:13 PM,1,158,293
WSUR (SITE C) 589 AMSTERDAM AVENUE - Entire Development,589 AMSTERDAM AVENUE,"NEW YORK, NY 10024",Heat,Unplanned,11/15/24,08:00 PM,11/16/24 03:38 PM,1,158,293
WSUR (SITE C) 589 AMSTERDAM AVENUE - Entire Development,589 AMSTERDAM AVENUE,"NEW YORK, NY 10024",Hot Water,Unplanned,11/15/24,08:00 PM,11/16/24 03:23 PM,1,158,293
WSUR (SITE C) 589 AMSTERDAM AVENUE - Entire Development,589 AMSTERDAM AVENUE,"NEW YORK, NY 10024",Hot Water,Planned,10/20/24,12:00 PM,10/20/24 05:57 PM,1,158,293
WSUR (SITE C) 589 AMSTERDAM AVENUE - Entire Development,589 AMSTERDAM AVENUE,"NEW YORK, NY 10024",Hot Water,Unplanned,05/01/25,09:00 AM,05/01/25 09:00 PM,1,158,293
WYCKOFF GARDENS - Entire Development,130 3RD AVENUE,"BROOKLYN, NY 11217",Heat,Unplanned,12/23/24,08:00 PM,12/24/24 02:03 AM,3,529,941
WYCKOFF GARDENS - Entire Development,130 3RD AVENUE,"BROOKLYN, NY 11217",Hot Water,Unplanned,12/23/24,08:00 PM,12/24/24 01:56 AM,3,529,941
WYCKOFF GARDENS - Entire Development,130 3RD AVENUE,"BROOKLYN, NY 11217",Hot Water,Unplanned,10/27/24,12:30 PM,10/27/24 07:26 PM,3,529,941
WYCKOFF GARDENS - Building 02,185 NEVINS STREET,"BROOKLYN, NY 11217",Hot Water,Unplanned,10/24/24,12:00 PM,10/24/24 09:32 PM,1,174,310
WYCKOFF GARDENS - Building 02,185 NEVINS STREET,"BROOKLYN, NY 11217",Hot Water,Unplanned,10/20/24,09:10 AM,10/20/24 03:39 PM,1,174,310
WYCKOFF GARDENS - Entire Development,130 3RD AVENUE,"BROOKLYN, NY 11217",Hot Water,Unplanned,05/10/25,04:01 AM,05/10/25 10:59 PM,3,529,941
WYCKOFF GARDENS - Building 02,185 NEVINS STREET,"BROOKLYN, NY 11217",Hot Water,Planned,04/02/25,10:04 AM,04/02/25 04:06 PM,1,174,310
WYCKOFF GARDENS - Building 01,130 3RD AVENUE,"BROOKLYN, NY 11217",Hot Water,Planned,04/02/25,10:02 AM,04/02/25 04:01 PM,1,175,316
WYCKOFF GARDENS - Building 03,272 WYCKOFF STREET,"BROOKLYN, NY 11217",Hot Water,Planned,04/02/25,10:00 AM,04/02/25 04:00 PM,1,180,315
WYCKOFF GARDENS - Entire Development,130 3RD AVENUE,"BROOKLYN, NY 11217",Heat,Unplanned,04/01/25,04:28 AM,04/01/25 03:27 PM,3,529,941
WYCKOFF GARDENS - Entire Development,130 3RD AVENUE,"BROOKLYN, NY 11217",Hot Water,Unplanned,04/01/25,04:28 AM,04/01/25 02:03 PM,3,529,941
WYCKOFF GARDENS - Entire Development,130 3RD AVENUE,"BROOKLYN, NY 11217",Hot Water,Unplanned,03/19/25,06:35 AM,03/19/25 04:09 PM,3,529,941
WYCKOFF GARDENS - Building 02,185 NEVINS STREET,"BROOKLYN, NY 11217",Hot Water,Unplanned,03/18/25,08:00 AM,03/18/25 02:47 PM,1,174,310
WYCKOFF GARDENS - Entire Development,130 3RD AVENUE,"BROOKLYN, NY 11217",Hot Water,Unplanned,03/14/25,08:00 AM,03/14/25 04:36 PM,3,529,941
WYCKOFF GARDENS - Entire Development,130 3RD AVENUE,"BROOKLYN, NY 11217",Heat,Unplanned,03/14/25,08:00 AM,03/14/25 04:34 PM,3,529,941
WYCKOFF GARDENS - Building 02,185 NEVINS STREET,"BROOKLYN, NY 11217",Hot Water,Unplanned,03/07/25,08:00 AM,03/07/25 05:21 PM,1,174,310
